#블록:메시지:조각	JP	KO
03db30:0:0	本体ＲＡＭのバックアップの準備がまだできていません	본체 ＲＡＭ의 백업 준비가 아직 되어 있지 않습니다
03db30:0:1	セガサターン本体の保存データ管理画面で、すべての記録を消してください（初期化してください）	세가새턴 본체의 저장 데이터 관리 화면에서 모든 기록을 지워 주십시오（초기화해 주십시오）
03db30:2:0	この記録を更新して\nよろしいですか？	이 기록을 갱신해도\n괜찮습니까？
03db30:3:0	は　いいいえ	예　　아니오
03db30:6:0	新しい記録を保存するための\n空き容量がありません。	새 기록을 저장할\n빈 용량이 없습니다.
03db30:6:1	新しい記録を保存するためには\n３６の空き容量が必要です	새 기록을 저장하려면\n３６의 빈 용량이 필요합니다
03db30:7:0	ロードに失敗しました	로드에 실패했습니다
03db30:8:0	ゲームの記録を保存中です\n電源を切ると正しく保存できない\n恐れがあります	게임 기록을 저장하는 중입니다\n전원을 끄면 제대로 저장되지 않을\n우려가 있습니다
03db30:10:0	セーブに失敗しました	세이브에 실패했습니다
03db30:11:0	カートリッジＲＡＭが\n接続されていません	카트리지 ＲＡＭ이\n연결되어 있지 않습니다
03db30:12:0	読み込める記録が\n１つもありません	불러올 수 있는 기록이\n하나도 없습니다
03db30:13:0	読み込める記録が\n１つもありません	불러올 수 있는 기록이\n하나도 없습니다
03db30:14:0	カートリッジＲＡＭのバックアップの準備がまだできていません	카트리지 ＲＡＭ의 백업 준비가 아직 되어 있지 않습니다
03db30:14:1	セガサターン本体の保存データ管理画面で、すべての記録を消してください（初期化してください）	세가새턴 본체의 저장 데이터 관리 화면에서 모든 기록을 지워 주십시오（초기화해 주십시오）
03db30:15:0	正常に保存されました	정상적으로 저장되었습니다
03db30:16:0	保存できる数は１２個までです	저장할 수 있는 수는 １２개까지입니다
03db30:17:0	ゲームをスタートできない\n記録があります	게임을 시작할 수 없는\n기록이 있습니다
03db30:17:1	この記録を削除します	이 기록을 삭제합니다
03db30:18:0	削除に失敗しました	삭제에 실패했습니다
03db30:44:0	カシム\nナーシャ\nオルガ\nヴェストリル	카심\n나샤\n올가\n베스트릴
03db30:43:0	カシム\nナーシャ\nオルガ\nヴェストリル	카심\n나샤\n올가\n베스트릴
03db30:19:0	カシムを削除しました	카심을 삭제했습니다
03db30:20:0	ナーシャを削除しました	나샤를 삭제했습니다
03db30:21:0	オルガを削除しました	올가를 삭제했습니다
03db30:22:0	ヴェストリルを削除しました	베스트릴을 삭제했습니다
03db30:23:0	名前　：　{name:0f00}\n属性　：　	이름　：　{name:0f00}\n속성　：
03db30:24:0	年齢　：　	나이　：
03db30:25:0	\nパーティーの内容\n	\n파티 구성\n
03db30:27:0	盗賊\n	도적\n
03db30:28:0	魔術師\n	마술사\n
03db30:29:0	剣士\n	검사\n
03db30:30:0	僧侶\n	승려\n
03db30:31:0	５歳	５살
03db30:32:0	１０歳	１０살
03db30:33:0	１５歳	１５살
03db30:34:0	第２部	제２부
03db30:35:0	　　　　　カシム\n	　　　　　카심\n
03db30:36:0	　　　　　ナーシャ\n	　　　　　나샤\n
03db30:37:0	　　　　　オルガ\n	　　　　　올가\n
03db30:38:0	　　　　　ヴェストリル\n	　　　　　베스트릴\n
03db30:42:0	全アイテムを消去しました。	모든 아이템을 삭제했습니다.
03f6d8:0:0	本体ＲＡＭのバックアップの準備がまだできていません	본체 ＲＡＭ의 백업 준비가 아직 되어 있지 않습니다
03f6d8:0:1	セガサターン本体の保存データ管理画面で、すべての記録を消してください（初期化してください）	세가새턴 본체의 저장 데이터 관리 화면에서 모든 기록을 지워 주십시오（초기화해 주십시오）
03f6d8:2:0	この記録を更新して\nよろしいですか？	이 기록을 갱신해도\n괜찮습니까？
03f6d8:3:0	は　いいいえ	예　　아니오
03f6d8:6:0	新しい記録を保存するための\n空き容量がありません。	새 기록을 저장할\n빈 용량이 없습니다.
03f6d8:6:1	新しい記録を保存するためには\n３６の空き容量が必要です	새 기록을 저장하려면\n３６의 빈 용량이 필요합니다
03f6d8:7:0	ロードに失敗しました	로드에 실패했습니다
03f6d8:8:0	ゲームの記録を保存中です\n電源を切ると正しく保存できない\n恐れがあります	게임 기록을 저장하는 중입니다\n전원을 끄면 제대로 저장되지 않을\n우려가 있습니다
03f6d8:10:0	セーブに失敗しました	세이브에 실패했습니다
03f6d8:11:0	カートリッジＲＡＭが\n接続されていません	카트리지 ＲＡＭ이\n연결되어 있지 않습니다
03f6d8:12:0	読み込める記録が\n１つもありません	불러올 수 있는 기록이\n하나도 없습니다
03f6d8:16:0	誰を追加しますか？	누구를 추가하겠습니까？
03f6d8:44:0	カシム\nナーシャ\nオルガ\nヴェストリル	카심\n나샤\n올가\n베스트릴
03f6d8:13:0	ナーシャを追加しました	나샤를 추가했습니다
03f6d8:14:0	オルガを追加しました	올가를 추가했습니다
03f6d8:15:0	ヴェストリルを追加しました	베스트릴을 추가했습니다
03f6d8:18:0	誰を削除しますか？	누구를 삭제하겠습니까？
03f6d8:43:0	カシム\nナーシャ\nオルガ\nヴェストリル	카심\n나샤\n올가\n베스트릴
03f6d8:19:0	カシムを削除しました	카심을 삭제했습니다
03f6d8:20:0	ナーシャを削除しました	나샤를 삭제했습니다
03f6d8:21:0	オルガを削除しました	올가를 삭제했습니다
03f6d8:22:0	ヴェストリルを削除しました	베스트릴을 삭제했습니다
03f6d8:23:0	名前　：　{name:0f00}\n属性　：　	이름　：　{name:0f00}\n속성　：
03f6d8:24:0	年齢　：　	나이　：
03f6d8:25:0	\nパーティーの内容\n	\n파티 구성\n
03f6d8:27:0	盗賊\n	도적\n
03f6d8:28:0	魔術師\n	마술사\n
03f6d8:29:0	剣士\n	검사\n
03f6d8:30:0	僧侶\n	승려\n
03f6d8:31:0	５歳	５살
03f6d8:32:0	１０歳	１０살
03f6d8:33:0	１５歳	１５살
03f6d8:34:0	第２部	제２부
03f6d8:35:0	　　　　　カシム\n	　　　　　카심\n
03f6d8:36:0	　　　　　ナーシャ\n	　　　　　나샤\n
03f6d8:37:0	　　　　　オルガ\n	　　　　　올가\n
03f6d8:38:0	　　　　　ヴェストリル\n	　　　　　베스트릴\n
03f6d8:42:0	全アイテムを消去しました。	모든 아이템을 삭제했습니다.
0af67c:2:0	うう‥寒い寒い\nこう冷えこんじゃあ\nたまらねえよな	으으‥ 춥다 추워\n이렇게 추워서야\n견딜 수가 있나
0af67c:2:1	あんたも歳だからねえ\n心臓とまんないように\n気をつけたほうがいいよ	당신도 나이가 있으니\n심장 멎지 않게\n조심하는 게 좋을 거야
0af67c:2:2	そのくらいで\nマーシュが死ぬかしら	그 정도로\n마시가 죽겠어?
0af67c:2:3	きゃははは‥\n酔って転んで頭うっても\n大丈夫だもんね	꺄하하하‥\n취해서 넘어져 머리를 박아도\n괜찮을 거야 그치
0af67c:2:4	ちっ‥\n好き勝手いいやがって	쳇‥\n멋대로들 지껄이긴
0af67c:2:5	ん？　なんだ‥ありゃあ	응？　뭐야‥ 저건
0af67c:2:6	ちっ‥捨て子か\nああ‥イヤだイヤだ	쳇‥ 버려진 애잖아\n아아‥ 싫다 싫어
0af67c:2:7	これ以上\n食いぶち増やされて\nたまるかってんだ！	여기서 더\n먹여 살릴 입이 늘어나는 건\n못 참는다고！
0af67c:2:8	ねえ　リンダ？	있지　린다？
0af67c:2:9	な‥なによ　突然‥‥	뭐‥ 뭐야　갑자기‥‥
0af67c:2:10	赤ちゃん欲しくない？	아기 갖고 싶지 않아？
0af67c:2:11	ええッ！？\nなに言い出すかと思えば\nバッカじゃないの‥‥	뭐어！？\n무슨 말을 하나 했더니\n바보 아냐‥‥
0af67c:2:12	おらッ　行くぞ！\n寒くって　かなわねえや	자　가자！\n추워서　못 견디겠다
0af67c:2:13	聖夜のにぎわいも\nこの歳になると\nつらいだけじゃ‥‥	성야의 떠들썩함도\n이 나이가 되면\n괴로울 뿐이지‥‥
0af67c:2:14	身よりのない年寄りなぞ\n誰も相手にゃしてくれぬ	의지할 데 없는 늙은이 따위\n아무도 상대해 주지 않아
0af67c:2:15	わしもおまえも\n本当に歳をとりすぎた\n歳をとりすぎたよ‥‥	나도 너도\n정말 나이를 너무 먹었구나\n나이를 너무 먹었어‥‥
0af67c:2:16	どうした‥チャック？\n‥‥行くぞ	왜 그러냐‥ 척？\n‥‥가자
0af67c:10:0	くっ‥くくく‥‥\n見つけたぞ	크윽‥ 크크크‥‥\n찾았다
0af67c:10:1	{c:07}忍者\n{c:0f}	{c:07}닌자\n{c:0f}
0af67c:10:2	ギア様は\n所在を報告するだけで良いと\n申されたが‥‥さあて‥‥	기어 님은\n행방을 보고만 하면 된다고\n하셨지만‥‥ 자아 그럼‥‥
0af67c:10:3	待て待て待て待てぃっ！	거기 서 서 서 서라잇！
0af67c:10:4	怪しい野郎が\n神聖な場所で\n物騒な物もってやがる！	수상한 녀석이\n신성한 곳에서\n흉흉한 물건을 들고 있잖아！
0af67c:10:5	何してやがんでぇっ！	뭘 하고 있는 거냐앗！
0af67c:10:6	待ちゃあがれっ\nこの野郎！	거기 서랏\n이 자식！
0af67c:3:0	{c:07}マーシュ\n{c:0f}	{c:07}마시\n{c:0f}
0af67c:41:0	{c:07}オリベラ\n{c:0f}	{c:07}올리베라\n{c:0f}
0af67c:42:0	{c:07}リンダ\n{c:0f}	{c:07}린다\n{c:0f}
0af67c:43:0	{c:07}ユキ\n{c:0f}	{c:07}유키\n{c:0f}
0af67c:44:0	{c:07}グレゴリー爺さん\n{c:0f}	{c:07}그레고리 할아범\n{c:0f}
0af67c:45:0	{c:07}マクガイア\n{c:0f}	{c:07}맥과이어\n{c:0f}
0af67c:46:0	{c:07}シスターマリア\n{c:0f}	{c:07}시스터 마리아\n{c:0f}
0afd78:2:0	あーっ！\nうっとうしいっ！！	아ー 진짜！\n짜증 나！！
0afd78:2:1	お‥おまえら‥‥\nちょっと待てッ	너‥ 너희들‥‥\n잠깐 기다려
0afd78:2:2	そこをおどきッ！	거기 비켜！
0afd78:2:3	い‥行くんじゃない	가‥ 가지 마
0afd78:2:4	ど・い・て・ッ・！	비・키・라・고・！
0afd78:2:5	なあんだ\n赤ん坊じゃない	뭐야\n아기잖아
0afd78:2:6	なるほどねえ‥‥	그렇구나‥‥
0afd78:2:7	この子が泣かなかったら\n凍え死んでたところだよ	이 애가 울지 않았으면\n얼어 죽었을 거야
0afd78:2:8	な‥なんだ？\n俺を責めるのか！？	뭐‥ 뭐야？\n날 탓하는 거냐！？
0afd78:2:9	赤ん坊なんて\nめんどっちいだけじゃ\nねえか‥‥	아기 따위\n귀찮기만\n할 뿐이잖아‥‥
0afd78:2:10	あいかわらず\nお困りだねえ‥この人は	여전히\n곤란한 사람이라니까‥ 이 사람은
0afd78:2:11	かわいい赤ちゃんッ！\nよちよち\n泣かない泣かない‥‥	귀여운 아가！\n오구오구\n울지 마 울지 마‥‥
0afd78:2:12	見て見てッ　オリベラ！	이거 봐 이거 봐　올리베라！
0afd78:2:13	おやおや‥‥	어머어머‥‥
0afd78:2:14	‥‥ッ！！	‥‥읏！！
0afd78:2:15	ちょっとッ\nこれ見てちょうだい！	잠깐\n이것 좀 봐 줘！
0afd78:2:16	金塊と短剣‥‥？	금괴하고 단검‥‥？
0afd78:2:17	マーシュ‥‥	마시‥‥
0afd78:2:18	ひょっとするとこの子は\nとんだ拾いもんかも\nしれないよ	어쩌면 이 애는\n엄청난 걸 주운 건지도\n모르겠어
0afd78:2:19	ああ‥‥	아아‥‥
0afd78:2:20	それに\nめんどうの種かもな	게다가\n골칫거리일지도 모르지
0afd78:2:21	ねえ‥この赤ちゃん\n連れて帰っても\nいいでしょ？	있잖아‥ 이 아기\n데려가도\n되지？
0afd78:2:22	ええっ！？\n本気なの‥ユキ？	뭐어！？\n진심이야‥ 유키？
0afd78:2:23	だって‥\nかわいいんだもの	그치만‥\n귀여운걸
0afd78:2:24	どうする‥マーシュ？	어쩔 거야‥ 마시？
0afd78:2:25	店の経営も\n楽じゃないんだろう？\nこの金塊があれば‥‥	가게 꾸려 가기도\n쉽지 않잖아？\n이 금괴가 있으면‥‥
0afd78:2:26	好きにするさ‥‥	마음대로 해‥‥
0afd78:2:27	ただしッ！\nめんどうは\nおまえ達でみるんだぞ！	단！\n뒤치다꺼리는\n너희들이 하는 거다！
0afd78:2:28	やったあーッ！！	해냈다ー！！
0afd78:2:29	もう‥\nあたしは知らないからね\nユキが世話してよ！	정말‥\n난 모른다\n유키가 돌봐！
0afd78:2:30	そうはいかないよ\nリンダ！	그렇게는 안 되지\n린다！
0afd78:2:31	あんただけ特別扱いで\nどうすんだい！？	너만 특별 대우해서\n어쩌자는 거야！？
0afd78:2:32	ああんっ、もう！\nめんどくさいったら\nありゃしないんだから！	아앙 진짜！\n귀찮아 죽겠네\n정말！
0afd78:2:33	早く帰りましょ！\n赤ちゃんが凍えちゃうわ	빨리 돌아가자！\n아기가 얼겠어
0afd78:2:34	まっ‥いっか！	뭐‥ 됐나！
0afd78:2:35	この首飾りも\nもらっちゃったしね	이 목걸이도\n챙겼으니까
0afd78:2:36	リンダーッ！！\nおいてっちまうよ～っ！	린다ー！！\n두고 간다～！
0afd78:2:37	ああんッ\n待ってよぉ！！	아앙\n기다려어！！
0afd78:12:0	はて‥？\nなにやら聞こえる気が\nするのぉ	응‥？\n뭔가 들리는 것\n같구먼
0afd78:12:1	空耳かな？	헛들었나？
0afd78:12:2	これ‥チャック！\n静かにせんかっ！	이 녀석‥ 척！\n조용히 못 하겠느냐！
0afd78:12:3	ん？　なんじゃあ？	응？　뭐여？
0afd78:12:4	おお～っ\nこりゃまたかわいらしい\n赤ん坊じゃないかっ！	오오～\n이거 참 귀여운\n아기가 아니냐！
0afd78:12:5	おお‥おお‥\n大声で泣いて\n元気な子じゃ	오오‥ 오오‥\n큰 소리로 울고\n기운찬 아이로구나
0afd78:12:6	しかし‥何の因果か‥‥	그런데‥ 무슨 운명인지‥‥
0afd78:12:7	こんな日に\n捨てられなくちゃ\nならんとはのぉ	이런 날에\n버려지지 않으면\n안 되었다니
0afd78:12:8	よしよし\nもうだいじょうぶじゃ	옳지 옳지\n이제 괜찮단다
0afd78:12:9	このグレゴリー爺さんが\nおまえを\n立派に育ててやるからな	이 그레고리 할아범이\n너를\n훌륭하게 길러 주마
0afd78:12:10	心配はいらん\n心配はいらんぞぉ	걱정 마라\n걱정할 것 없단다
0afd78:12:11	お？\nどうした‥チャック？\nさっさと行くぞ	응？\n왜 그러냐‥ 척？\n얼른 가자
0b069c:2:0	ん‥‥？	응‥‥？
0b069c:2:1	あ‥赤ん坊じゃねぇか！	아‥ 아기잖아！
0b069c:2:2	まいったなぁ\nやっかいなことに\nなったぞ‥‥	곤란하게 됐네\n귀찮은 일이\n생겼어‥‥
0b069c:2:3	まさか\n連れていくわけにも\nいかねぇしなあ‥‥	설마\n데려갈 수도\n없고‥‥
0b069c:2:4	こんな夜更けに\n何の騒ぎなのですか？	이런 깊은 밤에\n무슨 소란인가요？
0b069c:2:5	シ‥シスターッ！？	시‥ 시스터！？
0b069c:2:6	い‥いや‥それが‥‥	아‥ 아니‥ 그게‥‥
0b069c:2:7	これは‥‥	이건‥‥
0b069c:2:8	まさか‥貴方が‥‥	설마‥ 당신이‥‥
0b069c:2:9	ち‥違うんだ\n俺は‥ただ‥\n通りかかっただけで‥‥	아‥ 아니야\n난‥ 그냥‥\n지나가던 것뿐이라‥‥
0b069c:2:10	それでは\n貴方が最初に\n見つけられたのですね	그렇다면\n당신이 처음\n발견하신 거군요
0b069c:2:11	いや‥というかだな‥‥	아니‥ 그러니까‥‥
0b069c:2:12	怪しい野郎がいて‥‥\n泣き声が聞こえて‥‥\nそこにカゴがあって‥‥	수상한 녀석이 있어서‥‥\n울음소리가 들려서‥‥\n거기 바구니가 있어서‥‥
0b069c:2:13	事情はわかりませんが\n全ては‥神の思し召し	사정은 모르겠지만\n모든 것은‥ 신의 뜻
0b069c:2:14	この子は‥きっと神が\n貴方に\nお授けになった子供‥‥	이 아이는‥ 분명 신께서\n당신에게\n내려 주신 아이‥‥
0b069c:2:15	お‥おいおい‥‥\nちょっと待ってくれ	어‥ 어이어이‥‥\n잠깐만 기다려 줘
0b069c:2:16	はい‥何でしょう？	네‥ 무슨 일이시죠？
0b069c:2:17	いや‥というか‥（涙）	아니‥ 그러니까‥（눈물）
0b069c:2:18	とにかくだ！！\n俺は‥その子供とは\n無関係なんだッ！	아무튼！！\n난‥ 그 아이하고는\n아무 상관 없다고！
0b069c:2:19	そうでしょうか‥‥？	그럴까요‥‥？
0b069c:2:20	じゅうぶんに\n関わり合いをお持ちの\nご様子ですが？	충분히\n관계가 있으신\n것 같은데요？
0b069c:2:21	おお‥神よ‥‥	오오‥ 신이시여‥‥
0b069c:2:22	そう‥‥\n神は‥いつも貴方と共に\nおられます‥‥	그래요‥‥\n신께서는‥ 언제나 당신과 함께\n계십니다‥‥
0b069c:2:23	さあ‥こちらへ‥‥	자‥ 이쪽으로‥‥
0b069c:2:24	さあ	자
0b069c:2:25	うふっ‥‥	우훗‥‥
0b069c:2:26	この子が大きくなったら\nここへ\n連れていらっしゃい	이 아이가 크면\n이곳에\n데려오세요
0b069c:2:27	祝福して\nさしあげますわ	축복해\n드릴게요
0b069c:2:28	‥‥ほれた	‥‥반했어
0b069c:14:0	あら？\nこれは‥いったい‥‥	어머？\n이건‥ 대체‥‥
0b069c:14:1	まあ‥かわいそうに‥‥\nこんな晩に\n捨てられるなんて‥‥	어머‥ 가엾어라‥‥\n이런 밤에\n버려지다니‥‥
0b069c:14:2	でも‥心配は無用ですよ	하지만‥ 걱정할 것 없어요
0b069c:14:3	わけへだてなく陽の光が\n降り注ぐように神もまた\nあなたと共におられます	차별 없이 햇빛이\n쏟아지듯 신께서도\n당신과 함께 계십니다
0b069c:14:4	あなたの未来に\n幸多からんことを‥‥	당신의 미래에\n행복이 가득하기를‥‥
0b0d3c:10:0	は　いいいえ	예　　아니오
0b0d3c:101:0	{c:07}カシム\n{c:0f}	{c:07}카심\n{c:0f}
0b0d3c:102:0	{c:07}ナーシャ\n{c:0f}	{c:07}나샤\n{c:0f}
0b0d3c:103:0	{c:07}オルガ　\n{c:0f}	{c:07}올가　\n{c:0f}
0b0d3c:104:0	{c:07}ヴェストリル\n{c:0f}	{c:07}베스트릴\n{c:0f}
0b0d3c:105:0	{c:07}マーシュ\n{c:0f}	{c:07}마시\n{c:0f}
0b0d3c:106:0	{c:07}オリベラ\n{c:0f}	{c:07}올리베라\n{c:0f}
0b0d3c:107:0	{c:07}リンダ\n{c:0f}	{c:07}린다\n{c:0f}
0b0d3c:108:0	ユキ\n	유키\n
0b0d3c:109:0	{c:07}グレゴリー爺さん\n{c:0f}	{c:07}그레고리 할아범\n{c:0f}
0b0d3c:110:0	チャック\n	척\n
0b0d3c:111:0	{c:07}マクガイア\n{c:0f}	{c:07}맥과이어\n{c:0f}
0b0d3c:112:0	{c:07}マリア\n{c:0f}	{c:07}마리아\n{c:0f}
0b20b8:2:0	フラグを初期化してもいい？	플래그를 초기화해도 돼？
0b20b8:7:0	フラグを初期化しましたぁ	플래그를 초기화했어요오
0b20b8:8:0	音楽を初期化してもいいの？	음악을 초기화해도 되는 거야？
0b20b8:9:0	音楽を初期化したよ	음악을 초기화했어
0b20b8:10:0	ふふん‥来たな	흐흥‥ 왔구나
0b20b8:10:1	ＭＡＰ０１ＭＡＰ０２ＭＡＰ０３	ＭＡＰ０１ＭＡＰ０２ＭＡＰ０３
0b20b8:11:0	良く来たのぉ	잘 왔구먼
0b20b8:11:1	ＭＡＰ０４ＭＡＰ０５ＭＡＰ０６	ＭＡＰ０４ＭＡＰ０５ＭＡＰ０６
0b20b8:12:0	く、来るんじゃねえ！\nあっち行けッ！！	오, 오지 마！\n저리 가！！
0b20b8:12:1	ＭＡＰ１０ＭＡＰ１１ＭＡＰ１２	ＭＡＰ１０ＭＡＰ１１ＭＡＰ１２
0b20b8:13:0	いらっしゃい‥‥\nおまちしてましたわ	어서 오세요‥‥\n기다리고 있었어요
0b20b8:13:1	ＭＡＰ０７ＭＡＰ０８ＭＡＰ０９	ＭＡＰ０７ＭＡＰ０８ＭＡＰ０９
0b20b8:14:0	ふふん‥来たな	흐흥‥ 왔구나
0b20b8:15:0	良く来たのぉ	잘 왔구먼
0b20b8:16:0	く、来るんじゃねえ！\nあっち行けッ！！	오, 오지 마！\n저리 가！！
0b20b8:17:0	いらっしゃい‥‥\nおまちしてましたわ	어서 오세요‥‥\n기다리고 있었어요
0b20b8:19:0	ファーストイベントに\nジャンプしますよ	퍼스트 이벤트로\n점프합니다
0b20b8:23:0	{c:07}パーティー操作\n{c:0f}　カシム追加\n　ナーシャ追加\n　オルガ追加\n　ヴェストリル追加▼　削除へ	{c:07}파티 조작\n{c:0f}　카심 추가\n　나샤 추가\n　올가 추가\n　베스트릴 추가▼　삭제로
0b20b8:28:0	{c:07}パーティー操作\n{c:0f}　カシム削除\n　ナーシャ削除\n　オルガ削除\n　ヴェストリル削除▼　追加へ	{c:07}파티 조작\n{c:0f}　카심 삭제\n　나샤 삭제\n　올가 삭제\n　베스트릴 삭제▼　추가로
156584:10:0	はい\nいいえ	예\n아니오
156584:93:0	\nいらっしゃいませ～	\n어서 오세요～
156584:101:0	{c:07}マーシュ{c:0f}	{c:07}마시{c:0f}
156584:106:0	{c:07}オリベラ{c:0f}	{c:07}올리베라{c:0f}
156584:107:0	{c:07}リンダ{c:0f}	{c:07}린다{c:0f}
156584:108:0	{c:07}ユキ{c:0f}	{c:07}유키{c:0f}
156584:109:0	{c:07}グレゴリー爺さん{c:0f}	{c:07}그레고리 할아범{c:0f}
156584:110:0	{c:07}マリア{c:0f}	{c:07}마리아{c:0f}
156584:113:0	{c:07}マッセくん{c:0f}	{c:07}마세{c:0f}
156584:151:0	{c:07}トンちゃん{c:0f}	{c:07}톤{c:0f}
156584:152:0	{c:07}デーブくん{c:0f}	{c:07}데브{c:0f}
156584:153:0	{c:07}カアムちゃん{c:0f}	{c:07}카암{c:0f}
156584:154:0	{c:07}おにいさん{c:0f}	{c:07}오빠{c:0f}
156584:163:0	{c:07}おじいさん{c:0f}	{c:07}할아버지{c:0f}
156584:165:0	{c:07}町のおねえさん{c:0f}	{c:07}마을 아가씨{c:0f}
156584:166:0	{c:07}おばさん{c:0f}	{c:07}아주머니{c:0f}
156584:167:0	{c:07}おねえさん{c:0f}	{c:07}아가씨{c:0f}
156584:169:0	{c:07}カアムちゃんのお母さん{c:0f}	{c:07}카암의 어머니{c:0f}
156584:171:0	{c:07}宿屋の旅人{c:0f}	{c:07}여관의 나그네{c:0f}
156584:174:0	{c:07}ヤレムの領主{c:0f}	{c:07}야렘의 영주{c:0f}
156584:176:0	{c:07}酔っぱらい{c:0f}	{c:07}술주정뱅이{c:0f}
156584:177:0	{c:07}司祭{c:0f}	{c:07}사제{c:0f}
156584:181:0	{c:07}修道僧{c:0f}	{c:07}수도승{c:0f}
156584:182:0	{c:07}道具屋のにいちゃん{c:0f}	{c:07}도구점 형{c:0f}
156584:183:0	{c:07}武器屋のあんちゃん{c:0f}	{c:07}무기점 형씨{c:0f}
156584:184:0	{c:07}防具屋のねえちゃん{c:0f}	{c:07}방어구점 누나{c:0f}
156584:185:0	{c:07}召使い{c:0f}	{c:07}하인{c:0f}
156584:198:0	{c:07}執事{c:0f}	{c:07}집사{c:0f}
156584:199:0	{c:07}聖なる光{c:0f}	{c:07}성스러운 빛{c:0f}
156948:2:0	{c:07}　『‥くて‥‥ち！！\n　　それが‥ってもんだよなあ』\n{c:0f}　‥の‥‥‥から‥‥‥‥！！\n{c:07}　　　　　　　　　　－‥‥‥－	{c:07}　『‥고 ‥‥다！！\n　　그게 ‥라는 거지』\n{c:0f}　‥의 ‥‥에서 ‥‥‥！！\n{c:07}　　　　　　　　　　－‥‥‥－
156948:3:0	{c:07}　『‥う‥の‥‥‥！！\n　　ひと‥‥うこの‥れ‥！！』\n{c:0f}　‥の‥‥も‥っています\n{c:07}　　　　　　　　　　－‥‥‥－	{c:07}　『‥‥의 ‥‥‥！！\n　　한 ‥‥ 이 ‥‥！！』\n{c:0f}　‥의 ‥‥도 ‥고 있습니다\n{c:07}　　　　　　　　　　－‥‥‥－
156948:4:0	{c:07}　『ああ‥‥ってて‥かった\n　　‥のお‥にしてください』\n{c:0f}　‥さんのお‥に‥ちます\n{c:07}　　　　　　　　　　－‥‥‥－	{c:07}　『아아‥‥ ‥‥서 ‥았다\n　　‥의 ‥로 해 주세요』\n{c:0f}　‥ 씨의 ‥에 ‥립니다\n{c:07}　　　　　　　　　　－‥‥‥－
156948:5:0	{c:07}　『‥する‥のオアシス\n　　マーシュの‥‥へようこそ！』\n\n{c:0f}　お‥も‥めます\n{c:07}　　　　　　－マーシュの‥‥－{c:0f}	{c:07}　『‥하는 ‥의 오아시스\n　　마시의 ‥‥에 어서 오세요！』\n\n{c:0f}　‥도 ‥‥ 수 있습니다\n{c:07}　　　　　　－마시의 ‥‥－{c:0f}
156948:5:1	{c:07}　『旅する男のオアシス\n　　マーシュの宿屋へようこそ！』\n{c:0f}　お酒も飲めます\n{c:07}　　　　　　－マーシュの宿屋－	{c:07}　『여행하는 남자의 오아시스\n　　마시의 여관에 어서 오세요！』\n{c:0f}　술도 마실 수 있습니다\n{c:07}　　　　　　－마시의 여관－
156c84:0:0	いらっしゃいませ～	어서 오세요～
156c84:11:0	デーブにお店を\n手伝わせてるのよ	데브한테 가게를\n돕게 하고 있어
156c84:12:0	買い物だったら\nカウンター越しに\n話しかけてね	물건을 사려면\n카운터 너머로\n말을 걸어 줘
156c84:13:0	かってに\nうろついちゃダメだよ	멋대로\n돌아다니면 안 돼
156c84:100:0	{c:07}防具屋のねえちゃん\n{c:0f}	{c:07}방어구점 누나\n{c:0f}
156c84:100:1	お買いものですか\n何になさいます？	쇼핑하시나요\n무엇으로 하시겠어요？
156c84:100:2	何をお求めになりますか？	무엇을 찾으시나요？
156c84:100:3	は１つ\n	은(는) １개에\n
156c84:100:4	ルクソルです。\n	룩솔입니다.\n
156c84:100:5	いくつ買いますか？	몇 개 사시겠어요？
156c84:100:6	‥‥？\nお金が\n足りないようですけど‥	‥‥？\n돈이\n모자라신 것 같은데요‥
156c84:100:7	ありがとうございます\n他には‥いかがですか？	감사합니다\n다른 건‥ 어떠세요？
156c84:100:8	珍しい‥‥\nお客様の選ばれた品は\n持ちきれないようですわ	어머나‥‥\n손님이 고르신 물건은\n더 들 수 없으신 것 같네요
156c84:100:9	なにを\n売って下さいますか？	무엇을\n팔아 주시겠어요？
156c84:100:10	売れる物が\n無いみたいですけど？	팔 수 있는 물건이\n없으신 것 같은데요？
156c84:100:11	を\nいくつ売りますか？	을(를)\n몇 개 파시겠어요？
156c84:100:12	ありがとうございます	감사합니다
156c84:100:13	他に何を売りますか？	그 밖에 무엇을 파시겠어요？
156c84:100:14	‥‥？\nお金が\n足りないようですけど‥	‥‥？\n돈이\n모자라신 것 같은데요‥
156c84:100:15	またいらしてくださいね	또 들러 주세요
156c84:101:0	{c:07}武器屋のあんちゃん\n{c:0f}	{c:07}무기점 형씨\n{c:0f}
156c84:101:1	うちの品揃えは\n都の武器屋にも\n負けないよ！	우리 가게 물건은\n도성의 무기점에도\n안 뒤진다고！
156c84:101:2	何を買ってくれるんだい？	뭘 사 줄 거야？
156c84:101:3	は１つ\n	은(는) １개에\n
156c84:101:4	ルクソルです。\n	룩솔입니다.\n
156c84:101:5	いくつ買うんだい？	몇 개 살 거야？
156c84:101:6	お金が足りないよ	돈이 모자라
156c84:101:7	ありがとね\n他の品も見てみてよ	고마워\n다른 물건도 봐 봐
156c84:101:8	それ以上は持てないよ	더는 못 들어
156c84:101:9	なにを\n売ってくれる？	뭘\n팔아 줄 거야？
156c84:101:10	売れる物が\n無いみたいだけど？	팔 수 있는 물건이\n없는 것 같은데？
156c84:101:11	を\nいくつ売りますか？	을(를)\n몇 개 파시겠어요？
156c84:101:12	ありがとね	고마워
156c84:101:13	他に何を売るんだい？	또 뭘 팔 거야？
156c84:101:14	持ち金が一杯のようだね	가진 돈이 꽉 찬 것 같네
156c84:101:15	いつでものぞいてよね	언제든 들러
156c84:102:0	{c:07}道具屋のにいちゃん\n{c:0f}	{c:07}도구점 형\n{c:0f}
156c84:102:1	いらっしゃい\n何にいたします？	어서 와\n뭘로 할래？
156c84:102:2	何をお求めになりますか？	무엇을 찾으시나요？
156c84:102:3	は１つ\n	은(는) １개에\n
156c84:102:4	ルクソルです。\n	룩솔입니다.\n
156c84:102:5	いくつ買いますか？	몇 개 사시겠어요？
156c84:102:6	お金を\n払ってくれないと‥‥	돈을\n내 주지 않으면‥‥
156c84:102:7	ありがとさん\n他に必要なものは？	고맙수\n그 밖에 필요한 건？
156c84:102:8	それ以上は持てないよ	더는 못 들어
156c84:102:9	どれを売りますか？	어느 걸 팔 거야？
156c84:102:10	売れる物が\n無いみたいですけど？	팔 수 있는 물건이\n없으신 것 같은데요？
156c84:102:11	を\nいくつ売りますか？	을(를)\n몇 개 파시겠어요？
156c84:102:12	ありがとう	고마워
156c84:102:13	なにを\n売ってくれる？	뭘\n팔아 줄 거야？
156c84:102:14	持ち金が一杯ですね	가진 돈이 꽉 찼네
156c84:102:15	いつでもどうぞ	언제든 오라고
15711c:26:0	\n拾われた赤ん坊は\n{name:0700}と名付けられ\nまたたく間に５年の歳月が流れた	\n주워진 아기는\n{name:0700}(이)라 이름 붙여지고\n눈 깜짝할 새에 ５년의 세월이 흘렀다
15711c:2:0	\nやっと起きたの？	\n이제야 일어났어？
15711c:2:1	\nグーグー寝ちゃって\nガキンチョは\nいい気なもんよね	\n쿨쿨 자고 말이야\n꼬맹이는\n팔자 좋다니까
15711c:2:2	\n行きましょ‥チータン	\n가자‥ 치탄
15711c:3:0	\nおはよう\n{name:0f00}	\n좋은 아침\n{name:0f00}
15711c:4:0	\n今日は\nとってもステキな一日に\nなりそうな気がするわ	\n오늘은\n아주 멋진 하루가\n될 것 같은 느낌이야
15711c:5:0	\nおはよう\n坊やは‥この宿の子供かい？\nヤレムは‥のどかな良い町だねえ	\n안녕\n꼬마는‥ 이 여관 아이니？\n야렘은‥ 한가롭고 좋은 마을이구나
15711c:7:0	\n２階へ行って\nマーシュを\n起こしてきとくれ	\n２층에 가서\n마시를\n깨워 오렴
15711c:8:0	\nマーシュを起こしたら\n遊びに行ってもいいよ	\n마시를 깨우고 나면\n놀러 가도 돼
15711c:9:0	\nさっさと２階へ行って\nマーシュを\n起こしてきな！	\n얼른 ２층에 가서\n마시를\n깨워 와！
15711c:10:0	\nどこへ行くんだか\n知らないけど‥‥	\n어디 가는지는\n모르겠지만‥‥
15711c:10:1	\n頼まれたことも\nわかんないんだから\n困ったもんね	\n부탁받은 일도\n모르다니\n곤란하네
15711c:11:0	\nふわぁ～\nああ‥よく寝た‥‥	\n하아암～\n아아‥ 잘 잤다‥‥
15711c:11:1	\nさてと\n仕事だ‥仕事！	\n자 그럼\n일이다‥ 일！
15711c:11:2	\nふふん‥‥\nおめえも\n５歳になったんだ	\n흐흥‥‥\n너도\n５살이 됐구나
15711c:11:3	\nひとつ良いことを\n教えといてやろう	\n좋은 걸 하나\n가르쳐 주지
15711c:11:4	\n{c:0b}壁（かべ）にヒビ割れ\n扉（とびら）に仕掛け\n{c:0f}ってな	\n{c:0b}벽에는 금이 간 틈\n문에는 장치\n{c:0f}라는 거다
15711c:11:5	\n秘密を識りたけりゃ\n注意深くなれ！	\n비밀을 알고 싶으면\n주의 깊어져라！
15711c:12:0	\nいらっしゃいませ～！	\n어서 오세요～！
15711c:12:1	\nこちらへどうぞ	\n이쪽으로 오세요
15711c:13:0	\n遊びに行くのはいいけど\n人様の物に\n手を出すんじゃないよ！	\n놀러 가는 건 좋지만\n남의 물건에\n손대면 안 된다！
15711c:14:0	\nうるさいねぇ\n近よんじゃないよ！	\n시끄럽네\n가까이 오지 마！
15711c:16:0	\nモノは考えようでな\n見つからなきゃ\n何をしてもいいわけよ	\n세상일은 생각하기 나름이지\n들키지만 않으면\n뭘 해도 된다는 거야
15711c:17:0	\nなんだあ？‥‥ヒック\n酒はどした！？　酒もってこい！\n金ならねえぞ‥ツケだツケ！！	\n뭐야아？‥‥딸꾹\n술은 어쨌어！？　술 가져와！\n돈은 없어‥ 외상이다 외상！！
15711c:18:0	\nお待ちッ\n{name:0f00}！	\n거기 서\n{name:0f00}！
15711c:18:1	\nジッとしてんだよ！	\n가만히 있어！
15711c:18:2	\n‥‥やっぱりね	\n‥‥역시나
15711c:18:3	\nあとで‥ひどい目に\nあわせてやるから\n覚悟しときな	\n나중에‥ 호되게\n혼내 줄 테니까\n각오해 둬
15711c:38:0	\n悪さばっかり\nしてんじゃないよ\nこの子は‥‥	\n나쁜 짓만\n하고 다니지 마\n이 녀석은 정말‥‥
15711c:20:0	\nおかえりなさい\nなにか\nいいことあった？	\n어서 와\n뭔가\n좋은 일 있었어？
15711c:46:0	\nああーーーッ！	\n아아ーーー！
15711c:47:0	\nああーーーッ！	\n아아ーーー！
15711c:48:0	\nああーーーッ！	\n아아ーーー！
15711c:49:0	\nああーーーッ！	\n아아ーーー！
15711c:49:1	\nなんてことすんだい\nこのガキンチョは！	\n무슨 짓을 한 거야\n이 꼬맹이가！
15711c:49:2	\n大切な花ビンが\nコナゴナじゃないか！	\n소중한 꽃병이\n산산조각 났잖아！
15711c:50:0	\nなんてことすんだい\nこのガキンチョは！	\n무슨 짓을 한 거야\n이 꼬맹이가！
15711c:50:1	\n大切な花ビンが\nコナゴナじゃないか！	\n소중한 꽃병이\n산산조각 났잖아！
15711c:21:0	\nな‥なによ‥‥\nあっち行ってなさいよ！	\n뭐‥ 뭐야‥‥\n저리 가 있어！
15711c:6:0	\nな‥なんだぁ！？\nどうして\nここに入れたんだあ？	\n뭐‥ 뭐야아！？\n어떻게\n여기 들어온 거야？
15711c:23:0	\n今日もヒマで\n商売あがったりだぜ	\n오늘도 한가해서\n장사가 영 안 되네
15711c:24:0	\nああ‥‥\n終末の時が\n近づいています	\n아아‥‥\n종말의 때가\n다가오고 있습니다
15711c:24:1	\n滅びの波動に立ち向かう\n力をにないし者として\n為すべきを知りなさい	\n멸망의 파동에 맞설\n힘을 짊어진 자로서\n해야 할 일을 깨달으세요
15711c:24:2	\nそう‥\nあなただけが\n残されし唯一の希望‥	\n그래요‥\n당신만이\n남겨진 유일한 희망‥
15711c:24:3	\n信じてる‥‥\n世界を救って‥ファウ	\n믿고 있어요‥‥\n세계를 구해 줘요‥ 파우
15711c:54:0	{c:0b}ＢＥＹＯＮＤ\n{c:0f}背がとどかない！	{c:0b}ＢＥＹＯＮＤ\n{c:0f}키가 닿지 않는다！
15711c:53:0	\nおいっ‥クソガキ\nこんな所で\nなにしてやがる	\n야‥ 이 꼬맹이\n이런 데서\n뭘 하고 있어
15711c:53:1	\nくだんねえモン\n見つけやがって‥	\n쓸데없는 걸\n찾아내 가지고‥
15711c:53:2	\nロブアーティストに憧れ\n足を踏み込んだ奴なら\nこいつを知らぬ者はいねえ	\n로브아티스트를 동경해\n발을 들인 녀석이라면\n이걸 모르는 자는 없지
15711c:53:3	\n一生遊んで暮らせるほどの\n宝の在処が記されている‥	\n평생 놀고먹을 만한\n보물이 있는 곳이 적혀 있다‥
15711c:53:4	\nそんな噂に踊らされ\nやっきになったもんだ	\n그런 소문에 휘둘려\n기를 쓰고 찾았었지
15711c:53:5	\nこいつは\nお前が一人前になったら\n見せてやる	\n이건\n네가 한 사람 몫을 하게 되면\n보여 주마
1580b0:2:0	\nそれがよぉ\n大変なことが起こったんだ！	\n그게 말이야\n큰일이 났어！
1580b0:2:1	\nみんなを呼んで\nいつもの{c:07}かれ井戸{c:0f}に集合だ！	\n모두 불러서\n늘 모이던 {c:07}마른 우물{c:0f}에 집합이야！
1580b0:4:0	\nふ～ん‥かれ井戸に集合ねェ\n表に出るの\nめんどうくさいんだけどなあ	\n흐응～‥ 마른 우물에 집합이라\n밖에 나가는 거\n귀찮은데 말이야
1580b0:4:1	\nまっ‥いっか\nじゃあ‥パパに聞いて行くから\n先に行っててよ	\n뭐‥ 됐나\n그럼‥ 아빠한테 물어보고 갈 테니까\n먼저 가 있어
1580b0:5:0	\n勉強しろって‥うるさいからなあ\n遊びに行くの許してくれるかなあ\nまあ‥たぶん行くと思うよ	\n공부하라고‥ 잔소리가 심해서\n놀러 가는 거 허락해 줄까 몰라\n뭐‥ 아마 갈 수 있을 거야
1580b0:6:0	\nあれ？\nどうしたの‥{name:0f00}？	\n어라？\n무슨 일이야‥ {name:0f00}？
1580b0:6:1	\nかれ井戸に集合するんだね\nわかったよ\nじゃあ、先に行ってるね	\n마른 우물에 모이는 거구나\n알았어\n그럼 먼저 가 있을게
1580b0:7:0	\nとにかく大変なんだから\n早くみんなを集めてきてくれよ！	\n아무튼 큰일이니까\n빨리 모두를 모아 와 줘！
1580b0:8:0	\nマッセはどうした？	\n마세는 어쨌어？
1580b0:9:0	\nカアムちゃんと\n領事館のマッセくんが来てないね	\n카암하고\n영사관의 마세가 안 왔네
1580b0:10:0	\n領事館のマッセくんが来てないね	\n영사관의 마세가 안 왔네
1580b0:11:0	\nマッセくんはお父さんが恐いんだよ	\n마세는 아빠가 무섭거든
1580b0:3:0	\nえ！？\nまた‥ふとっちょデーブの\n{c:07}大変だ～{c:0f}が始まったの？	\n뭐！？\n또‥ 뚱보 데브의\n{c:07}큰일 났다～{c:0f}가 시작된 거야？
1580b0:3:1	\nわかった\nかれ井戸に行けばいいんでしょ\n先に行ってるね	\n알았어\n마른 우물로 가면 되는 거지\n먼저 가 있을게
1580b0:12:0	\nどうせまた\nたいしたことじゃないのよ	\n어차피 또\n별일 아닐 거야
1580b0:13:0	\nデーブって‥いばってるけど\n本当はとっても恐がりなの	\n데브는‥ 으스대긴 하지만\n사실은 엄청 겁쟁이야
1580b0:14:0	\nマッセくんが来たみたいだよ	\n마세가 온 것 같아
1580b0:14:1	\nなんかあったの？	\n무슨 일 있어？
1580b0:14:2	\nねえねえ‥‥\n大変なことってなに？	\n있잖아 있잖아‥‥\n큰일이라는 게 뭐야？
1580b0:14:3	\nバカ‥いつものことなんだから\nたいしたことじゃないの	\n바보‥ 늘 있는 일이니까\n별일 아니야
1580b0:14:4	\nふ～ん‥そうなの？	\n흐응～‥ 그래？
1580b0:14:5	\n‥‥そうなの！	\n‥‥그래！
1580b0:14:6	\n教会の地下室に\nユウレイが出るらしい‥‥	\n교회 지하실에\n유령이 나온대‥‥
1580b0:14:7	\nえーーーーーッ！？\nうそでしょ～？	\n뭐어ーーーー！？\n거짓말이지～？
1580b0:14:8	\nかあちゃんが言ってたよ\n青白くてボワボワしたのが\n宙にういてるのを見た人がいるって	\n엄마가 그랬어\n창백하고 흐물흐물한 게\n허공에 떠 있는 걸 본 사람이 있대
1580b0:14:9	\nねえねえ‥\nユウレイってなに‥‥？	\n있잖아‥\n유령이 뭐야‥‥？
1580b0:14:10	\nおばけよ‥おばけ！	\n귀신이야‥ 귀신！
1580b0:14:11	\nおッ‥おばけ！？	\n귀‥ 귀신！？
1580b0:14:12	\nエ～ンッ‥こわいよぅ！	\n으앙‥ 무서워어！
1580b0:14:13	\nぼ‥ぼく帰る‥‥	\n나‥ 나 집에 갈래‥‥
1580b0:14:14	\nもう‥みんな弱虫なんだから！\n男の子のくせに！	\n정말‥ 다들 겁쟁이라니까！\n남자애들이면서！
1580b0:14:15	\nじゃあ‥カアムちゃんは\nこわくないの？	\n그럼‥ 카암은\n안 무서워？
1580b0:14:16	\nわ‥わたしは女の子だからいいの！	\n나‥ 나는 여자애니까 괜찮아！
1580b0:14:17	\nふ～ん\nで‥どうすんの？	\n흐응～\n그래서‥ 어쩔 건데？
1580b0:14:18	\n誰か行って確かめてくるのよ！	\n누가 가서 확인하고 오는 거야！
1580b0:14:19	\n‥ヒック‥ぼくは絶対やだぁ！	\n‥훌쩍‥ 난 절대 싫어어！
1580b0:14:20	\nそんなのパパにしかられるよぅ	\n그런 거 하면 아빠한테 혼나아
1580b0:14:21	\nお‥おれは‥‥	\n나‥ 나는‥‥
1580b0:14:22	\nこわいんでしょ‥‥	\n무서운 거지‥‥
1580b0:14:23	\nこ‥こわくなんかねえよ！	\n무‥ 무섭긴 누가！
1580b0:14:24	\nじゃあ‥行って来なさいよぉ	\n그럼‥ 갔다 와 보든가아
1580b0:14:25	\nう‥‥	\n으‥‥
1580b0:14:26	\nわ‥わかったよ\n行ってくればいいんだろ\n‥‥くッ‥‥	\n아‥ 알았어\n갔다 오면 되잖아\n‥‥큭‥‥
1580b0:15:0	\nおばけ‥こわいよぅ‥‥	\n귀신‥ 무서워어‥‥
1580b0:16:0	\nほんとに行っちゃった‥‥\nわたし知～らない	\n진짜로 가 버렸네‥‥\n난 모～른다
1580b0:17:0	\nデーブくん‥だいじょうぶかなあ	\n데브‥ 괜찮을까
1580b0:18:0	\n‥‥どうしよう\nユウレイの話なんか\nしなきゃ良かった‥‥	\n‥‥어쩌지\n유령 얘기 같은 건\n하지 말 걸 그랬어‥‥
1580b0:19:0	\nううう‥\nやっぱ‥こわいよぅ	\n으으으‥\n역시‥ 무서워어
1580b0:24:0	ＨＯＬＥ\n{c:0f}壁に小さな穴があいている	ＨＯＬＥ\n{c:0f}벽에 작은 구멍이 나 있다
1580b0:26:0	\nねえねえ‥‥おばけいた？	\n있잖아 있잖아‥‥ 귀신 있었어？
1580b0:26:1	\nなあんだ‥いなかったのか\nつまんないの	\n뭐야‥ 없었던 거야\n시시해
1580b0:26:2	\nデーブくん‥\nどこいったのかなあ	\n데브‥\n어디 갔을까
1580b0:26:3	\nカアムちゃん‥どこいくの？	\n카암‥ 어디 가？
1580b0:26:4	\nつかれちゃったから帰る‥‥	\n피곤해서 집에 갈래‥‥
1580b0:26:5	\nじゃあ‥ぼくも帰る	\n그럼‥ 나도 갈래
1580b0:26:6	\nバイバイ‥{name:0f00}	\n안녕‥ {name:0f00}
1580b0:27:0	\n{name:0f00}が見たのって\nきっと神様よ	\n{name:0f00}(이)가 본 건\n분명 신님이야
1580b0:28:0	\nユウレイなんていないって\n始めっから\nわかってたけどね‥‥	\n유령 같은 건 없다는 거\n처음부터\n알고 있었지만‥‥
1580b0:29:0	\nもう‥つかれちゃったから\nまたね	\n이제‥ 피곤하니까\n다음에 봐
158b0c:2:0	\nロスタールの都では\nオルトナッシュって\n新しい宗教が流行してるんだってね{0a:01a2}\n教祖の幼い男の子は\n救世主ラザレスの生まれ変わりで\n歳をとらないとか‥‥	\n로스탈 도성에서는\n오르트나슈라는\n새 종교가 유행한다더군{0a:01a2}\n교주인 어린 사내아이는\n구세주 라자레스의 환생이라서\n나이를 먹지 않는다나‥‥
158b0c:2:1	\n本当かねえ	\n정말일까
158b0c:3:0	\nほんに良い天気じゃのう	\n참말로 날씨가 좋구먼
158b0c:3:1	\nこんなに気持ちの良い日が\n過ごせるのも\nみ～んな神様のおかげじゃ	\n이렇게 기분 좋은 날을\n보낼 수 있는 것도\n모～두 신님 덕분이지
158b0c:4:0	\n教会のマリアさんって\nとってもキレイで‥うらやましいわ	\n교회의 마리아 씨는\n정말 예뻐서‥ 부러워
158b0c:5:0	\nカアムったら\n家の手伝いもしないで遊んでばかり\n困ったものだわ	\n카암은 참\n집안일은 안 돕고 놀기만 하고\n곤란하다니까
158b0c:6:0	\n教会は\n弱き人々の支えとなるために\n存在するのです	\n교회는\n약한 이들의 버팀목이 되기 위해\n존재하는 것입니다
158b0c:7:0	\n悔いあらためる者を\n神はお許しになるでしょう	\n회개하는 자를\n신께서는 용서하실 것입니다
158b0c:8:0	\n聖なるホリクスのご加護が\nあらんことを	\n성스러운 호릭스의 가호가\n함께하기를
158b0c:9:0	\nふふ‥\nもう少し大きくなったら\nここの本で勉強なさい	\n후후‥\n조금 더 크면\n여기 있는 책으로 공부하렴
158b0c:9:1	\n神様のことを少しでも\n理解できるように\nなるはずですよ	\n신에 대해 조금이라도\n이해할 수 있게\n될 거란다
158b0c:10:0	\nさびしいのぉ\n外で寝ておるチャックも\nさびしがっとるのぉ	\n쓸쓸하구먼\n밖에서 자는 척도\n쓸쓸해하고 있구먼
158b0c:11:0	\n子供の頃から手くせが悪いと\n大きくなって\nラッツにでもなるしかないのよ	\n어릴 때부터 손버릇이 나쁘면\n커서\n랏츠나 되는 수밖에 없어
158b0c:11:1	\nラッツってのはねえ\nロブアーティストの略で\nようはドロボウね	\n랏츠라는 건 말이야\n로브아티스트의 줄임말로\n한마디로 도둑이지
158b0c:12:0	\n忙しいんだから\n話しかけないでちょうだい！	\n바쁘니까\n말 걸지 말아 줘！
158b0c:13:0	\nマーシュさんが町へ来て\nもう‥６年にもなりますかねえ	\n마시 씨가 마을에 온 지\n벌써‥ ６년이나 되었나요
158b0c:13:1	\nこんな田舎に\n大きな宿をお建てになって\nみんな‥おどろいたものですよ	\n이런 시골에\n큰 여관을 지으셔서\n다들‥ 놀랐지요
158b0c:14:0	\nおまえの家の親父は\n昔‥ロブアーティストだったといううわさを聞いたが本当か？	\n너희 집 아비가\n옛날에‥ 로브아티스트였다는 소문을 들었는데 사실이냐？
158b0c:14:1	\n本当だったら許せんことだ	\n사실이라면 용서할 수 없는 일이다
158b0c:15:0	\nその昔‥‥\nこのエイナス世界を救われた\n偉大な勇者がいた	\n그 옛날‥‥\n이 에이너스 세계를 구하신\n위대한 용사가 있었지
158b0c:15:1	\n滅びの獣を討った\n風のホリクス“ヴァユ”の神\nそれが救世主ラザレス様じゃ	\n멸망의 짐승을 무찌른\n바람의 호릭스 “바유”의 신\n그분이 바로 구세주 라자레스 님이시다
158b0c:16:0	\nロブアーティストなんて気取っても\n人の家に入って盗みを働く\nこそ泥と同じよ	\n로브아티스트라고 폼 잡아 봤자\n남의 집에 들어가 도둑질하는\n좀도둑이랑 똑같아
158b0c:17:0	\n町の外へ出ても意味ないよ\n旅に出るなら\nもっと大きくならないとね	\n마을 밖에 나가도 소용없어\n여행을 떠나려면\n더 커야지
158b0c:18:0	\n子供なんて‥自分一人で育ったと\n思ってんだから‥‥\n親の苦労も知らないでねえ	\n애들이란‥ 혼자 컸다고\n생각하니까‥‥\n부모 고생도 모르고 말이야
158b0c:19:0	\nシレスト山のふもとにある\nユピトの村に\nオルガという元気な婆さんがおる	\n실레스트 산기슭에 있는\n유피토 마을에\n올가라는 기운찬 할멈이 있지
158b0c:19:1	\n若い頃に会ったことがあるが\nそれは美しい女性じゃったなあ	\n젊었을 적에 만난 적이 있는데\n그야말로 아름다운 여인이었지
158b0c:23:0	{c:04}「なんだろう\n‥‥なつかしい気持ちになる」\n{name:0700}は\nせつない想いに心満たされた	{c:04}「뭘까\n‥‥그리운 기분이 들어」\n{name:0700}은(는)\n애틋한 마음으로 가득 찼다
158b0c:25:0	\nおっと‥\nそこには触れんで\nくだされよ	\n어이쿠‥\n거기는 건드리지\n마시게나
158b0c:25:1	\nほっほっほっ\nここの秘密は\nまたのお楽しみじゃのぉ	\n호호호\n여기 비밀은\n다음을 기대하라고
158b0c:26:0	\nかってに\nうろついちゃダメだよ	\n멋대로\n돌아다니면 안 돼
158b0c:31:0	\nデーブったら\n大きな体して\n恐がりなのよね	\n데브는 참\n덩치는 큰데\n겁쟁이라니까
158b0c:32:0	\n買い物だったら\nカウンター越しに\n話しかけてね	\n물건을 사려면\n카운터 너머로\n말을 걸어 줘
159148:0:0	{c:0b}‥‥‥の‥‥１\n{c:0f}‥‥には‥‥ない\n‥‥つ‥‥におくる\n‥‥‥のための‥！	{c:0b}‥‥‥의 ‥‥‥１\n{c:0f}‥‥한테는 ‥‥ 없다\n길을 떠나는 ‥‥‥에게 보내는\n‥‥‥를 위한 ‥！
159148:2:0	{c:0b}‥‥‥の‥‥２\n{c:0f}‥‥の‥‥‥は‥ただ‥く\n‥いて‥と‥い‥また‥く\n‥‥の‥‥も‥らないで‥‥	{c:0b}‥‥‥의 ‥‥‥２\n{c:0f}‥‥ ‥‥‥는‥ 그저 걷는다\n걸어서 ‥과 싸우고‥ 또 걷는다\n‥‥ ‥‥도 모른 채‥‥
159148:3:0	{c:0b}‥‥‥の‥‥３\n{c:0f}ナゾを‥るには‥‥‥くなれ！\nカベや‥のちょっとした‥いが\n‥かるようになれば‥‥‥だ！	{c:0b}‥‥‥의 ‥‥‥３\n{c:0f}수수께끼를 알려면 ‥‥ 깊어져라！\n벽이나 바닥의 사소한 ‥‥를\n알아챌 수 있게 되면 한 사람 ‥이다！
159148:4:0	{c:0b}‥‥‥の‥‥４\n{c:0f}お‥（ルクソル）は‥‥に‥え！\n‥ってるだけ‥て‥ってしまう‥はいつも‥‥することになるだろう	{c:0b}‥‥‥의 ‥‥‥４\n{c:0f}돈(룩솔)은 ‥‥히 써라！\n가진 만큼 다 써 버리는 ‥는 늘 ‥‥하게 살게 될 것이다
159148:5:0	{c:0b}‥‥‥の‥‥５\n{c:0f}‥を‥る‥には‥‥‥を\n５～１０‥　‥っておくと‥い\n‥ず‥に‥つことがあるはずだ	{c:0b}‥‥‥의 ‥‥‥５\n{c:0f}마을을 나서기 ‥에는 ‥‥‥을\n５～１０‥　가지고 있으면 좋다\n반드시 쓸모가 있을 것이다
159148:6:0	{c:0b}‥‥‥の‥‥６\n{c:0f}‥‥や‥‥‥いのように\n‥‥の‥い‥を‥す‥は\n‥‥のうちに‥を‥んでおくこと	{c:0b}‥‥‥의 ‥‥‥６\n{c:0f}‥‥나 ‥‥‥처럼\n‥‥을 다루는 ‥가 되려는 ‥는\n어릴 때 ‥을 읽어 둘 것
159148:7:0	{c:0b}‥‥‥の‥‥７\n{c:0f}‥‥を‥えるには　‥‥‥と\nこの‥を‥‥る‥‥ホリクス\nそして‥‥の‥‥が‥‥である	{c:0b}‥‥‥의 ‥‥‥７\n{c:0f}‥‥을 외우려면　‥‥‥와\n이 세상을 이루는 ‥‥ 호릭스\n그리고 ‥‥의 ‥‥이 ‥‥하다
159148:8:0	{c:0b}‥‥‥の‥‥８\n{c:0f}‥いは‥‥であることを‥がける\n‥‥の‥い‥が‥につくまで\n‥‥な‥‥はさけ‥‥ためすこと	{c:0b}‥‥‥의 ‥‥‥８\n{c:0f}싸움에서는 ‥‥함을 유지하라\n자신의 싸움 ‥‥이 몸에 밸 때까지\n‥‥로운 ‥‥은 피하고 이것저것 ‥‥할 것
159148:9:0	{c:0b}エイナス‥‥１\n{c:0f}エイナス（ＡＮＥＡＲＴＨ）‥‥は‥‥りの‥‥によって‥‥されし\n‥‥のホリクスの‥で‥‥された	{c:0b}에이너스 ‥‥１\n{c:0f}에이너스(ＡＮＥＡＲＴＨ) ‥‥는 다섯 자루의 ‥‥으로 ‥‥된\n‥‥의 호릭스의 ‥으로 ‥‥되었다
159148:10:0	{c:0b}エイナス‥‥２\n{c:0f}‥の‥‥たる‥‥アッシャーは\n‥‥の‥‥ガイアスをして\n{01:0738}{03:0038}{c:0f}の‥とした	{c:0b}에이너스 ‥‥２\n{c:0f}땅의 ‥‥인 ‥‥ 아셔는\n‥‥의 ‥‥ 가이아스를\n{01:0738}{03:0038}{c:0f}의 ‥으로 삼았다
159148:11:0	{c:0b}エイナス‥‥３\n{c:0f}‥の‥‥{03:005f}{c:07}‥‥シャクハール{c:0f}は\n‥‥の‥ポツレスをして\n{01:0739}{03:0039}{c:0f}の‥とした	{c:0b}에이너스 ‥‥３\n{c:0f}물의 ‥‥{03:005f}{c:07}‥‥ 샤크하르{c:0f}는\n‥‥의 ‥‥ 포츠레스를\n{01:0739}{03:0039}{c:0f}의 ‥으로 삼았다
159148:12:0	{c:0b}エイナス‥‥４\n{c:0f}‥の‥‥たる‥‥ティルトリテラは‥‥の‥ビラグリスをして\n{01:073a}{03:003a}{c:0f}の‥とした	{c:0b}에이너스 ‥‥４\n{c:0f}불의 ‥‥인 ‥‥ 티르트리테라는 ‥‥의 ‥‥ 비라그리스를\n{01:073a}{03:003a}{c:0f}의 ‥으로 삼았다
159148:13:0	{c:0b}エイナス‥‥５\n{c:0f}‥の‥‥{03:0060}{c:07}‥‥アヴァターク{c:0f}は\n‥の‥‥ラザレスをして\n{01:073b}{03:003b}{c:0f}の‥とした	{c:0b}에이너스 ‥‥５\n{c:0f}바람의 ‥‥{03:0060}{c:07}‥‥ 아바타크{c:0f}는\n‥‥ ‥‥ 라자레스를\n{01:073b}{03:003b}{c:0f}의 ‥으로 삼았다
159148:14:0	{c:0b}エイナス‥‥６\n{c:0f}‥の‥‥たる‥‥ファルトラルは\n‥‥トゥルケスをして\n{01:073c}{03:003c}{c:0f}の‥とした	{c:0b}에이너스 ‥‥６\n{c:0f}하늘의 ‥‥인 ‥‥ 파르트랄은\n‥‥ 투르케스를\n{01:073c}{03:003c}{c:0f}의 ‥으로 삼았다
159148:15:0	{c:0b}エイナス‥‥７\n{c:0f}‥‥イシュメリア‥‥\n‥‥の‥をまつる‥‥が\n‥‥の‥る‥に‥られたといわれる	{c:0b}에이너스 ‥‥７\n{c:0f}‥‥ 이슈메리아 ‥‥\n‥‥의 ‥을 모시는 ‥‥이\n‥‥ 곳곳에 세워졌다고 전해진다
159148:16:0	{c:0b}エイナス‥‥８\n{c:0f}‥‥をほこった‥‥イシュメリアも‥‥‥‥に‥れた‥びの‥によって‥えんをむかえた	{c:0b}에이너스 ‥‥８\n{c:0f}‥‥을 자랑하던 ‥‥ 이슈메리아도 ‥‥ 년 ‥에 나타난 ‥‥의 짐승에 의해 ‥‥을 맞이했다
159148:17:0	{c:0b}‥‥とは\n{c:0f}‥しきことの‥‥には\n‥に‥しき‥がつきまとう\n‥‥‥‥の‥‥とは‥のみである	{c:0b}‥‥란\n{c:0f}옳은 일의 ‥‥에는\n늘 악한 그림자가 따라다닌다\n‥‥‥‥의 ‥‥란 ‥뿐이다
159148:18:0	{c:0b}‥の‥‥\n{c:0f}‥を‥う‥に‥‥らの‥‥を‥え\n‥この‥‥に‥るべき‥を‥ることそれが‥の‥‥を‥ることである	{c:0b}‥의 ‥‥\n{c:0f}‥을 ‥‥하기 ‥에‥ ‥신의 ‥‥를 ‥‥하라\n‥ 이 ‥‥ 있어야 할 ‥신을 아는 것 그것이 ‥의 ‥‥를 아는 것이다
159148:19:0	{c:0b}‥びの‥\n{c:0f}‥‥‥ラザレスによって‥たれし\n‥いなる‥‥は‥‥‥の‥を‥て\nよみがえるであろう	{c:0b}‥‥의 짐승\n{c:0f}‥‥‥ 라자레스에게 쓰러진\n크나큰 ‥‥은 ‥‥ 년의 시간을 지나\n되살아날 것이다
159148:20:0	{c:0b}‥りの‥\n{c:0f}‥からの‥りは‥として\n‥わしき‥どもを‥‥する‥を\n‥‥するものである	{c:0b}‥‥의 ‥\n{c:0f}‥‥ 어린 ‥‥는 때때로\n꺼림칙한 ‥들을 ‥‥하는 ‥을\n‥‥하는 법이다
159148:21:0	{c:0b}‥‥であること\n{c:0f}‥らの‥き‥に\n‥‥りを‥めてはならない\n‥‥‥な‥ほど‥いものはなし	{c:0b}‥‥할 것\n{c:0f}‥신의 삶의 ‥‥에\n‥‥를 바라서는 안 된다\n‥‥‥인 ‥만큼 추한 것은 없다
159148:22:0	{c:0b}‥‥ある‥\n{c:0f}‥の‥を‥‥づけるものは\n‥‥でもなく‥‥でもない\n‥の‥‥を‥る‥である	{c:0b}‥‥ 있는 ‥\n{c:0f}사람의 ‥‥을 자리매김하는 것은\n‥‥도 아니요 ‥‥도 아니다\n하늘의 뜻을 아는 마음이다
159148:23:0	{c:0b}‥の‥\n{c:0f}‥に‥がきらめくように\n‥に‥が‥くように\n‥に‥の‥があるのです	{c:0b}‥의 사랑\n{c:0f}하늘에 별이 반짝이듯\n땅에 꽃이 피듯\n사람에게는 ‥의 사랑이 있습니다
159148:24:0	{c:0b}エイナス‥‥\n{c:0f}５つの‥‥なるホリクスから\nエイナス‥‥は‥‥した\nその‥は‥‥りの‥‥に‥‥される	{c:0b}에이너스 ‥‥\n{c:0f}５개의 ‥‥한 호릭스로부터\n에이너스 ‥‥가 ‥‥했다\n그 ‥은 다섯 자루의 ‥‥으로 ‥‥된다
159148:25:0	ＢＯＯＫ\n{c:0f}本を手にとって開いた	ＢＯＯＫ\n{c:0f}책을 집어 들고 펼쳤다
159b34:56:0	ＭＯＮＥＹ\n{c:0f}２ルクソルを手に入れた	ＭＯＮＥＹ\n{c:0f}２룩솔을 손에 넣었다
159b34:53:0	ＭＯＮＥＹ\n{c:0f}４ルクソルを手に入れた	ＭＯＮＥＹ\n{c:0f}４룩솔을 손에 넣었다
159b34:62:0	を手に入れた	을(를) 손에 넣었다
159b34:65:0	ＭＯＮＥＹ\n{c:0f}５ルクソルを手に入れた	ＭＯＮＥＹ\n{c:0f}５룩솔을 손에 넣었다
159b34:68:0	ＴＯＯＬ\n{c:0f}{01:072b}{03:002b}を手に入れた	ＴＯＯＬ\n{c:0f}{01:072b}{03:002b}을(를) 손에 넣었다
159b34:71:0	ＭＯＮＥＹ\n{c:0f}１０ルクソルを手に入れた	ＭＯＮＥＹ\n{c:0f}１０룩솔을 손에 넣었다
159b34:76:0	ＴＲＥＡＳＵＲＥ\n{c:0f}{01:0708}{03:0008}を手に入れた	ＴＲＥＡＳＵＲＥ\n{c:0f}{01:0708}{03:0008}을(를) 손에 넣었다
15a140:49:0	ＬＯＣＫＥＤ\n{c:0f}鍵が、かかっていて開かない！	ＬＯＣＫＥＤ\n{c:0f}자물쇠가 잠겨 있어서 열리지 않는다！
15a140:45:0	ＵＮＬＯＣＫ\n{c:0f}扉の錠を開いた！	ＵＮＬＯＣＫ\n{c:0f}문의 자물쇠를 열었다！
1e6fac:10:0	は　いいいえ	예　　아니오
1e6fac:111:0	{c:07}マーシュ\n{c:0f}	{c:07}마시\n{c:0f}
1e6fac:112:0	{c:07}オリベラ\n{c:0f}	{c:07}올리베라\n{c:0f}
1e6fac:113:0	{c:07}リンダ\n{c:0f}	{c:07}린다\n{c:0f}
1e6fac:114:0	{c:07}ユキ\n{c:0f}	{c:07}유키\n{c:0f}
1e6fac:115:0	{c:07}グレゴリー爺さん\n{c:0f}	{c:07}그레고리 할아범\n{c:0f}
1e6fac:116:0	{c:07}マクガイア\n{c:0f}	{c:07}맥과이어\n{c:0f}
1e6fac:117:0	{c:07}シスターマリア\n{c:0f}	{c:07}시스터 마리아\n{c:0f}
1e6fac:120:0	{c:07}道具屋さん\n{c:0f}	{c:07}도구점 아저씨\n{c:0f}
1e6fac:121:0	{c:07}武器屋さん\n{c:0f}	{c:07}무기점 아저씨\n{c:0f}
1e6fac:122:0	{c:07}防具屋さん\n{c:0f}	{c:07}방어구점 아가씨\n{c:0f}
1e6fac:123:0	{c:07}デーブくん\n{c:0f}	{c:07}데브\n{c:0f}
1e6fac:124:0	{c:07}カアムちゃん\n{c:0f}	{c:07}카암\n{c:0f}
1e6fac:125:0	{c:07}マッセくん\n{c:0f}	{c:07}마세\n{c:0f}
1e6fac:126:0	{c:07}トンちゃん\n{c:0f}	{c:07}톤\n{c:0f}
1e6fac:127:0	{c:07}聖なる光\n{c:0f}	{c:07}성스러운 빛\n{c:0f}
1e728c:41:0	{c:0b}ＬＯＣＫＥＤ\n{c:0f}鍵が、かかっていて開かない！	{c:0b}ＬＯＣＫＥＤ\n{c:0f}자물쇠가 잠겨 있어서 열리지 않는다！
1e728c:49:0	{c:0b}ＦＡＩＬＥＤ\n{c:0f}解錠に失敗した！	{c:0b}ＦＡＩＬＥＤ\n{c:0f}자물쇠 따기에 실패했다！
1e728c:50:0	{c:0b}ＢＲＯＫＥＮ\n{c:0f}{01:0707}{03:0007}が壊れた！	{c:0b}ＢＲＯＫＥＮ\n{c:0f}{01:0707}{03:0007}이(가) 부서졌다！
1e728c:51:0	{c:0b}ＵＮＬＯＣＫ\n{c:0f}扉の錠を開いた！	{c:0b}ＵＮＬＯＣＫ\n{c:0f}문의 자물쇠를 열었다！
1e728c:52:0	{c:07}　『ああ‥買ってて良かった\n　　旅のお供にしてください』\n{c:0f}　皆さんのお役に立ちます\n{c:07}　　　　　　　　　　－道具屋－	{c:07}　『아아‥ 사 두길 잘했다\n　　여행의 동반자로 삼아 주세요』\n{c:0f}　여러분께 도움이 됩니다\n{c:07}　　　　　　　　　　－도구점－
1e728c:53:0	{c:07}　『戦う男の必需品！！\n　　ひと味違うこの切れ味！！』\n{c:0f}　都の剣士も使っています\n{c:07}　　　　　　　　　　－武器屋－	{c:07}　『싸우는 남자의 필수품！！\n　　한 차원 다른 이 날카로움！！』\n{c:0f}　도성의 검사도 쓰고 있습니다\n{c:07}　　　　　　　　　　－무기점－
1e728c:54:0	{c:07}　『堅くて長持ち！！\n　　それが男ってもんだよなあ』\n{c:0f}　都の鍛冶屋から直接入荷！！\n{c:07}　　　　　　　　　　－防具屋－	{c:07}　『단단하고 오래간다！！\n　　그게 사나이라는 거지』\n{c:0f}　도성의 대장간에서 직접 입하！！\n{c:07}　　　　　　　　　　－방어구점－
1e728c:55:0	{c:07}　『旅する男のオアシス\n　　マーシュの宿屋へようこそ！』\n{c:0f}　お酒も飲めます\n{c:07}　　　　　　－マーシュの宿屋－	{c:07}　『여행하는 남자의 오아시스\n　　마시의 여관에 어서 오세요！』\n{c:0f}　술도 마실 수 있습니다\n{c:07}　　　　　　－마시의 여관－
1e78b4:2:0	{c:0b}ＳＡＶＥ\n{c:0f}ここまでの状況を記録してください	{c:0b}ＳＡＶＥ\n{c:0f}지금까지의 상황을 기록해 주세요
1e78b4:3:0	{c:0f}\n“あの地下室で見たものは\n　何だったのか？”	{c:0f}\n“그 지하실에서 본 것은\n　무엇이었을까？”
1e78b4:3:1	その後‥何度となく地下室へ\n行ってみたが\nあの光が現れることはなかった	그 뒤로‥ 몇 번이나 지하실에\n가 보았지만\n그 빛이 나타나는 일은 없었다
1e78b4:3:2	それから５年の歳月が流れ\n{name:0700}は\n１０歳の立派な少年に成長した	그로부터 ５년의 세월이 흘러\n{name:0700}은(는)\n１０살의 어엿한 소년으로 자랐다
1e78b4:5:0	それじゃあ\n出かけてくる	그럼\n다녀오마
1e78b4:5:1	店のことは\nよろしく頼んだぞ	가게 일은\n잘 부탁한다
1e78b4:7:0	お待ち！\n{name:0f00}！	잠깐！\n{name:0f00}！
1e78b4:7:1	ちょいと\nこっちへ来ておくれ	잠깐\n이리 좀 와 보렴
1e78b4:8:0	{c:0b}ＮＯＴＥ\n{c:0f}マーシュの置き手紙	{c:0b}ＮＯＴＥ\n{c:0f}마시가 남긴 편지
1e78b4:8:1	地下室の奥に入るには\n壁のスイッチを見つけなきゃ\nならない	지하실 안쪽으로 들어가려면\n벽의 스위치를 찾아야\n한다
1e78b4:8:2	レバーに眼を引かれて\n小さな丸いスイッチを見落とすな	레버에 눈을 빼앗겨\n작고 동그란 스위치를 놓치지 마라
1e78b4:9:0	{c:0b}ＮＯＴＥ\n{c:0f}マーシュの置き手紙	{c:0b}ＮＯＴＥ\n{c:0f}마시가 남긴 편지
1e78b4:9:1	今日は泊まり客がいないから\nおまえに\nちょっとしたことを教えてやろう	오늘은 묵는 손님이 없으니\n너한테\n간단한 걸 가르쳐 주마
1e78b4:9:2	扉は鍵で開くとは限らない\n注意深く見ることが大切だ\nもう一つの手紙を見つけたら\n地下室へ行きな	문은 열쇠로만 열리는 게 아니다\n주의 깊게 보는 게 중요하지\n다른 편지를 찾으면\n지하실로 가라
1e78b4:31:0	{c:0b}ＮＯＴＥ\n{c:0f}マーシュの置き手紙	{c:0b}ＮＯＴＥ\n{c:0f}마시가 남긴 편지
1e78b4:31:1	よくやったな\n机の上にあるホリクスをやろう\n魔法の力の宿った貴重な品だ\nそいつを持って教会へ行きな	잘했다\n책상 위에 있는 호릭스를 주마\n마법의 힘이 깃든 귀한 물건이다\n그걸 가지고 교회로 가라
1e78b4:31:2	シスターに言って祝福してもらえ\n悪さばっかりしてたら\nろくな大人になれねえからな	시스터한테 말해서 축복을 받아라\n나쁜 짓만 하고 다니면\n변변한 어른이 못 되니까
1e78b4:34:0	あなたは人として\n生まれ変わることを\n望んだ‥‥	당신은 인간으로\n다시 태어나기를\n바랐지요‥‥
1e78b4:34:1	人が‥自らの選択で\n生きるべきか\n運めの道をたどるべきか	인간이‥ 스스로의 선택으로\n살아가야 하는가\n운명의 길을 따라야 하는가
1e78b4:34:2	その証を立てるため\nあなたは‥あなた自身と\n戦わなくてはなりません	그 증거를 세우기 위해\n당신은‥ 당신 자신과\n싸워야만 합니다
1e7fa8:3:0	町のはずれに住んでる\nグレゴリーお爺さん‥\n病気で寝込んでるらしいね	마을 변두리에 사는\n그레고리 할아버지‥\n병으로 앓아누웠다나 봐
1e7fa8:4:0	神様は‥\nいつも貴方を見守って\nいらっしゃいます	신께서는‥\n언제나 당신을 지켜보고\n계십니다
1e7fa8:7:0	マリアに祝福を願う	마리아에게 축복을 청한다
1e7fa8:8:0	を寄進するマリアに祝福を願う	을(를) 헌금한다마리아에게 축복을 청한다
1e7fa8:9:0	まあ‥教会に\n寄進くださるのですね\nありがとうございます	어머‥ 교회에\n헌금해 주시는군요\n감사합니다
1e7fa8:10:0	人は罪深き者‥‥\n神におすがりすることも\n時に必要でしょう	사람은 죄 많은 존재‥‥\n신께 의지하는 것도\n때로는 필요하겠지요
1e7fa8:12:0	自然の理をつかさどる\n聖なるホリクスよ	자연의 섭리를 다스리는\n성스러운 호릭스여
1e7fa8:12:1	救世主ラザレスの御名に\nおいて‥この者に聖なる\n祝福をお与えください	구세주 라자레스의 이름으로‥\n이 자에게 성스러운\n축복을 내려 주소서
1e7fa8:12:2	（これは‥‥\nこの子は不思議な力を\nまとっているわ‥‥）	（이건‥‥\n이 아이는 신비한 힘을\n두르고 있어‥‥）
1e7fa8:12:3	（ラザレスを象徴する\n風のホリクス\n{01:073b}{03:003b}の力‥‥）	（라자레스를 상징하는\n바람의 호릭스\n{01:073b}{03:003b}의 힘‥‥）
1e7fa8:12:4	これでいいでしょう\n神様があなたと共に\nいらっしゃいますように	이제 됐어요\n신께서 당신과 함께\n하시기를
1e7fa8:14:0	貴方には風のホリクス\n{01:073b}{03:003b}の加護が\n強く感じられます	당신에게서는 바람의 호릭스\n{01:073b}{03:003b}의 가호가\n강하게 느껴집니다
1e7fa8:14:1	青の真円が象徴する\n{01:073b}{03:003b}に関わる物が\n貴方を導くことでしょう	푸른 정원(正圓)이 상징하는\n{01:073b}{03:003b}에 관련된 것이\n당신을 인도할 것입니다
1e7fa8:15:0	デーブくんさっそく\nお店の手伝いしてるんだってね\nえらいよなあ	데브는 벌써\n가게 일을 돕고 있다며\n대단하지
1e7fa8:21:0	教会のマリアさんって美人だよね\nマリアさんのこと考えると\n胸がドキドキしちゃうんだ	교회의 마리아 씨 미인이지\n마리아 씨 생각을 하면\n가슴이 두근두근해
1e7fa8:24:0	もう‥やだよぉ	이제‥ 싫어어
1e7fa8:24:1	店の手伝いって言っても\n一日中‥ここに立ってるだけなんだ	가게 일을 돕는다고 해도\n하루 종일‥ 여기 서 있을 뿐이야
1e7fa8:27:0	ごほごほ‥‥\n少し体を\n悪くしたみたいでな	콜록콜록‥‥\n몸이 좀\n안 좋아진 것 같구나
1e7fa8:43:0	おお‥優しい子じゃのぉ\nありがとぉよ	오오‥ 착한 아이로구나\n고맙다
1e7fa8:43:1	お礼に‥おまえさんを\n占ってあげよう	답례로‥ 네 점을\n봐 주마
1e7fa8:43:2	お‥おおおおおお！\nこれは‥‥	오‥ 오오오오오오！\n이건‥‥
1e7fa8:43:3	おまえさんの未来には\n数奇な運命の糸が\n絡み合っておる	네 미래에는\n기구한 운명의 실이\n얽혀 있구나
1e7fa8:43:4	しかも\n{01:073b}{03:003b}に関連した\n何か強い力を感じるぞ	게다가\n{01:073b}{03:003b}에 관련된\n무언가 강한 힘이 느껴지는구나
1e7fa8:43:5	詳しくはわからんが\n今までに何か不思議な\n体験をしたことはないか	자세히는 모르겠다만\n지금까지 뭔가 신기한\n경험을 한 적은 없느냐
1e7fa8:43:6	何でもいい‥‥\nよく思い出してみなさい	뭐든 좋다‥‥\n잘 떠올려 보거라
1e7fa8:43:7	それが‥おまえさんの\n運命を光へ導く鍵じゃ！	그것이‥ 네\n운명을 빛으로 이끄는 열쇠다！
1e7fa8:55:0	教会で\n祝福してもらいなさい	교회에서\n축복을 받거라
1e7fa8:55:1	その後で不思議な体験を\nした場所へ行けば\n道は開けるはずじゃ！	그다음에 신기한 경험을\n한 곳으로 가면\n길이 열릴 게다！
1e7fa8:44:0	ほら‥\nこれを持っておいき	자‥\n이거 가져가렴
1e7fa8:44:1	マーシュから\nあんたに渡すよう\n頼まれたんだよ	마시가\n너한테 주라고\n부탁했단다
1e7fa8:45:0	ほら‥持っておいき	자‥ 가져가렴
1e7fa8:46:0	は\n壊れることもあるから\nなくなったらおいで	은(는)\n부서지기도 하니까\n다 떨어지면 오렴
1e7fa8:47:0	マーシュにはね\nもう一人‥息子がいて‥	마시한테는 말이야\n아들이 하나 더 있어서‥
1e7fa8:47:1	そう‥あんたの兄さんに\nなるんだけどね	그래‥ 네 형이\n되는 셈이지만
1e7fa8:47:2	あんたが生まれる前に\n家出しちまったんだよ	네가 태어나기 전에\n집을 나가 버렸단다
1e7fa8:63:0	{c:0b}ＴＲＥＡＳＵＲＥ\n{01:0707}{03:0007}{c:0f}を３個もらった！	{c:0b}ＴＲＥＡＳＵＲＥ\n{01:0707}{03:0007}{c:0f}을(를) ３개 받았다！
1e7fa8:48:0	ばあか	바보
1e7fa8:49:0	錠前を開ける練習を\nガキにやらせて\nどうするつもりなんだか	자물쇠 여는 연습을\n꼬맹이한테 시켜서\n어쩌려는 건지 원
1e7fa8:50:0	せっかくの休みなんだ\nあんたの相手で\n疲れさせないでよね	모처럼 쉬는 날이야\n너 상대하느라\n피곤하게 하지 마
1e7fa8:52:0	おはよう\n{name:0f00}	좋은 아침\n{name:0f00}
1e7fa8:53:0	は\n一度使うとなくなるから\n気をつけてね	은(는)\n한 번 쓰면 없어지니까\n조심해
1e7fa8:54:0	マーシュはね\n昔‥大盗賊として\n名をはせたんだって	마시는 말이야\n옛날에‥ 대도둑으로\n이름을 날렸대
1e7fa8:54:1	でも‥私は\n{name:0f00}には\n普通に生きて欲しいな	하지만‥ 나는\n{name:0f00}(이)가\n평범하게 살았으면 좋겠어
1e7fa8:57:0	{c:07}酔っぱらいＡ\n{c:0f}	{c:07}술주정뱅이Ａ\n{c:0f}
1e7fa8:58:0	ボウズが坊主になろうってか？\nはは‥おもしれえや	꼬맹이가 중이 되겠다고？\n하하‥ 재밌구먼
1e7fa8:61:0	{c:07}酔っぱらいＢ\n{c:0f}	{c:07}술주정뱅이Ｂ\n{c:0f}
1e7fa8:62:0	しぶい‥‥\n酒は男のロココだよなあ	멋있어‥‥\n술은 사나이의 로코코지
1e8804:2:0	{c:07}ヤレムの司祭\n{c:0f}	{c:07}야렘의 사제\n{c:0f}
1e8804:9:0	教会は弱き人々を\n支えるためにあります	교회는 약한 이들을\n지탱하기 위해 있습니다
1e8804:9:1	神のことを知りたければ\n教会の本を読んでいきなさい	신에 대해 알고 싶다면\n교회의 책을 읽고 가세요
1e8804:10:0	{c:07}修道僧\n{c:0f}	{c:07}수도승\n{c:0f}
1e8804:14:0	神は‥あなたのおこないを\nいつも見守っておいでになります	신께서는‥ 당신의 행실을\n언제나 지켜보고 계십니다
1e8804:15:0	{c:07}修道僧\n{c:0f}	{c:07}수도승\n{c:0f}
1e8804:19:0	いつも感謝の気持ちを\n忘れないように	언제나 감사하는 마음을\n잊지 않도록
1e8804:22:0	{c:07}ヤレムの領主\n{c:0f}	{c:07}야렘의 영주\n{c:0f}
1e8804:25:0	王国の西の辺境で\n新生イシュメリア皇国という国が\nおこされたらしい	왕국 서쪽 변경에서\n신생 이슈메리아 황국이라는 나라가\n세워졌다고 하더군
1e8804:25:1	オルトナッシュとかいう\nいかがわしい宗教の国だそうだよ	오르트나슈인가 하는\n수상쩍은 종교의 나라라는군
1e8804:27:0	{c:07}執事\n{c:0f}	{c:07}집사\n{c:0f}
1e8804:28:0	でも開かない扉が\nあるらしいですなあ	하지만 열리지 않는 문이\n있다고 하더군요
1e8804:28:1	専用の鍵が必要だったり\n仕掛けで開いたりするそうで‥‥	전용 열쇠가 필요하거나\n장치로 열린다고 하던데‥‥
1e8804:30:0	{c:07}召使い\n{c:0f}	{c:07}하인\n{c:0f}
1e8804:31:0	最近‥物が無くなることが多いのよドロボウが入るとも思えないし‥‥	요즘‥ 물건이 없어지는 일이 많아요 도둑이 들었다고도 생각되지 않고‥‥
1e8804:33:0	{c:07}召使い\n{c:0f}	{c:07}하인\n{c:0f}
1e8804:34:0	教会で祝福してもらうと\n別に何が変わるわけでもないけど\n元気が出てくるのよね	교회에서 축복을 받으면\n딱히 뭐가 달라지는 건 아니지만\n기운이 나거든
1e8804:36:0	{c:07}おじいさん\n{c:0f}	{c:07}할아버지\n{c:0f}
1e8804:37:0	都に行ったわしの息子が\n手紙を書いてよこしてきてなあ	도성에 간 내 아들이\n편지를 써 보내왔는데 말이야
1e8804:37:1	オルトナッシュとかいう宗教に\nわしも入れと\nしつこく勧めるんじゃよ	오르트나슈인가 하는 종교에\n나도 들어오라고\n끈질기게 권하지 뭐냐
1e8804:39:0	{c:07}おにいさん\n{c:0f}	{c:07}오빠\n{c:0f}
1e8804:40:0	オルトナッシュって\n“救世の祈り”という意味なんだ	오르트나슈란\n“구세의 기도”라는 뜻이래
1e8804:40:1	教祖のヴェルメッサが\n世紀末に復活する“滅びの獣”からこの世界を救うんだってさ	교주 베르메사가\n세기말에 부활하는 “멸망의 짐승”으로부터 이 세계를 구한대
1e8804:42:0	{c:07}おじいさん\n{c:0f}	{c:07}할아버지\n{c:0f}
1e8804:43:0	ロスタールの都には\n大きなお城が建っておるそうじゃ\n死ぬまでに一度おがんでみたいのぉ	로스탈 도성에는\n커다란 성이 서 있다더구먼\n죽기 전에 한 번 보고 싶구먼
1e8804:45:0	{c:07}町のおねえさん\n{c:0f}	{c:07}마을 아가씨\n{c:0f}
1e8804:46:0	教会へ行くなら\nシスターのマリアさんに\nお祈りをしてもらうといいわ	교회에 간다면\n시스터 마리아 씨에게\n기도를 받는 게 좋아
1e8804:47:0	教会で信仰されているラザレス様は“滅びの獣”からこの世界を救った救世主なのよ	교회에서 믿는 라자레스 님은 “멸망의 짐승”으로부터 이 세계를 구한 구세주야
1e8804:48:0	{c:07}おにいさん\n{c:0f}	{c:07}오빠\n{c:0f}
1e8804:49:0	人には‥それぞれにやるべきことがあるんだよ	사람에게는‥ 저마다 해야 할 일이 있는 거란다
1e8804:51:0	{c:07}おばさん\n{c:0f}	{c:07}아주머니\n{c:0f}
1e8804:52:0	オルトナッシュって新しい宗教は\n人はもっと自由に生きるべきだって教えてるんだってさ	오르트나슈라는 새 종교는\n사람은 더 자유롭게 살아야 한다고 가르친대
1e8804:54:0	{c:07}おじいさん\n{c:0f}	{c:07}할아버지\n{c:0f}
1e8804:55:0	何が正しくて\n何が間違っているのか\n‥‥人に課せられた永遠の命題じゃ	무엇이 옳고\n무엇이 틀렸는가\n‥‥사람에게 주어진 영원한 명제로다
1e8804:57:0	{c:07}おねえさん\n{c:0f}	{c:07}아가씨\n{c:0f}
1e8804:58:0	教会の教えって\nあれもダメ‥これもダメって\nかたっ苦しいわよね	교회 가르침은\n이것도 안 돼‥ 저것도 안 돼\n너무 딱딱하잖아
1e8804:60:0	{c:07}カアムちゃんのお母さん\n{c:0f}	{c:07}카암의 어머니\n{c:0f}
1e8804:61:0	時のたつのは早いものよねえ\nカアムも大きくなったもんだわ	세월 참 빠르네\n카암도 많이 컸어
1e8804:62:0	{c:07}宿屋の旅人\n{c:0f}	{c:07}여관의 나그네\n{c:0f}
1e8804:64:0	おはよう\n坊やは‥この宿の子供かい？\nヤレムは‥のどかな良い町だねえ	안녕\n꼬마는‥ 이 여관 아이니？\n야렘은‥ 한가롭고 좋은 마을이구나
1e8804:65:0	{c:07}お客さん\n{c:0f}	{c:07}손님\n{c:0f}
1e8804:66:0	子供は表で遊んでな	애들은 밖에서 놀아라
1e8d94:0:0	いらっしゃいませ～	어서 오세요～
1e8d94:11:0	デーブにお店を\n手伝わせてるのよ	데브한테 가게를\n돕게 하고 있어
1e8d94:12:0	買い物だったら\nカウンター越しに\n話しかけてね	물건을 사려면\n카운터 너머로\n말을 걸어 줘
1e8d94:13:0	かってに\nうろついちゃダメだよ	멋대로\n돌아다니면 안 돼
1e8d94:100:0	{c:07}防具屋のねえちゃん\n{c:0f}	{c:07}방어구점 누나\n{c:0f}
1e8d94:100:1	お買いものですか\n何になさいます？	쇼핑하시나요\n무엇으로 하시겠어요？
1e8d94:100:2	何をお求めになりますか？	무엇을 찾으시나요？
1e8d94:100:3	は１つ\n	은(는) １개에\n
1e8d94:100:4	ルクソルです。\n	룩솔입니다.\n
1e8d94:100:5	いくつ買いますか？	몇 개 사시겠어요？
1e8d94:100:6	‥‥？\nお金が\n足りないようですけど‥	‥‥？\n돈이\n모자라신 것 같은데요‥
1e8d94:100:7	ありがとうございます\n他には‥いかがですか？	감사합니다\n다른 건‥ 어떠세요？
1e8d94:100:8	珍しい‥‥\nお客様の選ばれた品は\n持ちきれないようですわ	어머나‥‥\n손님이 고르신 물건은\n더 들 수 없으신 것 같네요
1e8d94:100:9	なにを\n売って下さいますか？	무엇을\n팔아 주시겠어요？
1e8d94:100:10	売れる物が\n無いみたいですけど？	팔 수 있는 물건이\n없으신 것 같은데요？
1e8d94:100:11	を\nいくつ売りますか？	을(를)\n몇 개 파시겠어요？
1e8d94:100:12	ありがとうございます	감사합니다
1e8d94:100:13	他に何を売りますか？	그 밖에 무엇을 파시겠어요？
1e8d94:100:14	‥‥？\nお金が\n足りないようですけど‥	‥‥？\n돈이\n모자라신 것 같은데요‥
1e8d94:100:15	またいらしてくださいね	또 들러 주세요
1e8d94:101:0	{c:07}武器屋のあんちゃん\n{c:0f}	{c:07}무기점 형씨\n{c:0f}
1e8d94:101:1	うちの品揃えは\n都の武器屋にも\n負けないよ！	우리 가게 물건은\n도성의 무기점에도\n안 뒤진다고！
1e8d94:101:2	何を買ってくれるんだい？	뭘 사 줄 거야？
1e8d94:101:3	は１つ\n	은(는) １개에\n
1e8d94:101:4	ルクソルです。\n	룩솔입니다.\n
1e8d94:101:5	いくつ買うんだい？	몇 개 살 거야？
1e8d94:101:6	お金が足りないよ	돈이 모자라
1e8d94:101:7	ありがとね\n他の品も見てみてよ	고마워\n다른 물건도 봐 봐
1e8d94:101:8	それ以上は持てないよ	더는 못 들어
1e8d94:101:9	なにを\n売ってくれる？	뭘\n팔아 줄 거야？
1e8d94:101:10	売れる物が\n無いみたいだけど？	팔 수 있는 물건이\n없는 것 같은데？
1e8d94:101:11	を\nいくつ売りますか？	을(를)\n몇 개 파시겠어요？
1e8d94:101:12	ありがとね	고마워
1e8d94:101:13	他に何を売るんだい？	또 뭘 팔 거야？
1e8d94:101:14	持ち金が一杯のようだね	가진 돈이 꽉 찬 것 같네
1e8d94:101:15	いつでものぞいてよね	언제든 들러
1e8d94:102:0	{c:07}道具屋のにいちゃん\n{c:0f}	{c:07}도구점 형\n{c:0f}
1e8d94:102:1	いらっしゃい\n何にいたします？	어서 와\n뭘로 할래？
1e8d94:102:2	何をお求めになりますか？	무엇을 찾으시나요？
1e8d94:102:3	は１つ\n	은(는) １개에\n
1e8d94:102:4	ルクソルです。\n	룩솔입니다.\n
1e8d94:102:5	いくつ買いますか？	몇 개 사시겠어요？
1e8d94:102:6	お金を\n払ってくれないと‥‥	돈을\n내 주지 않으면‥‥
1e8d94:102:7	ありがとさん\n他に必要なものは？	고맙수\n그 밖에 필요한 건？
1e8d94:102:8	それ以上は持てないよ	더는 못 들어
1e8d94:102:9	どれを売りますか？	어느 걸 팔 거야？
1e8d94:102:10	売れる物が\n無いみたいですけど？	팔 수 있는 물건이\n없으신 것 같은데요？
1e8d94:102:11	を\nいくつ売りますか？	을(를)\n몇 개 파시겠어요？
1e8d94:102:12	ありがとう	고마워
1e8d94:102:13	なにを\n売ってくれる？	뭘\n팔아 줄 거야？
1e8d94:102:14	持ち金が一杯ですね	가진 돈이 꽉 찼네
1e8d94:102:15	いつでもどうぞ	언제든 오라고
1e9244:21:0	お～い\n{name:0f00}！	어～이\n{name:0f00}！
1e9244:21:1	トンちゃんが\nみんなに話があるから\n集まって欲しいって	톤이\n다들한테 할 얘기가 있으니까\n모여 달래
1e9244:22:0	{c:0b}ＢＯＯＫ\n{c:0f}本を手にとって開いた	{c:0b}ＢＯＯＫ\n{c:0f}책을 집어 들고 펼쳤다
1e9244:100:0	{c:0b}冒険者の心得１\n	{c:0b}모험가의 마음가짐１\n
1e9244:101:0	{c:0b}冒険者の心得２\n	{c:0b}모험가의 마음가짐２\n
1e9244:102:0	{c:0b}冒険者の心得３\n	{c:0b}모험가의 마음가짐３\n
1e9244:103:0	{c:0b}冒険者の心得４\n	{c:0b}모험가의 마음가짐４\n
1e9244:104:0	{c:0b}冒険者の心得５\n	{c:0b}모험가의 마음가짐５\n
1e9244:105:0	{c:0b}冒険者の心得６\n	{c:0b}모험가의 마음가짐６\n
1e9244:106:0	{c:0b}冒険者の心得７\n	{c:0b}모험가의 마음가짐７\n
1e9244:107:0	{c:0b}冒険者の心得８\n	{c:0b}모험가의 마음가짐８\n
1e9244:108:0	{c:0b}エイナス神話１\n	{c:0b}에이너스 신화１\n
1e9244:109:0	{c:0b}エイナス神話２\n	{c:0b}에이너스 신화２\n
1e9244:110:0	{c:0b}エイナス神話３\n	{c:0b}에이너스 신화３\n
1e9244:111:0	{c:0b}エイナス神話４\n	{c:0b}에이너스 신화４\n
1e9244:112:0	{c:0b}エイナス神話５\n	{c:0b}에이너스 신화５\n
1e9244:113:0	{c:0b}エイナス神話６\n	{c:0b}에이너스 신화６\n
1e9244:114:0	{c:0b}エイナス神話７\n	{c:0b}에이너스 신화７\n
1e9244:115:0	{c:0b}エイナス神話８\n	{c:0b}에이너스 신화８\n
1e9244:128:0	{c:0f}子供には必要ない\n旅立つ若者におくる\n冒険者のための本！	{c:0f}어린애한테는 필요 없다\n길을 떠나는 젊은이에게 보내는\n모험가를 위한 책！
1e9244:132:0	{c:0f}一般の冒険者は‥ただ歩く\n歩いて敵と戦い‥また歩く\n本当の冒険も知らないで‥‥	{c:0f}보통 모험가는‥ 그저 걷는다\n걸어서 적과 싸우고‥ 또 걷는다\n진짜 모험도 모른 채‥‥
1e9244:133:0	{c:0f}ナゾを知るには注意深くなれ！\nカベや床のちょっとした違いが\n分かるようになれば一人前だ！	{c:0f}수수께끼를 알려면 주의 깊어져라！\n벽이나 바닥의 사소한 차이를\n알아챌 수 있게 되면 한 사람 몫이다！
1e9244:134:0	{c:0f}お金（ルクソル）は大切に使え！\n持ってるだけ全て使ってしまう者はいつも貧乏することになるだろう	{c:0f}돈(룩솔)은 소중히 써라！\n가진 만큼 다 써 버리는 자는 늘 가난하게 살게 될 것이다
1e9244:135:0	{c:0f}町を出る前には回復薬を\n５～１０個　持っておくと良い\n必ず役に立つことがあるはずだ	{c:0f}마을을 나서기 전에는 회복약을\n５～１０개　가지고 있으면 좋다\n반드시 쓸모가 있을 것이다
1e9244:136:0	{c:0f}僧侶や魔法使いのように\n魔法の使い手を志す者は\n子供のうちに本を読んでおくこと	{c:0f}승려나 마법사처럼\n마법을 다루는 자가 되려는 자는\n어릴 때 책을 읽어 둘 것
1e9244:137:0	{c:0f}魔法を唱えるには　呪文書と\nこの世を形作る元素ホリクス\nそして魔法の才能が必要である	{c:0f}마법을 외우려면　주문서와\n이 세상을 이루는 원소 호릭스\n그리고 마법의 재능이 필요하다
1e9244:138:0	{c:0f}戦いは冷静であることを心がける\n自分の戦い方が身につくまで\n単調な選択はさけ色々ためすこと	{c:0f}싸움에서는 냉정함을 유지하라\n자신의 싸움 방식이 몸에 밸 때까지\n단조로운 선택은 피하고 이것저것 시험할 것
1e9244:139:0	{c:0f}エイナス（ＡＮＥＡＲＴＨ）世界は五振りの霊剣によって顕現されし\n五元のホリクスの力で創造された	{c:0f}에이너스(ＡＮＥＡＲＴＨ) 세계는 다섯 자루의 영검으로 현현된\n오원(五元)의 호릭스의 힘으로 창조되었다
1e9244:142:0	{c:0f}地の霊剣たる巨剣アッシャーは\n伝説の巨人ガイアスをして\n{01:0738}{03:0038}の神とした	{c:0f}땅의 영검인 거검 아셔는\n전설의 거인 가이아스를\n{01:0738}{03:0038}의 신으로 삼았다
1e9244:143:0	{c:0f}水の霊剣{03:005f}{01:075f}は\n精霊の長ポツレスをして\n{01:0739}{03:0039}の神とした	{c:0f}물의 영검 {03:005f}{01:075f}는\n정령의 우두머리 포츠레스를\n{01:0739}{03:0039}의 신으로 삼았다
1e9244:144:0	{c:0f}火の霊剣たる皇剣ティルトリテラは冥界の皇ビラグリスをして\n{01:073a}{03:003a}の神とした	{c:0f}불의 영검인 황검 티르트리테라는 명계의 황제 비라그리스를\n{01:073a}{03:003a}의 신으로 삼았다
1e9244:145:0	{c:0f}風の霊剣{03:0060}{01:0760}は\n人の勇者ラザレスをして\n{01:073b}{03:003b}の神とした	{c:0f}바람의 영검 {03:0060}{01:0760}는\n인간 용사 라자레스를\n{01:073b}{03:003b}의 신으로 삼았다
1e9244:146:0	{c:0f}空の霊剣たる聖剣ファルトラルは\n龍神トゥルケスをして\n{01:073c}{03:003c}の神とした	{c:0f}하늘의 영검인 성검 파르트랄은\n용신 투르케스를\n{01:073c}{03:003c}의 신으로 삼았다
1e9244:147:0	{c:0f}古代イシュメリア時代\n五元の神をまつる神殿が\n世界の至る所に創られたといわれる	{c:0f}고대 이슈메리아 시대\n오원의 신을 모시는 신전이\n세계 곳곳에 세워졌다고 전해진다
1e9244:148:0	{c:0f}隆盛をほこった古代イシュメリアも一千年前に現れた滅びの獣によって終えんをむかえた	{c:0f}융성을 자랑하던 고대 이슈메리아도 일천 년 전에 나타난 멸망의 짐승에 의해 종말을 맞이했다
1e9244:149:0	{c:0b}神の愛\n{c:0f}天に星がきらめくように\n地に花が咲くように\n人に神の愛があるのです	{c:0b}신의 사랑\n{c:0f}하늘에 별이 반짝이듯\n땅에 꽃이 피듯\n사람에게는 신의 사랑이 있습니다
1e9244:151:0	{c:0b}エイナス創世\n{c:0f}５つの偉大なるホリクスから\nエイナス世界は誕生した\nその力は五振りの霊剣に象徴される	{c:0b}에이너스 창세\n{c:0f}５개의 위대한 호릭스로부터\n에이너스 세계가 탄생했다\n그 힘은 다섯 자루의 영검으로 상징된다
1e9244:152:0	{c:0b}滅びの獣\n{c:0f}救世主ラザレスによって討たれし\n大いなる災厄は一千年の刻を経て\nよみがえるであろう	{c:0b}멸망의 짐승\n{c:0f}구세주 라자레스에게 쓰러진\n크나큰 재앙은 일천 년의 시간을 지나\n되살아날 것이다
1e9244:153:0	{c:0b}祈りの力\n{c:0f}心からの祈りは時として\n忌まわしき者どもを浄化する力を\n発揮するものである	{c:0b}기도의 힘\n{c:0f}진심 어린 기도는 때때로\n꺼림칙한 자들을 정화하는 힘을\n발휘하는 법이다
1e9244:154:0	{c:0b}誠実であること\n{c:0f}自らの生き方に\n見返りを求めてはならない\n打算的な者ほど醜いものはなし	{c:0b}성실할 것\n{c:0f}자신의 삶의 방식에\n대가를 바라서는 안 된다\n타산적인 자만큼 추한 것은 없다
1e9244:155:0	{c:0b}生命ある者\n{c:0f}人の魂を位置づけるものは\n地位でもなく名誉でもない\n天の意志を知る心である	{c:0b}생명 있는 자\n{c:0f}사람의 영혼을 자리매김하는 것은\n지위도 아니요 명예도 아니다\n하늘의 뜻을 아는 마음이다
1e9244:156:0	{c:0b}正義とは\n{c:0f}正しきことの側面には\n常に悪しき影がつきまとう\n唯一絶対の正義とは神のみである	{c:0b}정의란\n{c:0f}옳은 일의 이면에는\n늘 악한 그림자가 따라다닌다\n유일절대의 정의란 신뿐이다
1e9244:157:0	{c:0b}神の存在\n{c:0f}神を疑う前に‥自らの存在を疑え\n今この瞬間に在るべき己を知ることそれが神の存在を知ることである	{c:0b}신의 존재\n{c:0f}신을 의심하기 전에‥ 자신의 존재를 의심하라\n지금 이 순간 있어야 할 자신을 아는 것 그것이 신의 존재를 아는 것이다
1e9244:158:0	最初のイベントへいきます	첫 이벤트로 갑니다
1e9bc4:51:0	{c:0b}ＨＯＬＩＸ\n{01:073b}{03:003b}{c:0f}を手に入れた！	{c:0b}ＨＯＬＩＸ\n{01:073b}{03:003b}{c:0f}을(를) 손에 넣었다！
1e9bc4:55:0	{c:0b}ＴＲＥＡＳＵＲＥ\n{01:0707}{03:0007}{c:0f}を手に入れた！	{c:0b}ＴＲＥＡＳＵＲＥ\n{01:0707}{03:0007}{c:0f}을(를) 손에 넣었다！
1e9bc4:57:0	{c:0b}ＴＲＥＡＳＵＲＥ\n{01:0723}{03:0023}{c:0f}を手に入れた！	{c:0b}ＴＲＥＡＳＵＲＥ\n{01:0723}{03:0023}{c:0f}을(를) 손에 넣었다！
1e9bc4:60:0	{c:0b}ＴＲＥＡＳＵＲＥ\n{01:0708}{03:0008}{c:0f}を手に入れた！	{c:0b}ＴＲＥＡＳＵＲＥ\n{01:0708}{03:0008}{c:0f}을(를) 손에 넣었다！
1e9bc4:62:0	{c:0b}ＡＲＭＯＲ\n{01:077b}{03:007b}{c:0f}を手に入れた！	{c:0b}ＡＲＭＯＲ\n{01:077b}{03:007b}{c:0f}을(를) 손에 넣었다！
1e9bc4:65:0	{c:0b}ＭＯＮＥＹ\n{c:0f}４ルクソルを手に入れた！	{c:0b}ＭＯＮＥＹ\n{c:0f}４룩솔을 손에 넣었다！
1e9bc4:67:0	{c:0b}ＴＯＯＬ\n{01:072b}{03:002b}{c:0f}を手に入れた！	{c:0b}ＴＯＯＬ\n{01:072b}{03:002b}{c:0f}을(를) 손에 넣었다！
1e9bc4:69:0	{c:0b}ＭＯＮＥＹ\n{c:0f}５ルクソルを手に入れた！	{c:0b}ＭＯＮＥＹ\n{c:0f}５룩솔을 손에 넣었다！
1e9bc4:71:0	{c:0b}ＭＯＮＥＹ\n{c:0f}１０ルクソルを手に入れた！	{c:0b}ＭＯＮＥＹ\n{c:0f}１０룩솔을 손에 넣었다！
1e9bc4:73:0	{c:0b}ＭＯＮＥＹ\n{c:0f}２ルクソルを手に入れた！	{c:0b}ＭＯＮＥＹ\n{c:0f}２룩솔을 손에 넣었다！
280c48:10:0	は　いいいえ	예　　아니오
280c48:26:0	{c:07}　『堅くて長持ち！！\n　　それが男ってもんだよなあ』\n{c:0f}　都の鍛冶屋から直接入荷！！\n{c:07}　　　　　　　　　　－防具屋－	{c:07}　『단단하고 오래간다！！\n　　그게 사나이라는 거지』\n{c:0f}　도성의 대장간에서 직접 입하！！\n{c:07}　　　　　　　　　　－방어구점－
280c48:31:0	{c:07}　『戦う男の必需品！！\n　　ひと味違うこの切れ味！！』\n{c:0f}　都の剣士も使っています\n{c:07}　　　　　　　　　　－武器屋－	{c:07}　『싸우는 남자의 필수품！！\n　　한 차원 다른 이 날카로움！！』\n{c:0f}　도성의 검사도 쓰고 있습니다\n{c:07}　　　　　　　　　　－무기점－
280c48:32:0	{c:07}　『ああ‥買ってて良かった\n　　旅のお供にしてください』\n{c:0f}　皆さんのお役に立ちます\n{c:07}　　　　　　　　　　－道具屋－	{c:07}　『아아‥ 사 두길 잘했다\n　　여행의 동반자로 삼아 주세요』\n{c:0f}　여러분께 도움이 됩니다\n{c:07}　　　　　　　　　　－도구점－
280c48:33:0	{c:07}　『旅する男のオアシス\n　　マーシュの宿屋へようこそ！』\n{c:0f}　お酒も飲めます\n{c:07}　　　　　　－マーシュの宿屋－{c:0f}	{c:07}　『여행하는 남자의 오아시스\n　　마시의 여관에 어서 오세요！』\n{c:0f}　술도 마실 수 있습니다\n{c:07}　　　　　　－마시의 여관－{c:0f}
280c48:56:0	ＢＯＯＫ\n{c:0f}本を手にとって開いた	ＢＯＯＫ\n{c:0f}책을 집어 들고 펼쳤다
280c48:57:0	{c:07}マーシュ{c:0f}	{c:07}마시{c:0f}
280c48:101:0	{c:07}オリベラ{c:0f}	{c:07}올리베라{c:0f}
280c48:102:0	{c:07}リンダ{c:0f}	{c:07}린다{c:0f}
280c48:103:0	{c:07}ユキ{c:0f}	{c:07}유키{c:0f}
280c48:104:0	{c:07}バスターギア{c:0f}	{c:07}버스터기어{c:0f}
280c48:105:0	{c:07}マッセ{c:0f}	{c:07}마세{c:0f}
280c48:106:0	{c:07}トン{c:0f}	{c:07}톤{c:0f}
280c48:107:0	{c:07}デーブ{c:0f}	{c:07}데브{c:0f}
280c48:108:0	{c:07}カアム{c:0f}	{c:07}카암{c:0f}
280c48:109:0	{c:07}おにいさん{c:0f}	{c:07}오빠{c:0f}
280c48:110:0	{c:07}おじいさん{c:0f}	{c:07}할아버지{c:0f}
280c48:111:0	{c:07}おねえさん{c:0f}	{c:07}아가씨{c:0f}
280c48:112:0	{c:07}おばさん{c:0f}	{c:07}아주머니{c:0f}
280c48:113:0	{c:07}宿屋の旅人{c:0f}	{c:07}여관의 나그네{c:0f}
280c48:114:0	{c:07}酔っぱらい{c:0f}	{c:07}술주정뱅이{c:0f}
280c48:115:0	{c:07}オルトナッシュ上級信者{c:0f}	{c:07}오르트나슈 상급 신자{c:0f}
280c48:116:0	{c:07}オルトナッシュ一般信者{c:0f}	{c:07}오르트나슈 일반 신자{c:0f}
280c48:117:0	{c:07}忍者{c:0f}	{c:07}닌자{c:0f}
280c48:118:0	{c:07}カアムのお母さん{c:0f}	{c:07}카암의 어머니{c:0f}
280c48:119:0	{c:07}町のおねえさん{c:0f}	{c:07}마을 아가씨{c:0f}
280c48:120:0	{c:07}聖なる光{c:0f}	{c:07}성스러운 빛{c:0f}
281404:100:0	{c:0b}ＳＡＶＥ\n{c:0f}ここまでの状況を記録してください	{c:0b}ＳＡＶＥ\n{c:0f}지금까지의 상황을 기록해 주세요
281404:101:0	\nそして‥さらに５年の歳月が流れ\n{name:0700}が\n１５歳に成長したある日‥‥\n重大な転機となる出来事が起こった	\n그리고‥ 다시 ５년의 세월이 흘러\n{name:0700}이(가)\n１５살로 자란 어느 날‥‥\n중대한 전환점이 될 사건이 일어났다
281404:101:1	\n我々‥オルトナッシュ布教団は\n本日ただ今より‥\nヤレムにおける布教活動を開始する	\n우리‥ 오르트나슈 포교단은\n오늘 지금 이 시각부터‥\n야렘에서의 포교 활동을 개시한다
281404:101:2	\nわかっていると思うが\n信者獲得は教祖様の至上命令であり人々の自由意志を尊重し布教を行う	\n알고 있겠지만\n신자 획득은 교주님의 지상 명령이며 사람들의 자유 의지를 존중하여 포교를 행한다
281404:101:3	\nでは‥‥{14:013c000000}始めましょう	\n그럼‥‥{14:013c000000}시작합시다
281404:2:0	\n人本来の自由がどうしたこうした‥しちめんどくさいこと言いやがってどうでもいいじゃねえか‥なあ！？	\n인간 본래의 자유가 어쩌고저쩌고‥ 귀찮은 소리나 늘어놓고 아무래도 상관없잖아‥ 안 그래！？
281404:7:0	\nこの町にも\nやっとオルトナッシュの布教が\n始まったんですねえ	\n이 마을에도\n드디어 오르트나슈 포교가\n시작됐군요
281404:8:0	\nオルトナッシュなるものを\nご存じかな？	\n오르트나슈라는 것을\n아시오？
281404:8:1	\nわが国‥ロードリー王国の西方で\nおこった新しい宗教ですよ	\n우리나라‥ 로드리 왕국 서쪽에서\n일어난 새 종교라오
281404:8:2	\n教祖は幼い男児で\n救世主ラザレスの生まれ変わりを\n称しているんです	\n교주는 어린 사내아이인데\n구세주 라자레스의 환생이라고\n칭하고 있다오
281404:9:0	\n近年‥国王が\n新生イシュメリア皇国と盟約を結びオルトナッシュ布教を許したとか	\n근래‥ 국왕께서\n신생 이슈메리아 황국과 맹약을 맺고 오르트나슈 포교를 허락했다던가
281404:9:1	\nわが国の聖教は\nどうなってしまうことやら‥‥	\n우리나라의 성교는\n어떻게 되려는지‥‥
281404:11:0	\nばあか	\n바보
281404:12:0	\n教会の前に\n人だかりが\nできてるらしいじゃない	\n교회 앞에\n사람들이\n모여 있다던데
281404:12:1	\n何かもらえるかも\nしれないから\nあんた行っておいで！	\n뭐라도 받을 수 있을지\n모르니까\n너 가 보고 와！
281404:12:2	\nそうだ‥\nチータンも\n連れてっていいよ	\n그래‥\n치탄도\n데려가도 돼
281404:26:0	\n何にもくれなかったの？\nケチな連中ね	\n아무것도 안 줬어？\n쩨쩨한 놈들이네
281404:15:0	\nおはよう\n{name:0f00}	\n좋은 아침\n{name:0f00}
281404:16:0	\nカアムちゃんのことを\nお母さんが捜してたわ	\n카암의\n어머니가 찾고 계셨어
281404:16:1	\n昨日から\n帰ってこないんだって	\n어제부터\n안 돌아왔대
281404:18:0	\nオリベラにもらってこい	\n올리베라한테 받아 와
281404:19:0	\nおめえに話があるから\n人だかり見物したら\n地下室へ来な	\n너한테 할 얘기가 있으니\n구경 다 하면\n지하실로 와라
281404:28:0	\n来たな	\n왔구나
281404:28:1	\n実はな\nこの町の子供達が\n行方不明らしい	\n실은 말이다\n이 마을 아이들이\n행방불명이란다
281404:28:2	\n今朝\nカアムのお袋さんが来て\n捜してくれと頼まれた	\n오늘 아침\n카암네 어머니가 와서\n찾아 달라고 부탁하더군
281404:28:3	\n手がら立てさせてやる\n俺の代わりに\nおめえが行って来い	\n공을 세우게 해 주마\n나 대신\n네가 다녀와라
281404:29:0	\nふふん\nこいつを持っていきな	\n흐흥\n이걸 가져가라
281404:29:1	ＴＲＥＡＳＵＲＥ\n{c:0f}{01:0708}{03:0008}をもらった！	ＴＲＥＡＳＵＲＥ\n{c:0f}{01:0708}{03:0008}을(를) 받았다！
281404:29:2	\n気をつけな\n{01:0708}{03:0008}でも\n開かない扉があるぜ	\n조심해라\n{01:0708}{03:0008}으로도\n안 열리는 문이 있다
281404:30:0	\nまずは\n領事館に入る方法を\n見つけるんだな	\n우선은\n영사관에 들어갈 방법을\n찾아야겠지
281404:21:0	\nほら‥\nこれを持っておいき	\n자‥\n이거 가져가렴
281404:21:1	ＴＲＥＡＳＵＲＥ\n{c:0f}{01:0707}{03:0007}を３個もらった！	ＴＲＥＡＳＵＲＥ\n{c:0f}{01:0707}{03:0007}을(를) ３개 받았다！
281404:22:0	\nほら‥持っておいき\n	\n자‥ 가져가렴\n
281404:22:1	ＴＲＥＡＳＵＲＥ\n{c:0f}{01:0707}{03:0007}を１個もらった！	ＴＲＥＡＳＵＲＥ\n{c:0f}{01:0707}{03:0007}을(를) １개 받았다！
281404:23:0	\nなんだか知らないけど\n教会の前に‥人が\nいっぱい集まってるよ	\n뭔지는 모르겠지만\n교회 앞에‥ 사람들이\n잔뜩 모여 있어
281404:25:0	\nがんばるんだよ	\n힘내렴
281404:25:1	\nほら‥持っておいき	\n자‥ 가져가렴
281404:25:2	ＴＲＥＡＳＵＲＥ\n{c:0f}{01:0707}{03:0007}を１個もらった！	ＴＲＥＡＳＵＲＥ\n{c:0f}{01:0707}{03:0007}을(를) １개 받았다！
281404:31:0	\nあなたの声を\n私に聞かせて‥‥ファウ	\n당신의 목소리를\n내게 들려줘요‥‥ 파우
281e8c:0:0	ＮＯＴＥ\n{c:0f}マッセの走り書きを見つけた！	ＮＯＴＥ\n{c:0f}마세의 휘갈겨 쓴 쪽지를 발견했다！
281e8c:0:1	もうすぐ‥やつらがやってくる\nカアムちゃんもトンもデーブも\nみんな捕まった\n次は‥‥ぼくの番だ	이제 곧‥ 그놈들이 올 거야\n카암도 톤도 데브도\n다 붙잡혔어\n다음은‥‥ 내 차례야
281e8c:0:2	{name:0f00}！\nこれを見つけたら助けに来て！\nきっと地下室に\n閉じこめられているはずだから‥‥	{name:0f00}！\n이걸 발견하면 구하러 와 줘！\n분명 지하실에\n갇혀 있을 테니까‥‥
281e8c:3:0	\n助けに来てくれたのね\n{name:0f00}！	\n구하러 와 줬구나\n{name:0f00}！
281e8c:4:0	\nお散歩してる時に\n変わったお守り{03:0015}を拾って‥‥\n‥‥ほんとに恐かったわ	\n산책하다가\n특이한 부적{03:0015}을 주웠는데‥‥\n‥‥정말 무서웠어
281e8c:6:0	\n早く‥ほどいてくれよ！\nここから逃げないと！	\n빨리‥ 풀어 줘！\n여기서 도망쳐야 해！
281e8c:7:0	\n気をつけろよ\n忍者みたいなやつらがいたぞ	\n조심해\n닌자 같은 놈들이 있었어
281e8c:9:0	\n助かったあ‥‥\n怪しい連中に捕まって\nここに閉じこめられたんだ！	\n살았다아‥‥\n수상한 놈들한테 붙잡혀서\n여기 갇혔었어！
281e8c:10:0	\nどうして{name:0f00}だけ\n捕まらなかったんだろう？	\n왜 {name:0f00}만\n안 잡혔을까？
281e8c:12:0	\n{name:0f00}！\nきっと来てくれると思ってたよ	\n{name:0f00}！\n꼭 와 줄 줄 알았어
281e8c:13:0	\n早く‥脱出しよう	\n빨리‥ 탈출하자
281e8c:14:0	\nよしッ！\nみんな逃げよう！！	\n좋아！\n다들 도망치자！！
281e8c:15:0	\n覚悟してもらおう！！	\n각오해라！！
281e8c:15:1	\nふん‥あほうがッ\n隠れんぼしてんじゃねえ	\n흥‥ 멍청한 놈\n숨바꼭질하는 것도 아니고
281e8c:15:2	\nてめえ‥\nなに考えてやがる\nふざけんじゃねえぞ！	\n네 이놈‥\n무슨 생각이냐\n까불지 마라！
281e8c:15:3	\nふざける‥‥？\nいやぁ\n俺はいたって真剣だぜぇ	\n까분다‥‥？\n천만에\n난 지극히 진지하다고
281e8c:15:4	\nそこのガキを\n始末させてもらう	\n거기 꼬맹이를\n처리해야겠어
281e8c:15:5	\nぬッ！？	\n뭣！？
281e8c:15:6	\n‥‥つもりだったが\n気が変わった	\n‥‥할 생각이었는데\n마음이 바뀌었다
281e8c:15:7	\nおいッ‥こぞう！	\n어이‥ 꼬마！
281e8c:15:8	\n何故に生まれたのか\n何の為に生きているのか\n何もわからんのだろう？	\n왜 태어났는지\n무엇을 위해 살고 있는지\n아무것도 모르겠지？
281e8c:15:9	\nおまえの母親のことも\n命を狙われる理由も\n何も知らんのだろう？	\n네 어미에 대해서도\n목숨을 노리는 이유도\n아무것도 모르겠지？
281e8c:15:10	\nおまえがここで\nくすぶってるなら\n死んだも同然‥‥	\n네가 여기서\n썩고 있을 거라면\n죽은 거나 마찬가지‥‥
281e8c:15:11	\n俺が\n手をくだすまでもない	\n내가\n손을 쓸 것까지도 없다
281e8c:15:12	\nあいつの生まれ変わりが\nこの程度のものか‥‥	\n그 녀석의 환생이\n고작 이 정도인가‥‥
281e8c:15:13	\nくくッ‥もしも‥‥\n救世主とやらの力を\nおまえが取り戻したら	\n크큭‥ 만약‥‥\n구세주인가 뭔가의 힘을\n네가 되찾는다면
281e8c:15:14	\n存分に利用したうえで\n俺の手で\n殺してやれるのになあ	\n실컷 이용한 다음에\n내 손으로\n죽여 줄 수 있을 텐데 말이야
281e8c:15:15	\nおまえが何者なのか‥‥\nそんなことは関係ねえ\nだがな‥忘れるな	\n네가 누구든‥‥\n그런 건 상관없다\n하지만‥ 잊지 마라
281e8c:15:16	\n人は‥自らの運命と\n戦わなくちゃならねえ	\n사람은‥ 자신의 운명과\n싸워야만 한다
281e8c:15:17	\nそして‥おまえにも\nそいつが来た\n‥‥それだけのことよ	\n그리고‥ 너에게도\n그때가 왔다\n‥‥그뿐이다
281e8c:15:18	\nこいつを持っていけ\n大したもんじゃねえが\n今のおまえには充分だ	\n이걸 가져가라\n대단한 건 아니지만\n지금의 너한테는 충분하다
281e8c:15:19	ＷＥＡＰＯＮ\n{c:0f}{01:0762}{03:0062}を装備した！	ＷＥＡＰＯＮ\n{c:0f}{01:0762}{03:0062}을(를) 장비했다！
281e8c:15:20	\nそれからっと‥‥\n俺が手紙を書いてやる	\n그리고 말이지‥‥\n내가 편지를 써 주마
281e8c:15:21	\n海賊島へ行ったら\n頭目のシャーキンに会え\n協力してくれるはずだ	\n해적섬에 가면\n두목 샤킨을 만나라\n협력해 줄 거다
281e8c:15:22	\n行っちまうんだねえ\nでも‥男の子だから\nしょうがないよ	\n가 버리는구나\n하지만‥ 사내아이니까\n어쩔 수 없지
281e8c:15:23	\nむだ飯ぐらいが減って\nちょうど\n良かったじゃない	\n밥만 축내던 녀석이 줄어서\n딱\n잘됐잖아
281e8c:15:24	\nリンダッ！\nあんたって子は‥‥	\n린다！\n너라는 애는‥‥
281e8c:15:25	\nはいはい\nどうせ私はイジワルよ！	\n네네\n어차피 난 심술쟁이라고！
281e8c:15:26	\nまったく‥‥	\n정말이지‥‥
281e8c:15:27	\nはい‥これ	\n자‥ 이거
281e8c:15:28	ＭＯＮＥＹ\n{c:0f}１００ルクソルを受け取った！	ＭＯＮＥＹ\n{c:0f}１００룩솔을 받았다！
281e8c:15:29	\nみんなで\nお金を出し合ったの	\n다 같이\n돈을 모았어
281e8c:15:30	\n‥‥リンダが\nいちばん多く出したのよ	\n‥‥린다가\n제일 많이 냈단다
281e8c:15:31	\n気をつけて‥‥\nつらかったら‥いつでも\n帰ってきていいのよ	\n조심해‥‥\n힘들면‥ 언제든\n돌아와도 돼
281e8c:15:32	\nああッ！\nその首飾りは‥‥ッ！！	\n아앗！\n그 목걸이는‥‥！！
281e8c:15:33	\nいいじゃないか\nせん別に持たせておやり	\n괜찮잖니\n작별 선물로 들려 보내렴
281e8c:15:34	\n私のお気に入りなのにッ！	\n내가 아끼는 건데！
281e8c:15:35	\nいいじゃねえか　リンダ！	\n괜찮잖아　린다！
281e8c:15:36	\nふんッ‥\n勝手にすれば！？	\n흥‥\n마음대로 해！？
281e8c:15:37	\n（ま‥いっか‥‥\nもともと‥あの子と\n捨てられてたもんだし）	\n（뭐‥ 됐나‥‥\n원래‥ 저 애랑 같이\n버려져 있던 거니까）
281e8c:15:38	を手に入れた	을(를) 손에 넣었다
281e8c:15:39	\nそうそう\n忘れるところだった	\n참참\n깜빡할 뻔했네
281e8c:15:40	ＴＲＥＡＳＵＲＥ\n{c:0f}{01:071c}{03:001c}を受け取った！	ＴＲＥＡＳＵＲＥ\n{c:0f}{01:071c}{03:001c}을(를) 받았다！
281e8c:15:41	\nその短剣は\nあんたと一緒に\n捨てられてたものだよ	\n그 단검은\n너와 함께\n버려져 있던 거란다
281e8c:15:42	\n何かの\n役に立つかもしれない\n持ってお行き	\n뭔가\n쓸모가 있을지도 몰라\n가져가렴
281e8c:15:43	\n自分の生き様を探す旅だ\nつらく苦しいことが\nたくさんあるだろう	\n자신의 살아갈 길을 찾는 여행이다\n괴롭고 힘든 일이\n많이 있겠지
281e8c:15:44	\nだが‥負けんじゃねえぞ\nあれが俺の息子だって\nほこれるような男になれ	\n하지만‥ 지지 마라\n저게 내 아들이라고\n자랑할 수 있는 사내가 되어라
281e8c:15:45	\n‥‥がんばれよ	\n‥‥힘내라
282c18:0:0	\nみなさん\nよくお集まりいただきました	\n여러분\n잘 모여 주셨습니다
282c18:0:1	\n今日は‥みなさんに\n{c:0b}救世の祈り{c:0f}　オルトナッシュの\nすばらしさを理解していただきます	\n오늘은‥ 여러분께\n{c:0b}구세의 기도{c:0f}　오르트나슈의\n훌륭함을 알려 드리겠습니다
282c18:0:2	\nそも‥人とはいかに生きるべきか！古い慣習や　しきたりに縛られ\n心の自由を奪われてはいないか！？	\n대저‥ 사람은 어떻게 살아야 하는가！ 낡은 관습이나　풍습에 얽매여\n마음의 자유를 빼앗기고 있지는 않습니까！？
282c18:0:3	\nこの世紀末に予言されている\n{c:0b}滅びの獣{c:0f}の復活を阻止すべく\n救世主が再臨なされました	\n이 세기말에 예언된\n{c:0b}멸망의 짐승{c:0f}의 부활을 막기 위해\n구세주께서 재림하셨습니다
282c18:0:4	\nオルトナッシュ教祖にして\n我らが教皇であらせられる\n{c:0b}ヴェルメッサ{c:0f}様でございます	\n오르트나슈의 교주이자\n우리의 교황이신\n{c:0b}베르메사{c:0f} 님이십니다
282c18:0:5	\n教祖様はエイナス世界の救世主\nラザレスの生まれ変わりであり\n幼い姿のまま歳をとりません！	\n교주님은 에이너스 세계의 구세주\n라자레스의 환생이시며\n어린 모습 그대로 나이를 드시지 않습니다！
282c18:0:6	\nみなさん！	\n여러분！
282c18:0:7	\n我らの祈りの力を結集し\nこの世界を救うのです！！	\n우리의 기도의 힘을 모아\n이 세계를 구하는 것입니다！！
282c18:0:8	\nさあ‥我らと共に\n救世の一助たらんと望む方は\nこちらへいらしてください	\n자‥ 우리와 함께\n구세의 한 힘이 되고자 하시는 분은\n이쪽으로 오십시오
282c18:0:9	\nよぉし‥俺はいくぞ！！	\n좋아‥ 나는 간다！！
282c18:2:0	\n都へ出たわしの息子も\nオルトナッシュに\n入信したらしくてな‥‥	\n도성에 나간 내 아들도\n오르트나슈에\n입신했다는 모양이라‥‥
282c18:2:1	\n息子が入信したわけが\n少しだけわかった気がするよ	\n아들이 입신한 이유를\n조금은 알 것 같구먼
282c18:3:0	\n思っていたより\nまともそうじゃないか	\n생각했던 것보다\n멀쩡해 보이잖아
282c18:3:1	\n王国の聖教は堅苦しいし\nオルトナッシュに\n入信してもいいかな	\n왕국의 성교는 딱딱하고\n오르트나슈에\n입신해 볼까
282c18:4:0	\nたしかに‥教会の教えって\nあれもダメ‥これもダメって\nかたっ苦しいわよね	\n확실히‥ 교회 가르침은\n이것도 안 돼‥ 저것도 안 돼\n너무 딱딱하잖아
282c18:5:0	\nまったく‥バチ当たりな連中じゃ！	\n정말이지‥ 벌 받을 놈들이구먼！
282c18:6:0	\nあの人たち‥教会へ入っていたけどマリアさんとか大丈夫かしら‥‥	\n저 사람들‥ 교회에 들어갔는데 마리아 씨는 괜찮을까‥‥
282c18:7:0	\nなんだか‥うさん臭い連中ね	\n왠지‥ 수상쩍은 놈들이네
282c18:8:0	\n‥‥‥‥‥‥‥‥‥‥‥‥	\n‥‥‥‥‥‥‥‥‥‥‥‥
282c18:9:0	\n信者の証{01:0715}{03:0015}\n持っていない方は\nお通しできませんぞ	\n신자의 증표{01:0715}{03:0015}를\n가지고 있지 않은 분은\n지나가실 수 없소
282c18:11:0	\n確かに‥‥	\n확실히‥‥
282c18:14:0	ＮＯＴＩＣＥ\n{c:0f}ドアに張り紙が張ってある！	ＮＯＴＩＣＥ\n{c:0f}문에 쪽지가 붙어 있다！
282c18:14:1	ごめんなさ～い\n今日はお休みしま～す\n\n{c:07}　　　　　　　　　　－防具屋－	죄송해요～\n오늘은 쉽니다～\n\n{c:07}　　　　　　　　　　－방어구점－
282c18:15:0	ＮＯＴＩＣＥ\n{c:0f}ドアに張り紙が張ってある！	ＮＯＴＩＣＥ\n{c:0f}문에 쪽지가 붙어 있다！
282c18:15:1	お客さま‥申し訳ありません\n本日は休みとさせていただきます\n\n{c:07}　　　　　　　　　　－武器屋－	손님‥ 죄송합니다\n오늘은 휴업하겠습니다\n\n{c:07}　　　　　　　　　　－무기점－
282c18:16:0	ＮＯＴＩＣＥ\n{c:0f}ドアに張り紙が張ってある！	ＮＯＴＩＣＥ\n{c:0f}문에 쪽지가 붙어 있다！
282c18:16:1	またのご来店を\nお待ちいたしております\n\n{c:07}　　　　　　　　　　－道具屋－	다시 찾아 주시기를\n기다리겠습니다\n\n{c:07}　　　　　　　　　　－도구점－
282c18:17:0	\nあら‥{name:0f00}ちゃん	\n어머‥ {name:0f00}
282c18:17:1	\nカアムが昨日の夜から\n帰ってこないのよ\nどうしたのか心配で心配で‥‥	\n카암이 어젯밤부터\n돌아오지 않아\n무슨 일인지 걱정돼서‥‥
282c18:17:2	\n見つけたら\n帰ってくるように言ってちょうだい	\n보면\n돌아오라고 전해 주렴
282c18:18:0	\nオルトナッシュだか何だか知らぬが町を占拠しおって！！	\n오르트나슈인지 뭔지는 모르겠다만 마을을 점거하다니！！
282c18:19:0	\n俺の決心はかたい！\nこの世界のために\n命を投げうつ覚悟はできてるんだ！	\n내 결심은 굳다！\n이 세계를 위해\n목숨을 내던질 각오는 되어 있어！
282c18:20:0	\nフフフ‥‥\n君もオルトナッシュに\n入信したいのかね？	\n후후후‥‥\n자네도 오르트나슈에\n입신하고 싶은가？
282c18:20:1	\nふふん‥‥\nまあ‥決心がついたら来なさい	\n흐흥‥‥\n뭐‥ 결심이 서면 오게나
282c18:21:0	\nふむ‥‥\n君は聖教の祝福を受けているね	\n흠‥‥\n자네는 성교의 축복을 받았군
282c18:21:1	\nオルトナッシュに入るには\n改宗の儀式を受けねばならん	\n오르트나슈에 들어오려면\n개종 의식을 받아야 하네
282c18:21:2	\nそれでも‥いいかね	\n그래도‥ 괜찮겠나
282c18:21:3	\nふふん‥‥\nまあ‥決心がついたら来なさい	\n흐흥‥‥\n뭐‥ 결심이 서면 오게나
282c18:22:0	\nよろしい！\nそれでは‥儀式を執り行おう‥‥	\n좋다！\n그럼‥ 의식을 거행하지‥‥
282c18:22:1	\nハッハッハッハッハッ‥‥‥	\n하하하하하‥‥‥
282c18:25:0	ＵＳＥＬＥＳＳ\n{c:0f}何の反応もなかった‥‥	ＵＳＥＬＥＳＳ\n{c:0f}아무 반응도 없었다‥‥
2833dc:0:0	{c:0b}冒険者の心得１\n{c:0f}子供には必要ない\n旅立つ若者におくる\n冒険者のための本！	{c:0b}모험가의 마음가짐１\n{c:0f}어린애한테는 필요 없다\n길을 떠나는 젊은이에게 보내는\n모험가를 위한 책！
2833dc:2:0	{c:0b}冒険者の心得２\n{c:0f}一般の冒険者は‥ただ歩く\n歩いて敵と戦い‥また歩く\n本当の冒険も知らないで‥‥	{c:0b}모험가의 마음가짐２\n{c:0f}보통 모험가는‥ 그저 걷는다\n걸어서 적과 싸우고‥ 또 걷는다\n진짜 모험도 모른 채‥‥
2833dc:3:0	{c:0b}冒険者の心得３\n{c:0f}ナゾを知るには注意深くなれ！\nカベや床のちょっとした違いが\n分かるようになれば一人前だ！	{c:0b}모험가의 마음가짐３\n{c:0f}수수께끼를 알려면 주의 깊어져라！\n벽이나 바닥의 사소한 차이를\n알아챌 수 있게 되면 한 사람 몫이다！
2833dc:4:0	{c:0b}冒険者の心得４\n{c:0f}お金（ルクソル）は大切に使え！\n持ってるだけ全て使ってしまう者はいつも貧乏することになるだろう	{c:0b}모험가의 마음가짐４\n{c:0f}돈(룩솔)은 소중히 써라！\n가진 만큼 다 써 버리는 자는 늘 가난하게 살게 될 것이다
2833dc:5:0	{c:0b}冒険者の心得５\n{c:0f}町を出る前には回復薬を\n５～１０個　持っておくと良い\n必ず役に立つことがあるはずだ	{c:0b}모험가의 마음가짐５\n{c:0f}마을을 나서기 전에는 회복약을\n５～１０개　가지고 있으면 좋다\n반드시 쓸모가 있을 것이다
2833dc:6:0	{c:0b}冒険者の心得６\n{c:0f}僧侶や魔法使いのように\n魔法の使い手を志す者は\n子供のうちに本を読んでおくこと	{c:0b}모험가의 마음가짐６\n{c:0f}승려나 마법사처럼\n마법을 다루는 자가 되려는 자는\n어릴 때 책을 읽어 둘 것
2833dc:7:0	{c:0b}冒険者の心得７\n{c:0f}魔法を唱えるには　呪文書と\nこの世を形作る元素ホリクス\nそして魔法の才能が必要である	{c:0b}모험가의 마음가짐７\n{c:0f}마법을 외우려면　주문서와\n이 세상을 이루는 원소 호릭스\n그리고 마법의 재능이 필요하다
2833dc:8:0	{c:0b}冒険者の心得８\n{c:0f}戦いは冷静であることを心がける\n自分の戦い方が身につくまで\n単調な選択はさけ色々ためすこと	{c:0b}모험가의 마음가짐８\n{c:0f}싸움에서는 냉정함을 유지하라\n자신의 싸움 방식이 몸에 밸 때까지\n단조로운 선택은 피하고 이것저것 시험할 것
2833dc:9:0	{c:0b}エイナス神話１\n{c:0f}エイナス（ＡＮＥＡＲＴＨ）世界は五振りの霊剣によって顕現されし\n五元のホリクスの力で創造された	{c:0b}에이너스 신화１\n{c:0f}에이너스(ＡＮＥＡＲＴＨ) 세계는 다섯 자루의 영검으로 현현된\n오원(五元)의 호릭스의 힘으로 창조되었다
2833dc:10:0	{c:0b}エイナス神話２\n{c:0f}地の霊剣たる巨剣アッシャーは\n伝説の巨人ガイアスをして\n{01:0738}{03:0038}{c:0f}の神とした	{c:0b}에이너스 신화２\n{c:0f}땅의 영검인 거검 아셔는\n전설의 거인 가이아스를\n{01:0738}{03:0038}{c:0f}의 신으로 삼았다
2833dc:11:0	{c:0b}エイナス神話３\n{c:0f}水の霊剣{03:005f}{01:075f}{c:0f}は\n精霊の長ポツレスをして\n{01:0739}{03:0039}{c:0f}の神とした	{c:0b}에이너스 신화３\n{c:0f}물의 영검 {03:005f}{01:075f}{c:0f}는\n정령의 우두머리 포츠레스를\n{01:0739}{03:0039}{c:0f}의 신으로 삼았다
2833dc:12:0	{c:0b}エイナス神話４\n{c:0f}火の霊剣たる皇剣ティルトリテラは冥界の皇ビラグリスをして\n{01:073a}{03:003a}{c:0f}の神とした	{c:0b}에이너스 신화４\n{c:0f}불의 영검인 황검 티르트리테라는 명계의 황제 비라그리스를\n{01:073a}{03:003a}{c:0f}의 신으로 삼았다
2833dc:13:0	{c:0b}エイナス神話５\n{c:0f}風の霊剣{03:0060}{01:0760}{c:0f}は\n人の勇者ラザレスをして\n{01:073b}{03:003b}{c:0f}の神とした	{c:0b}에이너스 신화５\n{c:0f}바람의 영검 {03:0060}{01:0760}{c:0f}는\n인간 용사 라자레스를\n{01:073b}{03:003b}{c:0f}의 신으로 삼았다
2833dc:14:0	{c:0b}エイナス神話６\n{c:0f}空の霊剣たる聖剣ファルトラルは\n龍神トゥルケスをして\n{01:073c}{03:003c}{c:0f}の神とした	{c:0b}에이너스 신화６\n{c:0f}하늘의 영검인 성검 파르트랄은\n용신 투르케스를\n{01:073c}{03:003c}{c:0f}의 신으로 삼았다
2833dc:15:0	{c:0b}エイナス神話７\n{c:0f}古代イシュメリア時代\n五元の神をまつる神殿が\n世界の至る所に創られたといわれる	{c:0b}에이너스 신화７\n{c:0f}고대 이슈메리아 시대\n오원의 신을 모시는 신전이\n세계 곳곳에 세워졌다고 전해진다
2833dc:16:0	{c:0b}エイナス神話８\n{c:0f}隆盛をほこった古代イシュメリアも一千年前に現れた滅びの獣によって終えんをむかえた	{c:0b}에이너스 신화８\n{c:0f}융성을 자랑하던 고대 이슈메리아도 일천 년 전에 나타난 멸망의 짐승에 의해 종말을 맞이했다
2833dc:17:0	{c:0b}正義とは\n{c:0f}正しきことの側面には\n常に悪しき影がつきまとう\n唯一絶対の正義とは神のみである	{c:0b}정의란\n{c:0f}옳은 일의 이면에는\n늘 악한 그림자가 따라다닌다\n유일절대의 정의란 신뿐이다
2833dc:18:0	{c:0b}神の存在\n{c:0f}神を疑う前に‥自らの存在を疑え\n今この瞬間に在るべき己を知ることそれが神の存在を知ることである	{c:0b}신의 존재\n{c:0f}신을 의심하기 전에‥ 자신의 존재를 의심하라\n지금 이 순간 있어야 할 자신을 아는 것 그것이 신의 존재를 아는 것이다
2833dc:19:0	\nお～い\n待ってくれよ！	\n어～이\n기다려 줘！
2833dc:19:1	\nこれをみて	\n이것 좀 봐
2833dc:19:2	\n気がついたら\nみんなの宝石が\n光ってたんだ	\n정신을 차려 보니\n다들 가진 보석이\n빛나고 있었어
2833dc:19:3	\nそれから　これも‥	\n그리고　이것도‥
2833dc:19:4	\nねえ{name:0f00}\nあなたのも見せてよ	\n있잖아 {name:0f00}\n네 것도 보여 줘
2833dc:19:5	\nなんだこれ！	\n이게 뭐야！
2833dc:19:6	\nこれはあなたが持っていって\nきっとなにかの\n役に立つと思うの	\n이건 네가 가져가\n분명 뭔가\n쓸모가 있을 거야
2833dc:19:7	ＴＲＥＡＳＵＲＥ\n{c:0f}{c:07}誓いのホリクス{03:0037}{c:0f}を手に入れた	ＴＲＥＡＳＵＲＥ\n{c:0f}{c:07}맹세의 호릭스{03:0037}{c:0f}을(를) 손에 넣었다
2833dc:19:8	\nまた逢おうね	\n또 만나자
2833dc:19:9	\nそれじゃあね	\n그럼 안녕
2833dc:19:10	\n元気でな	\n잘 지내
2833dc:19:11	\n‥‥元気で‥ね	\n‥‥잘 지내‥ 야
284170:56:0	ＭＯＮＥＹ\n{c:0f}２ルクソルを手に入れた	ＭＯＮＥＹ\n{c:0f}２룩솔을 손에 넣었다
284170:53:0	ＭＯＮＥＹ\n{c:0f}４ルクソルを手に入れた	ＭＯＮＥＹ\n{c:0f}４룩솔을 손에 넣었다
284170:55:0	ＴＲＥＡＳＵＲＥ\n{c:0f}{01:0708}{03:0008}を手に入れた	ＴＲＥＡＳＵＲＥ\n{c:0f}{01:0708}{03:0008}을(를) 손에 넣었다
284170:65:0	ＭＯＮＥＹ\n{c:0f}５ルクソルを手に入れた	ＭＯＮＥＹ\n{c:0f}５룩솔을 손에 넣었다
284170:68:0	ＴＯＯＬ\n{c:0f}{01:072b}{03:002b}を手に入れた	ＴＯＯＬ\n{c:0f}{01:072b}{03:002b}을(를) 손에 넣었다
284170:71:0	ＭＯＮＥＹ\n{c:0f}１０ルクソルを手に入れた	ＭＯＮＥＹ\n{c:0f}１０룩솔을 손에 넣었다
284170:76:0	ＴＲＥＡＳＵＲＥ\n{c:0f}{01:0715}{03:0015}を手に入れた	ＴＲＥＡＳＵＲＥ\n{c:0f}{01:0715}{03:0015}을(를) 손에 넣었다
284170:80:0	ＴＲＥＡＳＵＲＥ\n{c:0f}{01:0709}{03:0009}を手に入れた	ＴＲＥＡＳＵＲＥ\n{c:0f}{01:0709}{03:0009}을(를) 손에 넣었다
284718:152:0	ＬＯＣＫＥＤ\n{c:0f}鍵が、かかっていて開かない！	ＬＯＣＫＥＤ\n{c:0f}자물쇠가 잠겨 있어서 열리지 않는다！
284718:160:0	ＦＡＩＬＥＤ\n{c:0f}解錠に失敗した！	ＦＡＩＬＥＤ\n{c:0f}자물쇠 따기에 실패했다！
284718:162:0	ＢＲＯＫＥＮ\n{c:0f}{01:0707}{03:0007}が壊れた！	ＢＲＯＫＥＮ\n{c:0f}{01:0707}{03:0007}이(가) 부서졌다！
284718:163:0	ＵＮＬＯＣＫ\n{c:0f}扉の錠を開いた！	ＵＮＬＯＣＫ\n{c:0f}문의 자물쇠를 열었다！
284718:164:0	ＵＮＬＯＣＫ\n{c:0f}扉の錠を開いた！	ＵＮＬＯＣＫ\n{c:0f}문의 자물쇠를 열었다！
284718:173:0	ＬＯＣＫＥＤ\n{c:0f}鍵が、かかっていて開かない！	ＬＯＣＫＥＤ\n{c:0f}자물쇠가 잠겨 있어서 열리지 않는다！
284718:174:0	ＵＮＬＯＣＫ\n{c:0f}扉の錠を開いた！	ＵＮＬＯＣＫ\n{c:0f}문의 자물쇠를 열었다！
31e910:10:0	はい\nいいえ	예\n아니오
31e910:101:0	{c:07}カシム\n{c:0f}	{c:07}카심\n{c:0f}
31e910:102:0	{c:07}ナーシャ\n{c:0f}	{c:07}나샤\n{c:0f}
31e910:103:0	{c:07}紫炎アディス\n{c:0f}	{c:07}자염의 아디스\n{c:0f}
31e910:104:0	{c:07}ヴェストリル\n{c:0f}	{c:07}베스트릴\n{c:0f}
31e910:105:0	{c:07}マーシュ\n{c:0f}	{c:07}마시\n{c:0f}
31e910:106:0	{c:07}オリベラ\n{c:0f}	{c:07}올리베라\n{c:0f}
31e910:107:0	{c:07}リンダ\n{c:0f}	{c:07}린다\n{c:0f}
31e910:108:0	{c:07}ユキ\n{c:0f}	{c:07}유키\n{c:0f}
31e910:109:0	{c:07}グレゴリー爺さん\n{c:0f}	{c:07}그레고리 할아범\n{c:0f}
31e910:110:0	{c:07}チャック\n{c:0f}	{c:07}척\n{c:0f}
31e910:111:0	{c:07}マクガイア\n{c:0f}	{c:07}맥과이어\n{c:0f}
31e910:112:0	{c:07}シスターマリア\n{c:0f}	{c:07}시스터 마리아\n{c:0f}
31e910:113:0	{c:07}おじいさん\n{c:0f}	{c:07}할아버지\n{c:0f}
31e910:114:0	{c:07}デーブくん\n{c:0f}	{c:07}데브\n{c:0f}
31e910:115:0	{c:07}トンちゃん\n{c:0f}	{c:07}톤\n{c:0f}
31e910:116:0	{c:07}おにいさん\n{c:0f}	{c:07}오빠\n{c:0f}
31e910:117:0	{c:07}聖なる光\n{c:0f}	{c:07}성스러운 빛\n{c:0f}
31e910:118:0	{c:07}マッセくん\n{c:0f}	{c:07}마세\n{c:0f}
31e910:119:0	{c:07}カアムちゃん\n{c:0f}	{c:07}카암\n{c:0f}
31e910:120:0	{c:07}ヤレムの司祭\n{c:0f}	{c:07}야렘의 사제\n{c:0f}
31e910:121:0	{c:07}ヤレムの領主\n{c:0f}	{c:07}야렘의 영주\n{c:0f}
31e910:122:0	{c:07}召使いのお姉さん\n{c:0f}	{c:07}하녀 아가씨\n{c:0f}
31e910:123:0	{c:07}武器屋のあんちゃん\n{c:0f}	{c:07}무기점 형씨\n{c:0f}
31e910:124:0	{c:07}防具屋のねえちゃん\n{c:0f}	{c:07}방어구점 누나\n{c:0f}
31e910:125:0	{c:07}道具屋のにいちゃん\n{c:0f}	{c:07}도구점 형\n{c:0f}
31e910:126:0	{c:07}カアムちゃんのお母さん\n{c:0f}	{c:07}카암의 어머니\n{c:0f}
31e910:127:0	{c:07}執事\n{c:0f}	{c:07}집사\n{c:0f}
31e910:128:0	{c:07}宿屋の客\n{c:0f}	{c:07}여관 손님\n{c:0f}
31e910:129:0	{c:07}宿屋の旅人\n{c:0f}	{c:07}여관의 나그네\n{c:0f}
31e910:130:0	{c:07}修道僧\n{c:0f}	{c:07}수도승\n{c:0f}
31e910:131:0	{c:07}町のおねえさん\n{c:0f}	{c:07}마을 아가씨\n{c:0f}
31e910:132:0	{c:07}おばさん\n{c:0f}	{c:07}아주머니\n{c:0f}
31e910:133:0	{c:07}おねえさん\n{c:0f}	{c:07}아가씨\n{c:0f}
31e910:134:0	{c:0b}ＭＯＮＥＹ\n{c:0f}	{c:0b}ＭＯＮＥＹ\n{c:0f}
31e910:135:0	アイテムがいっぱいでもてない！	아이템이 가득 차서 들 수 없다！
31e910:136:0	{c:07}お客さん\n{c:0f}	{c:07}손님\n{c:0f}
31e910:190:0	{c:0b}ＢＯＯＫ\n{c:0f}本を手にとって開いた	{c:0b}ＢＯＯＫ\n{c:0f}책을 집어 들고 펼쳤다
31ee04:2:0	まあ‥‥	어머나‥‥
31ee04:2:1	ガリガリにやせちゃって\nかわいそうな子‥‥	비쩍 말라 가지고\n가엾은 애‥‥
31ee04:3:0	入っていい所と\n入っちゃいけない所‥‥	들어가도 되는 곳과\n들어가면 안 되는 곳‥‥
31ee04:3:1	犬の方が\nよっぽど知ってやがるぜ	개가 훨씬\n더 잘 알고 있다니까
31ee04:4:0	あなた\nグレゴリーさんちの\n子でしょ？	너\n그레고리 씨네\n애지？
31ee04:4:1	お爺ちゃんに\nツケを払うように\n言っておいておくれ	할아버지한테\n외상값 갚으라고\n전해 주렴
31ee04:5:0	貧乏人はね～	가난뱅이는～
31ee04:5:1	よく転ぶよね～	잘 넘어진다네～
31ee04:5:2	ろくに\n食べてないからね～	제대로\n못 먹으니까～
31ee04:6:0	今日も\n本を読みに来たの？	오늘도\n책 읽으러 왔니？
31ee04:6:1	{name:0f00}{c:0f}は\nえらいわねえ	{name:0f00}{c:0f}은(는)\n참 기특하구나
31ee04:9:0	お見舞いに何か持ってきた？	병문안 선물로 뭐 가져왔어？
31ee04:9:1	ぼくはねえ‥‥\nパパから{01:0724}{03:0024}{c:0f}って\n高いお薬をもらってきたよ！	나는 말이야‥‥\n아빠한테서 {01:0724}{03:0024}{c:0f}라는\n비싼 약을 받아 왔어！
31ee04:10:0	コホンコホンッ‥‥	콜록콜록‥‥
31ee04:10:1	わざわざ来てくれたの？\nありがとう\n優しいのね‥‥{name:0f00}	일부러 와 준 거야？\n고마워\n착하구나‥‥ {name:0f00}
31ee04:11:0	コホンコホンッ‥‥\nはやく‥お外で遊びたいなあ	콜록콜록‥‥\n빨리‥ 밖에서 놀고 싶어
31ee04:12:0	人の気持ちになって考えることは\n言うほどに\n易しいことではありません	남의 입장이 되어 생각하는 것은\n말처럼\n쉬운 일이 아닙니다
31ee04:12:1	自らをきびしく律すること‥‥\nそれが必要です	스스로를 엄격하게 다스리는 것‥‥\n그것이 필요합니다
31ee04:13:0	感謝しなさい\nこの町が平穏なのも\n日頃‥私が苦労してるおかげなのだ	감사하도록 해라\n이 마을이 평온한 것도\n평소‥ 내가 고생하는 덕분이니라
31ee04:14:0	おぼっちゃまでしたら\nカアムさんのお見舞いに\n出かけられましたわ	도련님이라면\n카암 양 병문안을\n가셨어요
31ee04:15:0	大人にならなきゃ\nわからないこともあるんだよ	어른이 돼야\n알 수 있는 것도 있는 거야
31ee04:15:1	苦しみとか\n楽しみとか\nムフフ‥‥とかッ‥！！	괴로움이라든가\n즐거움이라든가\n우흐흐‥‥ 라든가‥！！
31ee04:16:0	早く大きくなって\n金をかせいで\n爺さんに楽させてやれ！	얼른 커서\n돈 벌어서\n할아버지 편하게 해 드려라！
31ee04:17:0	を学ぶなら\n都へ行って魔法学院へ通わなきゃ！	을(를) 배우려면\n도성에 가서 마법학원에 다녀야지！
31ee04:17:1	王国の名だたる魔法使いは\nみんな魔法学院を出たんだよ	왕국의 이름난 마법사는\n다들 마법학원 출신이야
31ee04:18:0	は‥あなたのおこないを\nいつも見守っておいでになります	은(는)‥ 당신의 행실을\n언제나 지켜보고 계십니다
31ee04:19:0	たとえ過ちでも\n人の持ち物に\n手を出してはなりませんぞ	설령 실수라 해도\n남의 물건에\n손을 대서는 안 되오
31ee04:20:0	きぃぃぃぃぃいいいいいっ！\n{14:0060000000}ああ‥すっきりした	끼이이이이이이이이익！\n{14:0060000000}아아‥ 속 시원하다
31ee04:21:0	ああ‥忙しい忙しい	아아‥ 바쁘다 바빠
31ee04:153:0	えっ‥‥わたしにお薬を‥‥？	어‥‥ 나한테 약을‥‥？
31ee04:153:1	‥‥ありがとう\n少し元気が出てきたみたい‥‥\nなおったら一緒に遊んでね	‥‥고마워\n조금 기운이 나는 것 같아‥‥\n나으면 같이 놀자
31ee04:24:0	{c:0b}ＮＯＴＥ\n{c:0f}グレゴリー爺さんからの書き置き	{c:0b}ＮＯＴＥ\n{c:0f}그레고리 할아범이 남긴 쪽지
31ee04:24:1	{name:0700}{c:0f}へ\nえらいえらい！\nこの部屋へ来ることができれば\n{name:0f00}も一人前じゃ！	{name:0700}{c:0f}에게\n장하다 장해！\n이 방에 올 수 있다면\n{name:0f00}도 한 사람 몫을 하는 게야！
31ee04:24:2	本でも読んで行きなさい\nそうじゃ！　薬をカアムちゃんに\n持っていっておあげ\nポイントアップ間違いなしじゃ！	책이라도 읽고 가거라\n그렇지！　약을 카암에게\n가져다주려무나\n점수 따는 건 틀림없을 게야！
31ee04:24:3	－追伸－\n爺ちゃんのへそくりを取らぬように\n{c:07}　　　　　　　愛しの爺ちゃんより	－추신－\n할아비 비상금은 가져가지 말도록\n{c:07}　　　　　　　사랑하는 할아비가
31ee04:25:0	ぼっちゃんのお友達ですね\nここのご本は読まれても結構ですが少し難しいかもしれませんなあ	도련님의 친구분이시군요\n여기 책은 읽으셔도 괜찮지만 조금 어려울지도 모르겠군요
31ee04:26:0	その歳で\nここの本を全て読破なさるとは！\nお見それいたしました	그 나이에\n여기 책을 전부 독파하시다니！\n몰라뵈었습니다
31ee04:27:0	カアムったら\nチョウチョを追いかけてて\n川に落ちたらしいのよ	카암이 글쎄\n나비를 쫓아가다가\n강에 빠졌대
31ee04:28:0	シレスト山のふもとにある\nユピトの村に\nオルガという元気な婆さんがおる	실레스트 산기슭에 있는\n유피토 마을에\n올가라는 기운찬 할멈이 있지
31ee04:28:1	若い頃に会ったことがあるが\nそれは美しい女性じゃったなあ	젊었을 적에 만난 적이 있는데\n그야말로 아름다운 여인이었지
31ee04:29:0	町の外へ出ても意味ないよ\n旅に出るなら\nもっと大きくならないとね	마을 밖에 나가도 소용없어\n여행을 떠나려면\n더 커야지
31ee04:30:0	供なんて‥自分一人で育ったと\n思ってんだから‥‥\n親の苦労も知らないでねえ	애들이란‥ 혼자 컸다고\n생각하니까‥‥\n부모 고생도 모르고 말이야
31ee04:31:0	その昔‥‥\nこのエイナス世界を救われた\n偉大な勇者がいた	그 옛날‥‥\n이 에이너스 세계를 구하신\n위대한 용사가 있었지
31ee04:31:1	滅びの獣を討った\n風のホリクス“ヴァユ”の神\nそれが救世主ラザレス様じゃ	멸망의 짐승을 무찌른\n바람의 호릭스 “바유”의 신\n그분이 바로 구세주 라자레스 님이시다
31ee04:32:0	リクスっていうのは\nこの世界のもとになってる\n聖なる結晶のことなのよ	호릭스라는 건\n이 세계의 근원이 되는\n성스러운 결정을 말하는 거야
31ee04:33:0	いらっしゃいませ	어서 오세요
31ee04:34:0	おお‥目が覚めたか	오오‥ 깼느냐
31ee04:34:1	今日は珍しい物を\n見つけてきてな	오늘은 진귀한 물건을\n찾아왔단다
31ee04:34:2	いったい何なのか\nこれから調べようと\n思っておるんじゃよ	대체 무엇인지\n이제부터 조사해 볼까\n생각하고 있지
31ee04:46:0	価値ある芸術品‥‥	가치 있는 예술품‥‥
31ee04:46:1	いや‥\n秘宝のありかを示す\nてがかり‥‥	아니‥\n비보가 있는 곳을 알려 주는\n단서‥‥
31ee04:46:2	いやいや‥\n偉大な魔力を秘めた\n神の遺産‥‥	아니아니‥\n위대한 마력을 품은\n신의 유산‥‥
31ee04:46:3	いやいやいやいや‥\nただのガラクタかも‥‥	아니아니아니아니‥\n그냥 잡동사니일지도‥‥
31ee04:46:4	‥‥うぉっっほん！	‥‥어흠！
31ee04:46:5	とにかくじゃ\n何か得体の知れない\n魔法の力を感じるんじゃ	아무튼 말이다\n뭔가 정체를 알 수 없는\n마법의 힘이 느껴진단 말이지
31ee04:50:0	まっ\nのんびりと\n調べることにしよう	뭐\n느긋하게\n조사해 보기로 하자
31ee04:36:0	ところで‥\nカアムちゃんに\n薬はあげてきたのかい？	그런데‥\n카암에게\n약은 주고 왔느냐？
31ee04:37:0	チチン‥‥\nプイ・プイ・プイ！	수리수리‥‥\n마하수리 뿅！
31ee04:37:1	ふむ‥こんなものかのぉ	흠‥ 이 정도면 되려나
31ee04:37:2	カアムちゃんちの\n花だんを調べてみなさい	카암네\n화단을 조사해 보거라
31ee04:37:3	おまじないをかけたから\nきっと良いことが\n起こるはずじゃよ	주문을 걸어 두었으니\n분명 좋은 일이\n일어날 게다
31ee04:38:0	ふふ‥ありがとう	후후‥ 고마워
31ee04:39:0	高いお薬はよく効くなあ・・・・\n持ってきただけで\nカアムちゃんのカゼ治っちゃた	비싼 약은 잘 듣는구나‥‥\n가져오기만 했는데\n카암 감기가 나아 버렸어
31ee04:40:0	カアムが元気になってホッとしたわ	카암이 기운을 차려서 안심했어
31ee04:41:0	{c:0b}ＮＯＴＥ\n{c:0f}グレゴリー爺さんからの書き置き	{c:0b}ＮＯＴＥ\n{c:0f}그레고리 할아범이 남긴 쪽지
31ee04:41:1	{name:0700}{c:0f}へ\nおまじないはどうじゃったかの？\nカアムちゃんは\nきっと喜んでくれたことじゃろぉ	{name:0700}{c:0f}에게\n주문은 어땠느냐？\n카암은\n분명 기뻐해 주었겠지
31ee04:41:2	まあ‥ポイントアップにはならんがそれも良かろう\n爺ちゃんは調べ物があるので\nまた出かけてくるよ	뭐‥ 점수는 못 땄다만 그것도 괜찮겠지\n할아비는 조사할 게 있어서\n또 나갔다 오마
31ee04:41:3	わしが持ってかえったアレには\nさわってもかまわんが\n壊したりせんでくれよ\n{c:07}　　　　　　　憧れの爺ちゃんより{c:0f}	내가 가져온 그것은\n만져도 상관없다만\n부수지는 말아 다오\n{c:07}　　　　　　　동경하는 할아비가{c:0f}
31ee04:53:0	ダメだよッ！\nぼくがお見舞いに持ってきた\n薬なんだから！	안 돼！\n내가 병문안으로 가져온\n약이란 말이야！
31ee04:47:0	買い物だったら\nカウンター越しに\n話しかけてね	물건을 사려면\n카운터 너머로\n말을 걸어 줘
31ee04:48:0	カアムちゃんの具合は\nどうだった？	카암 상태는\n어땠어？
31ee04:48:1	デーブもお見舞いに\n行ったみたいだけど‥‥	데브도 병문안\n간 것 같던데‥‥
31ee04:49:0	かってに\nうろついちゃダメだよ	멋대로\n돌아다니면 안 돼
31ee04:57:0	ああ‥‥\n終末の時が\n近づいています	아아‥‥\n종말의 때가\n다가오고 있습니다
31ee04:57:1	滅びの波動に立ち向かう\n力をにないし者として\n為すべきを知りなさい	멸망의 파동에 맞설\n힘을 짊어진 자로서\n해야 할 일을 깨달으세요
31ee04:57:2	そう‥\nあなただけが\n残されし唯一の希望‥	그래요‥\n당신만이\n남겨진 유일한 희망‥
31ee04:57:3	信じてる‥‥\n世界を救って‥ファウ	믿고 있어요‥‥\n세계를 구해 줘요‥ 파우
31ee04:101:0	{c:0b}ＬＯＣＫＥＤ\n{c:0f}鍵が、かかっていて開かない！	{c:0b}ＬＯＣＫＥＤ\n{c:0f}자물쇠가 잠겨 있어서 열리지 않는다！
31ee04:152:0	{c:0b}ＢＥＹＯＮＤ\n{c:0f}背が、届かなくて取れない！	{c:0b}ＢＥＹＯＮＤ\n{c:0f}키가 닿지 않아서 집을 수 없다！
31fba4:4:0	くっそ～　マッセのやつ‥‥\n自分が金持ちだからって\n偉そうにしやがって	젠장～　마세 녀석‥‥\n자기가 부자라고\n잘난 척이나 하고
31fba4:5:0	ほんに良い天気じゃのう	참말로 날씨가 좋구먼
31fba4:5:1	こんなに気持ちの良い日が\n過ごせるのも\nみ～んな神様のおかげじゃ	이렇게 기분 좋은 날을\n보낼 수 있는 것도\n모～두 신님 덕분이지
31fba4:6:0	カアムちゃんのお見舞いに行ったらマッセくんが\n何か持ってきたかって聞くんだよ\n{0a:0173}物より気持ちだと思うんだけどなあ	카암 병문안 갔더니 마세가\n뭐 가져왔냐고 묻는 거야\n{0a:0173}물건보다 마음이라고 생각하는데
31fba4:7:0	ロスタールの都では\nオルトナッシュって\n新しい宗教が流行してるんだってね{0a:0174}教祖の幼い男の子は\n救世主ラザレスの生まれ変わりで\n歳をとらないとか・・・・	로스탈 도성에서는\n오르트나슈라는\n새 종교가 유행한다더군{0a:0174}교주인 어린 사내아이는\n구세주 라자레스의 환생이라서\n나이를 먹지 않는다나‥‥
31fba4:7:1	本当かねえ	정말일까
31fba4:8:0	お墓の石を持ち上げて\n遊んだりしちゃダメよ！\nバチが当たっても知らないんだから	무덤 돌을 들어 올리고\n놀면 안 돼！\n벌 받아도 난 모른다
31fba4:10:0	あら‥‥？	어머‥‥？
31fba4:10:1	あッ‥チョウチョだ！	앗‥ 나비다！
31fba4:10:2	あら‥カアム！？\n寝てなくてだいじょうぶなの？	어머‥ 카암！？\n누워 있지 않아도 괜찮니？
31fba4:10:3	うん‥気分良くなったから‥‥	응‥ 기분이 좋아져서‥‥
31fba4:10:4	（きっと‥{name:0f00}{c:0f}の\n薬が効いたのね）	（분명‥ {name:0f00}{c:0f}의\n약이 들은 거야）
31fba4:10:5	カアムちゃん‥見てごらん\n窓の外にチョウチョが飛んでるよ	카암‥ 이것 좀 봐\n창밖에 나비가 날고 있어
31fba4:10:6	えッ‥‥！？	어‥‥！？
31fba4:10:7	わあ‥とってもきれい‥‥	와아‥ 정말 예쁘다‥‥
31fba4:10:8	カアムちゃんのうれしそうな声が\n窓から聞こえてくる	카암의 기뻐하는 목소리가\n창문 너머로 들려온다
320224:100:0	{c:07}防具屋のねえちゃん\n{c:0f}	{c:07}방어구점 누나\n{c:0f}
320224:100:1	お買いものですか\n何になさいます？	쇼핑하시나요\n무엇으로 하시겠어요？
320224:100:2	何をお求めになりますか？	무엇을 찾으시나요？
320224:100:3	は１つ\n	은(는) １개에\n
320224:100:4	ルクソルです。\n	룩솔입니다.\n
320224:100:5	いくつ買いますか？	몇 개 사시겠어요？
320224:100:6	‥‥？\nお金が\n足りないようですけど‥	‥‥？\n돈이\n모자라신 것 같은데요‥
320224:100:7	ありがとうございます\n他には‥いかがですか？	감사합니다\n다른 건‥ 어떠세요？
320224:100:8	珍しい‥‥\nお客様の選ばれた品は\n持ちきれないようですわ	어머나‥‥\n손님이 고르신 물건은\n더 들 수 없으신 것 같네요
320224:100:9	なにを\n売って下さいますか？	무엇을\n팔아 주시겠어요？
320224:100:10	売れる物が\n無いみたいですけど？	팔 수 있는 물건이\n없으신 것 같은데요？
320224:100:11	を\nいくつ売りますか？	을(를)\n몇 개 파시겠어요？
320224:100:12	ありがとうございます	감사합니다
320224:100:13	他に何を売りますか？	그 밖에 무엇을 파시겠어요？
320224:100:14	‥‥？\nお金が\n足りないようですけど‥	‥‥？\n돈이\n모자라신 것 같은데요‥
320224:100:15	またいらしてくださいね	또 들러 주세요
320224:101:0	{c:07}武器屋のあんちゃん\n{c:0f}	{c:07}무기점 형씨\n{c:0f}
320224:101:1	うちの品揃えは\n都の武器屋にも\n負けないよ！	우리 가게 물건은\n도성의 무기점에도\n안 뒤진다고！
320224:101:2	何を買ってくれるんだい？	뭘 사 줄 거야？
320224:101:3	は１つ\n	은(는) １개에\n
320224:101:4	ルクソルです。\n	룩솔입니다.\n
320224:101:5	いくつ買うんだい？	몇 개 살 거야？
320224:101:6	お金が足りないよ	돈이 모자라
320224:101:7	ありがとね\n他の品も見てみてよ	고마워\n다른 물건도 봐 봐
320224:101:8	それ以上は持てないよ	더는 못 들어
320224:101:9	なにを\n売ってくれる？	뭘\n팔아 줄 거야？
320224:101:10	売れる物が\n無いみたいだけど？	팔 수 있는 물건이\n없는 것 같은데？
320224:101:11	を\nいくつ売りますか？	을(를)\n몇 개 파시겠어요？
320224:101:12	ありがとね	고마워
320224:101:13	他に何を売るんだい？	또 뭘 팔 거야？
320224:101:14	持ち金が一杯のようだね	가진 돈이 꽉 찬 것 같네
320224:101:15	いつでものぞいてよね	언제든 들러
320224:102:0	{c:07}道具屋のにいちゃん\n{c:0f}	{c:07}도구점 형\n{c:0f}
320224:102:1	いらっしゃい\n何にいたします？	어서 와\n뭘로 할래？
320224:102:2	何をお求めになりますか？	무엇을 찾으시나요？
320224:102:3	は１つ\n	은(는) １개에\n
320224:102:4	ルクソルです。\n	룩솔입니다.\n
320224:102:5	いくつ買いますか？	몇 개 사시겠어요？
320224:102:6	お金を\n払ってくれないと‥‥	돈을\n내 주지 않으면‥‥
320224:102:7	ありがとさん\n他に必要なものは？	고맙수\n그 밖에 필요한 건？
320224:102:8	それ以上は持てないよ	더는 못 들어
320224:102:9	どれを売りますか？	어느 걸 팔 거야？
320224:102:10	売れる物が\n無いみたいですけど？	팔 수 있는 물건이\n없으신 것 같은데요？
320224:102:11	を\nいくつ売りますか？	을(를)\n몇 개 파시겠어요？
320224:102:12	ありがとう	고마워
320224:102:13	なにを\n売ってくれる？	뭘\n팔아 줄 거야？
320224:102:14	持ち金が一杯ですね	가진 돈이 꽉 찼네
320224:102:15	いつでもどうぞ	언제든 오라고
320658:2:0	拾われた赤ん坊は\n{name:0700}{c:0f}と名付けられ\nまたたく間に５年の歳月が流れた	주워진 아기는\n{name:0700}{c:0f}(이)라 이름 붙여지고\n눈 깜짝할 새에 ５년의 세월이 흘렀다
320658:2:1	さて‥‥	자 그럼‥‥
320658:2:2	ふむ‥\nよく眠っておる	흠‥\n잘 자고 있구나
320658:2:3	あれからもう５年か‥‥\n	그로부터 벌써 ５년인가‥‥\n
320658:2:4	大きくなったものじゃ	많이도 컸구나
320658:4:0	{c:0b}ＮＯＴＥ\n{c:0f}グレゴリー爺さんからの書き置き	{c:0b}ＮＯＴＥ\n{c:0f}그레고리 할아범이 남긴 쪽지
320658:4:1	{name:0700}へ\nわしは出かけるから\nチャックと遊んどいで‥‥\nすぐに戻ってくるつもりじゃがの	{name:0700}에게\n나는 나갔다 올 테니\n척이랑 놀고 있거라‥‥\n금방 돌아올 생각이다만
320658:4:2	そうそう‥‥\nガールフレンドのカアムちゃんが\nカゼをひいたらしいぞ	참참‥‥\n여자 친구인 카암이\n감기에 걸렸다더구나
320658:4:3	お見舞いに行ってあげれば\nポイントアップ間違いなしじゃ！\n\n{c:07}　　　　　　　麗しの爺ちゃんより{c:0f}	병문안을 가 주면\n점수 따는 건 틀림없을 게야！\n\n{c:07}　　　　　　　멋진 할아비가{c:0f}
320658:106:0	{c:0b}ＴＯＯＬ\n{c:0f}{01:0723}{03:0023}を手に入れた	{c:0b}ＴＯＯＬ\n{c:0f}{01:0723}{03:0023}을(를) 손에 넣었다
32110c:4:0	いらっしゃいませ～	어서 오세요～
321370:21:0	{c:0b}冒険者の心得１\n{c:0f}子供には必要ない\n旅立つ若者におくる\n冒険者のための本！	{c:0b}모험가의 마음가짐１\n{c:0f}어린애한테는 필요 없다\n길을 떠나는 젊은이에게 보내는\n모험가를 위한 책！
321370:32:0	{c:0b}冒険者の心得２\n{c:0f}一般の冒険者は‥ただ歩く\n歩いて敵と戦い‥また歩く\n本当の冒険も知らないで‥‥	{c:0b}모험가의 마음가짐２\n{c:0f}보통 모험가는‥ 그저 걷는다\n걸어서 적과 싸우고‥ 또 걷는다\n진짜 모험도 모른 채‥‥
321370:33:0	{c:0b}冒険者の心得３\n{c:0f}ナゾを知るには注意深くなれ！\nカベや床のちょっとした違いが\n分かるようになれば一人前だ！	{c:0b}모험가의 마음가짐３\n{c:0f}수수께끼를 알려면 주의 깊어져라！\n벽이나 바닥의 사소한 차이를\n알아챌 수 있게 되면 한 사람 몫이다！
321370:34:0	{c:0b}冒険者の心得４\n{c:0f}お金（ルクソル）は大切に使え！\n持ってるだけ全て使ってしまう者はいつも貧乏することになるだろう	{c:0b}모험가의 마음가짐４\n{c:0f}돈(룩솔)은 소중히 써라！\n가진 만큼 다 써 버리는 자는 늘 가난하게 살게 될 것이다
321370:35:0	{c:0b}冒険者の心得５\n{c:0f}町を出る前には回復薬を\n５～１０個　持っておくと良い\n必ず役に立つことがあるはずだ	{c:0b}모험가의 마음가짐５\n{c:0f}마을을 나서기 전에는 회복약을\n５～１０개　가지고 있으면 좋다\n반드시 쓸모가 있을 것이다
321370:36:0	{c:0b}冒険者の心得６\n{c:0f}僧侶や魔法使いのように\n魔法の使い手を志す者は\n子供のうちに本を読んでおくこと	{c:0b}모험가의 마음가짐６\n{c:0f}승려나 마법사처럼\n마법을 다루는 자가 되려는 자는\n어릴 때 책을 읽어 둘 것
321370:37:0	{c:0b}冒険者の心得７\n{c:0f}魔法を唱えるには　呪文書と\nこの世を形作る元素ホリクス\nそして魔法の才能が必要である	{c:0b}모험가의 마음가짐７\n{c:0f}마법을 외우려면　주문서와\n이 세상을 이루는 원소 호릭스\n그리고 마법의 재능이 필요하다
321370:38:0	{c:0b}冒険者の心得８\n{c:0f}戦いは冷静であることを心がける\n自分の戦い方が身につくまで\n単調な選択はさけ色々ためすこと	{c:0b}모험가의 마음가짐８\n{c:0f}싸움에서는 냉정함을 유지하라\n자신의 싸움 방식이 몸에 밸 때까지\n단조로운 선택은 피하고 이것저것 시험할 것
321370:39:0	{c:0b}エイナス神話１\n{c:0f}エイナス（ＡＮＥＡＲＴＨ）世界は五振りの霊剣によって顕現されし\n五元のホリクスの力で創造された	{c:0b}에이너스 신화１\n{c:0f}에이너스(ＡＮＥＡＲＴＨ) 세계는 다섯 자루의 영검으로 현현된\n오원(五元)의 호릭스의 힘으로 창조되었다
321370:40:0	{c:0b}エイナス神話２\n{c:0f}地の霊剣たる巨剣アッシャーは\n伝説の巨人ガイアスをして\n{01:0738}{03:0038}の神とした	{c:0b}에이너스 신화２\n{c:0f}땅의 영검인 거검 아셔는\n전설의 거인 가이아스를\n{01:0738}{03:0038}의 신으로 삼았다
321370:41:0	{c:0b}エイナス神話３\n{c:0f}水の霊剣{03:005f}{01:075f}は\n精霊の長ポツレスをして\n{01:0739}{03:0039}の神とした	{c:0b}에이너스 신화３\n{c:0f}물의 영검 {03:005f}{01:075f}는\n정령의 우두머리 포츠레스를\n{01:0739}{03:0039}의 신으로 삼았다
321370:42:0	{c:0b}エイナス神話４\n{c:0f}火の霊剣たる皇剣ティルトリテラは冥界の皇ビラグリスをして\n{01:073a}{03:003a}の神とした	{c:0b}에이너스 신화４\n{c:0f}불의 영검인 황검 티르트리테라는 명계의 황제 비라그리스를\n{01:073a}{03:003a}의 신으로 삼았다
321370:43:0	{c:0b}エイナス神話５\n{c:0f}風の霊剣{03:0060}{01:0760}は\n人の勇者ラザレスをして\n{01:073b}{03:003b}の神とした	{c:0b}에이너스 신화５\n{c:0f}바람의 영검 {03:0060}{01:0760}는\n인간 용사 라자레스를\n{01:073b}{03:003b}의 신으로 삼았다
321370:44:0	{c:0b}エイナス神話６\n{c:0f}空の霊剣たる聖剣ファルトラルは\n龍神トゥルケスをして\n{01:073c}{03:003c}の神とした	{c:0b}에이너스 신화６\n{c:0f}하늘의 영검인 성검 파르트랄은\n용신 투르케스를\n{01:073c}{03:003c}의 신으로 삼았다
321370:45:0	{c:0b}エイナス神話７\n{c:0f}古代イシュメリア時代\n五元の神をまつる神殿が\n世界の至る所に創られたといわれる	{c:0b}에이너스 신화７\n{c:0f}고대 이슈메리아 시대\n오원의 신을 모시는 신전이\n세계 곳곳에 세워졌다고 전해진다
321370:46:0	{c:0b}エイナス神話８\n{c:0f}隆盛をほこった古代イシュメリアも一千年前に現れた滅びの獣によって終えんをむかえた	{c:0b}에이너스 신화８\n{c:0f}융성을 자랑하던 고대 이슈메리아도 일천 년 전에 나타난 멸망의 짐승에 의해 종말을 맞이했다
321370:47:0	{c:0b}滅びの獣\n{c:0f}救世主ラザレスによって討たれし\n大いなる災厄は一千年の刻を経て\nよみがえるであろう	{c:0b}멸망의 짐승\n{c:0f}구세주 라자레스에게 쓰러진\n크나큰 재앙은 일천 년의 시간을 지나\n되살아날 것이다
321370:48:0	{c:0b}祈りの力\n{c:0f}心からの祈りは時として\n呪わしき者どもを浄化する力を\n発揮するものである	{c:0b}기도의 힘\n{c:0f}진심 어린 기도는 때때로\n저주받은 자들을 정화하는 힘을\n발휘하는 법이다
321370:49:0	{c:0b}誠実であること\n{c:0f}自らの生き方に\n見返りを求めてはならない\n打算的な者ほど醜いものはなし	{c:0b}성실할 것\n{c:0f}자신의 삶의 방식에\n대가를 바라서는 안 된다\n타산적인 자만큼 추한 것은 없다
321370:50:0	{c:0b}生命ある者\n{c:0f}人の魂を位置づけるものは\n地位でもなく名誉でもない\n天の意志を知る心である	{c:0b}생명 있는 자\n{c:0f}사람의 영혼을 자리매김하는 것은\n지위도 아니요 명예도 아니다\n하늘의 뜻을 아는 마음이다
321370:51:0	{c:0b}神の愛\n{c:0f}天に星がきらめくように\n地に花が咲くように\n人に神の愛があるのです	{c:0b}신의 사랑\n{c:0f}하늘에 별이 반짝이듯\n땅에 꽃이 피듯\n사람에게는 신의 사랑이 있습니다
321370:52:0	{c:0b}エイナス創世\n{c:0f}５つの偉大なるホリクスから\nエイナス世界は誕生した\nその力は五振りの霊剣に象徴される	{c:0b}에이너스 창세\n{c:0f}５개의 위대한 호릭스로부터\n에이너스 세계가 탄생했다\n그 힘은 다섯 자루의 영검으로 상징된다
321370:53:0	{c:0b}正義とは\n{c:0f}正しきことの側面には\n常に悪しき影がつきまとう\n唯一絶対の正義とは神のみである	{c:0b}정의란\n{c:0f}옳은 일의 이면에는\n늘 악한 그림자가 따라다닌다\n유일절대의 정의란 신뿐이다
321370:54:0	{c:0b}神の存在\n{c:0f}神を疑う前に‥自らの存在を疑え\n今この瞬間に在るべき己を知ることそれが神の存在を知ることである	{c:0b}신의 존재\n{c:0f}신을 의심하기 전에‥ 자신의 존재를 의심하라\n지금 이 순간 있어야 할 자신을 아는 것 그것이 신의 존재를 아는 것이다
321370:55:0	{c:0b}ＤＩＦＦＩＣＵＬＴ\n{c:0f}難しすぎて読めなかった！	{c:0b}ＤＩＦＦＩＣＵＬＴ\n{c:0f}너무 어려워서 읽을 수 없었다！
321370:56:0	{c:0b}よくわかる魔法\n{c:0f}魔法を唱えるには呪文書とホリクスそして\nそれらを扱う才能が必要じゃ	{c:0b}알기 쉬운 마법\n{c:0f}마법을 외우려면 주문서와 호릭스 그리고\n그것들을 다룰 재능이 필요하단다
321370:56:1	呪文書によってホリクスに眠る\n魔法の偉大な力を引き出すのじゃ\n同じ魔法でも使う者の力によって\n効果に格段の差が現れるじゃろう	주문서로 호릭스에 잠든\n마법의 위대한 힘을 끌어내는 게야\n같은 마법이라도 쓰는 자의 힘에 따라\n효과에 현격한 차이가 나타날 게다
321370:57:0	{c:07}　『堅くて長持ち！！\n　　それが男ってもんだよなあ』\n{c:0f}　都の鍛冶屋から直接入荷！！\n{c:07}　　　　　　　　　　－防具屋－{c:0f}	{c:07}　『단단하고 오래간다！！\n　　그게 사나이라는 거지』\n{c:0f}　도성의 대장간에서 직접 입하！！\n{c:07}　　　　　　　　　　－방어구점－{c:0f}
321370:101:0	{c:07}　『戦う男の必需品！！\n　　ひと味違うこの切れ味』\n{c:0f}　都の剣士も使っています！！\n{c:07}　　　　　　　　　　－武器屋－{c:0f}	{c:07}　『싸우는 남자의 필수품！！\n　　한 차원 다른 이 날카로움』\n{c:0f}　도성의 검사도 쓰고 있습니다！！\n{c:07}　　　　　　　　　　－무기점－{c:0f}
321370:102:0	{c:07}　『ああ‥買っててよかった\n　　旅のお供にしてください』\n{c:0f}　みなさんのお役に立ちます\n{c:07}　　　　　　　　　　－道具屋－{c:0f}	{c:07}　『아아‥ 사 두길 잘했다\n　　여행의 동반자로 삼아 주세요』\n{c:0f}　여러분께 도움이 됩니다\n{c:07}　　　　　　　　　　－도구점－{c:0f}
321370:103:0	{c:07}　『旅する男のオアシス\n　　マーシュの宿屋へようこそ！』\n{c:0f}　お酒も飲めます\n{c:07}　　　　　　－マーシュの宿屋－{c:0f}	{c:07}　『여행하는 남자의 오아시스\n　　마시의 여관에 어서 오세요！』\n{c:0f}　술도 마실 수 있습니다\n{c:07}　　　　　　－마시의 여관－{c:0f}
321c9c:47:0	ルクソルを手に入れた	룩솔을 손에 넣었다
321c9c:52:0	０ルクソルを手に入れた	０룩솔을 손에 넣었다
321c9c:59:0	ルクソルを手に入れた	룩솔을 손에 넣었다
321c9c:60:0	ルクソルを手に入れた	룩솔을 손에 넣었다
321c9c:63:0	ルクソルを手に入れた	룩솔을 손에 넣었다
321c9c:65:0	{c:0b}ＴＯＯＬ\n{01:072b}{03:002b}{c:0f}を手に入れた	{c:0b}ＴＯＯＬ\n{01:072b}{03:002b}{c:0f}을(를) 손에 넣었다
3222ec:43:0	{c:0b}ＬＯＣＫＥＤ\n{c:0f}鍵が、かかっていて開かない！	{c:0b}ＬＯＣＫＥＤ\n{c:0f}자물쇠가 잠겨 있어서 열리지 않는다！
3b4358:10:0	は　いいいえ	예　　아니오
3b4358:101:0	{c:07}カシム\n{c:0f}	{c:07}카심\n{c:0f}
3b4358:102:0	{c:07}ナーシャ\n{c:0f}	{c:07}나샤\n{c:0f}
3b4358:103:0	{c:07}紫炎アディス\n{c:0f}	{c:07}자염의 아디스\n{c:0f}
3b4358:104:0	{c:07}ヴェストリル\n{c:0f}	{c:07}베스트릴\n{c:0f}
3b4358:105:0	{c:07}マーシュ\n{c:0f}	{c:07}마시\n{c:0f}
3b4358:106:0	{c:07}オリベラ\n{c:0f}	{c:07}올리베라\n{c:0f}
3b4358:107:0	{c:07}リンダ\n{c:0f}	{c:07}린다\n{c:0f}
3b4358:108:0	{c:07}ユキ\n{c:0f}	{c:07}유키\n{c:0f}
3b4358:109:0	{c:07}グレゴリー爺さん\n{c:0f}	{c:07}그레고리 할아범\n{c:0f}
3b4358:110:0	{c:07}チャック\n{c:0f}	{c:07}척\n{c:0f}
3b4358:111:0	{c:07}マクガイア\n{c:0f}	{c:07}맥과이어\n{c:0f}
3b4358:112:0	{c:07}シスターマリア\n{c:0f}	{c:07}시스터 마리아\n{c:0f}
3b4358:113:0	{c:07}おじいさん\n{c:0f}	{c:07}할아버지\n{c:0f}
3b4358:114:0	{c:07}デーブくん\n{c:0f}	{c:07}데브\n{c:0f}
3b4358:115:0	{c:07}トンちゃん\n{c:0f}	{c:07}톤\n{c:0f}
3b4358:116:0	{c:07}おにいさん\n{c:0f}	{c:07}오빠\n{c:0f}
3b4358:117:0	{c:07}聖なる光\n{c:0f}	{c:07}성스러운 빛\n{c:0f}
3b4358:118:0	{c:07}マッセくん\n{c:0f}	{c:07}마세\n{c:0f}
3b4358:119:0	{c:07}カアムちゃん\n{c:0f}	{c:07}카암\n{c:0f}
3b4358:120:0	{c:07}ヤレムの司祭\n{c:0f}	{c:07}야렘의 사제\n{c:0f}
3b4358:121:0	{c:07}ヤレムの領主\n{c:0f}	{c:07}야렘의 영주\n{c:0f}
3b4358:122:0	{c:07}召使いのお姉さん\n{c:0f}	{c:07}하녀 아가씨\n{c:0f}
3b4358:123:0	{c:07}武器屋のあんちゃん\n{c:0f}	{c:07}무기점 형씨\n{c:0f}
3b4358:124:0	{c:07}防具屋のねえちゃん\n{c:0f}	{c:07}방어구점 누나\n{c:0f}
3b4358:125:0	{c:07}道具屋のにいちゃん\n{c:0f}	{c:07}도구점 형\n{c:0f}
3b4358:126:0	{c:07}カアムちゃんのお母さん\n{c:0f}	{c:07}카암의 어머니\n{c:0f}
3b4358:127:0	{c:07}執事\n{c:0f}	{c:07}집사\n{c:0f}
3b4358:128:0	{c:07}宿屋の客\n{c:0f}	{c:07}여관 손님\n{c:0f}
3b4358:129:0	{c:07}宿屋の旅人\n{c:0f}	{c:07}여관의 나그네\n{c:0f}
3b4358:130:0	{c:07}修道僧\n{c:0f}	{c:07}수도승\n{c:0f}
3b4358:131:0	{c:07}町のおねえさん\n{c:0f}	{c:07}마을 아가씨\n{c:0f}
3b4358:132:0	{c:07}おばさん\n{c:0f}	{c:07}아주머니\n{c:0f}
3b4358:133:0	{c:07}おねえさん\n{c:0f}	{c:07}아가씨\n{c:0f}
3b4358:134:0	{c:0b}ＭＯＮＥＹ\n{c:0f}	{c:0b}ＭＯＮＥＹ\n{c:0f}
3b4358:135:0	アイテムがいっぱいでもてない！	아이템이 가득 차서 들 수 없다！
3b4358:136:0	{c:07}お客さん\n{c:0f}	{c:07}손님\n{c:0f}
3b4358:190:0	{c:0b}ＢＯＯＫ\n{c:0f}本を手にとって開いた	{c:0b}ＢＯＯＫ\n{c:0f}책을 집어 들고 펼쳤다
3b4984:2:0	何が正しくて\n何が間違っているのか\n‥‥人に課せられた永遠の命題じゃ	무엇이 옳고\n무엇이 틀렸는가\n‥‥사람에게 주어진 영원한 명제로다
3b4984:3:0	教会の教えって\nあれもダメ‥これもダメって\nかたっ苦しいわよね	교회 가르침은\n이것도 안 돼‥ 저것도 안 돼\n너무 딱딱하잖아
3b4984:4:0	には‥それぞれにやるべきことがあるんだよ	사람에게는‥ 저마다 해야 할 일이 있는 거란다
3b4984:5:0	オルトナッシュって新しい宗教は\n人はもっと自由に生きるべきだって教えてるんだってさ	오르트나슈라는 새 종교는\n사람은 더 자유롭게 살아야 한다고 가르친대
3b4984:6:0	都に行ったわしの息子が\n手紙を書いてよこしてきてなあ	도성에 간 내 아들이\n편지를 써 보내왔는데 말이야
3b4984:6:1	オルトナッシュとかいう宗教に\nわしも入れと\nしつこく勧めるんじゃよ	오르트나슈인가 하는 종교에\n나도 들어오라고\n끈질기게 권하지 뭐냐
3b4984:7:0	まあ‥{name:0f00}ちゃん\nしばらく見ないうちに\n大きくなったわねえ	어머‥ {name:0f00}\n한동안 못 본 사이에\n많이 컸구나
3b4984:8:0	王国の西の辺境で\n新生イシュメリア皇国という国が\nおこされたらしい	왕국 서쪽 변경에서\n신생 이슈메리아 황국이라는 나라가\n세워졌다고 하더군
3b4984:8:1	オルトナッシュとかいう\nいかがわしい宗教の国だそうだよ	오르트나슈인가 하는\n수상쩍은 종교의 나라라는군
3b4984:9:0	でも開かない扉が\nあるらしいですなあ	하지만 열리지 않는 문이\n있다고 하더군요
3b4984:9:1	専用の鍵が必要だったり\n仕掛けで開いたりするそうで‥‥	전용 열쇠가 필요하거나\n장치로 열린다고 하던데‥‥
3b4984:10:0	最近‥物が無くなることが多いのよドロボウが入るとも思えないし‥‥	요즘‥ 물건이 없어지는 일이 많아요 도둑이 들었다고도 생각되지 않고‥‥
3b4984:11:0	教会で祝福してもらうと\n別に何が変わるわけでもないけど\n元気が出てくるのよね	교회에서 축복을 받으면\n딱히 뭐가 달라지는 건 아니지만\n기운이 나거든
3b4984:12:0	おめえ\n捨て子なんだってな	너\n버려진 애라며
3b4984:12:1	爺さんも貧乏なくせに\nお人好しだぜ‥ったく	영감도 가난한 주제에\n사람만 좋다니까‥ 참 나
3b4984:13:0	子供は\n外で遊んでなさい	애들은\n밖에서 놀렴
3b4984:14:0	あんたねえ‥‥\nこんな所へ来るのは\n１０年早いよ！	너 말이야‥‥\n이런 데 오는 건\n１０년 일러！
3b4984:15:0	魔法でお金が増やせたら\nいいのにね	마법으로 돈을 불릴 수\n있으면 좋을 텐데
3b4984:15:1	でも‥そんなこと\nできないよね	하지만‥ 그런 건\n못 하겠지
3b4984:16:0	毎日飲んでも飲み足りない‥‥\n毎日遊んでも遊び足りない‥‥\n人生ってのは‥そういうものさね	매일 마셔도 모자라‥‥\n매일 놀아도 모자라‥‥\n인생이란‥ 그런 거라네
3b4984:17:0	努力を惜しんで\n大成はできんなんて\n偉い人が言ったそうだ	노력을 아껴서는\n큰 인물이 될 수 없다고\n훌륭한 사람이 말했다더군
3b4984:17:1	だけどよぉ‥‥\n努力が必ず報われるとは\n限らないんだよなあ‥‥これが	하지만 말이야‥‥\n노력이 반드시 보답받는다고는\n할 수 없단 말이지‥‥ 이게
3b4984:18:0	旅は道連れともうしますが\n人生を旅にたとえるなら\n一人ってのは寂しいものですね	길동무가 있어야 여행이 즐겁다지만\n인생을 여행에 비유한다면\n혼자라는 건 쓸쓸한 법이지요
3b4984:19:0	供は表で遊んでな	애들은 밖에서 놀아라
3b4984:20:0	教会は弱き人々を\n支えるためにあります	교회는 약한 이들을\n지탱하기 위해 있습니다
3b4984:20:1	神のことを知りたければ\n教会の本を読んでいきなさい	신에 대해 알고 싶다면\n교회의 책을 읽고 가세요
3b4984:21:0	は‥あなたのおこないを\nいつも見守っておいでになります	은(는)‥ 당신의 행실을\n언제나 지켜보고 계십니다
3b4984:22:0	いつも感謝の気持ちを\n忘れないように	언제나 감사하는 마음을\n잊지 않도록
3b4984:23:0	神様は‥\nいつも貴方を見守って\nいらっしゃいます	신께서는‥\n언제나 당신을 지켜보고\n계십니다
3b4984:24:0	マリアに祝福を願う	마리아에게 축복을 청한다
3b4984:26:0	人は罪深き者‥‥\n神におすがりすることも\n時に必要でしょう	사람은 죄 많은 존재‥‥\n신께 의지하는 것도\n때로는 필요하겠지요
3b4984:28:0	自然の理をつかさどる\n聖なるホリクスよ	자연의 섭리를 다스리는\n성스러운 호릭스여
3b4984:28:1	救世主ラザレスの御名に\nおいて‥この者に聖なる\n祝福をお与えください	구세주 라자레스의 이름으로‥\n이 자에게 성스러운\n축복을 내려 주소서
3b4984:28:2	（これは‥‥\nこの子は不思議な力を\nまとっているわ‥‥）	（이건‥‥\n이 아이는 신비한 힘을\n두르고 있어‥‥）
3b4984:28:3	（ラザレスを象徴する\n風のホリクス\n{01:073b}{03:003b}の力‥‥）	（라자레스를 상징하는\n바람의 호릭스\n{01:073b}{03:003b}의 힘‥‥）
3b4984:28:4	これでいいでしょう\n神様があなたと共に\nいらっしゃいますように	이제 됐어요\n신께서 당신과 함께\n하시기를
3b4984:30:0	貴方には風のホリクス\n{01:073b}{03:003b}の加護が\n強く感じられます	당신에게서는 바람의 호릭스\n{01:073b}{03:003b}의 가호가\n강하게 느껴집니다
3b4984:30:1	青の真円が象徴する\n{01:073b}{03:003b}に関わる物が\n貴方を導くことでしょう	푸른 정원(正圓)이 상징하는\n{01:073b}{03:003b}에 관련된 것이\n당신을 인도할 것입니다
3b4984:32:0	おお‥\n良いところへ来たな	오오‥\n마침 잘 왔구나
3b4984:32:1	{name:0f00}や\nおまえに話して\nおきたいことがある	{name:0f00}야\n너에게 이야기해\n두고 싶은 게 있다
3b4984:32:2	‥‥そうじゃ！\nそのまえに‥‥	‥‥그렇지！\n그 전에‥‥
3b4984:32:3	教会や領事館の本は\n全部読んだのかい？	교회나 영사관의 책은\n다 읽었느냐？
3b4984:33:0	読んでないなら\n読んでおくことじゃ	안 읽었다면\n읽어 두거라
3b4984:33:1	若いうちに読んでこそ\n本は身になるもの！\n‥‥じゃからなあ	젊을 때 읽어야\n책이 몸에 배는 법！\n‥‥이니까 말이다
3b4984:34:0	そうそう‥‥\nそれで話しておきたい\nことというのはじゃなあ	참참‥‥\n그래서 해 두고 싶은\n이야기라는 건 말이다
3b4984:34:1	実はな‥‥	실은 말이다‥‥
3b4984:34:2	おまえは\nわしの子供ではない！	너는\n내 자식이 아니다！
3b4984:34:3	いやいや‥\nわしのマゴじゃとか\nそういうことではなく‥‥	아니아니‥\n내 손자라든가\n그런 얘기가 아니라‥‥
3b4984:34:4	わしとおまえは\n血が\nつながっておらぬのじゃ	나와 너는\n피가\n이어져 있지 않단다
3b4984:34:5	ショックじゃろうなあ\nあこがれの爺さんが\n実の爺さんでない‥‥	충격이겠지\n동경하던 할아비가\n친할아비가 아니라니‥‥
3b4984:34:6	しっかぁし！\nわしは\nおまえを愛しておる	하지마아안！\n나는\n너를 사랑한다
3b4984:34:7	おそらく‥\nこの世の誰よりもなあ	아마‥\n이 세상 누구보다도 말이다
3b4984:34:8	話が長くなってしまった\nすまんのぉ\nもう少しつきあっとくれ	이야기가 길어졌구나\n미안하다\n조금만 더 들어 다오
3b4984:36:0	このオブジェが何なのか\n‥‥すでに不思議な\n体験をしたじゃろう？	이 오브제가 무엇인지\n‥‥이미 신기한\n경험을 했겠지？
3b4984:36:1	これには‥おまえを導く\n石が入っておる	여기에는‥ 너를 이끌\n돌이 들어 있다
3b4984:36:2	石は意志に通ずるもの‥\nわしには見えぬが\nおまえは見えるはずじゃ	돌은 뜻과 통하는 법‥\n나에게는 보이지 않지만\n너는 보일 게다
3b4984:36:3	それがおまえの道を\n開くことになろう	그것이 너의 길을\n열게 될 게야
3b4984:48:0	教会へ行って\nシスターのマリアさんに\n祝福を受けてきなさい	교회에 가서\n시스터 마리아 씨에게\n축복을 받고 오너라
3b4984:38:0	おお‥帰ってきたな	오오‥ 돌아왔구나
3b4984:38:1	心の準備ができたら\nあのオブジェに\n触れてみなさい	마음의 준비가 되면\n저 오브제에\n손을 대 보거라
3b4984:38:2	それじゃあ\nわしは退散するかのぉ	그럼\n나는 물러가 볼까
3b4984:40:0	あなたは人として\n生まれ変わることを\n望んだ‥‥	당신은 인간으로\n다시 태어나기를\n바랐지요‥‥
3b4984:40:1	人が‥自らの選択で\n生きるべきか\n運めの道をたどるべきか	인간이‥ 스스로의 선택으로\n살아가야 하는가\n운명의 길을 따라야 하는가
3b4984:40:2	その証を立てるため\nあなたは‥あなた自身と\n戦わなくてはなりません	그 증거를 세우기 위해\n당신은‥ 당신 자신과\n싸워야만 합니다
3b4984:41:0	これこれ‥\nまだ触ってはいかん！	이놈‥\n아직 만지면 안 된다！
3b4984:42:0	{c:0b}ＬＯＣＫＥＤ\n{c:0f}鍵が、かかっていて開かない！	{c:0b}ＬＯＣＫＥＤ\n{c:0f}자물쇠가 잠겨 있어서 열리지 않는다！
3b4984:49:0	買い物だったら\nカウンター越しに\n話しかけてね	물건을 사려면\n카운터 너머로\n말을 걸어 줘
3b4984:50:0	デーブったら\n大きな体して\n恐がりなのよね	데브는 참\n덩치는 큰데\n겁쟁이라니까
3b4984:51:0	かってに\nうろついちゃダメだよ	멋대로\n돌아다니면 안 돼
3b565c:3:0	教会でマリアさんに\n祝福してもらったの\nとっても清々しい気分よ	교회에서 마리아 씨한테\n축복을 받았어\n정말 상쾌한 기분이야
3b565c:4:0	{name:0f00}！\nおまえ‥神様信じてるか？	{name:0f00}！\n너‥ 신님 믿어？
3b565c:5:0	俺は‥信じてるぞ！\nだって‥シスターのマリアさんって美人だもんなあ	나는‥ 믿어！\n왜냐면‥ 시스터 마리아 씨는 미인이잖아
3b565c:6:0	そうだよなあ\nマリアさんに祝福されたら\nブタでも信じられるもんなあ	그렇지\n마리아 씨한테 축복받으면\n돼지라도 믿게 될 거야
3b565c:7:0	マッセ君はいいよなあ\n家がお金持ちだもんなあ	마세는 좋겠다\n집이 부자잖아
3b565c:8:0	カアムちゃんは\nお菓子とお花とどっちが好きかなあどう思う‥{name:0f00}？	카암은\n과자랑 꽃 중에 뭘 더 좋아할까 어떻게 생각해‥ {name:0f00}？
3b565c:9:0	ロスタールの都には\n大きなお城が建っておるそうじゃ\n死ぬまでに一度おがんでみたいのぉ	로스탈 도성에는\n커다란 성이 서 있다더구먼\n죽기 전에 한 번 보고 싶구먼
3b565c:10:0	教会へ行くなら\nシスターのマリアさんに\nお祈りをしてもらうといいわ	교회에 간다면\n시스터 마리아 씨에게\n기도를 받는 게 좋아
3b565c:10:1	教会で信仰されているラザレス様は“滅びの獣”からこの世界を救った救世主なのよ	교회에서 믿는 라자레스 님은 “멸망의 짐승”으로부터 이 세계를 구한 구세주야
3b565c:11:0	オルトナッシュって\n“救世の祈り”という意味なんだ\n教祖のヴェルメッサが	오르트나슈란\n“구세의 기도”라는 뜻이래\n교주 베르메사가
3b565c:11:1	世紀末に復活する“滅びの獣”からこの世界を救うんだってさ	세기말에 부활하는 “멸망의 짐승”으로부터 이 세계를 구한대
3b5a6c:100:0	{c:07}防具屋のねえちゃん\n{c:0f}	{c:07}방어구점 누나\n{c:0f}
3b5a6c:100:1	お買いものですか\n何になさいます？	쇼핑하시나요\n무엇으로 하시겠어요？
3b5a6c:100:2	何をお求めになりますか？	무엇을 찾으시나요？
3b5a6c:100:3	は１つ\n	은(는) １개에\n
3b5a6c:100:4	ルクソルです。\n	룩솔입니다.\n
3b5a6c:100:5	いくつ買いますか？	몇 개 사시겠어요？
3b5a6c:100:6	‥‥？\nお金が\n足りないようですけど‥	‥‥？\n돈이\n모자라신 것 같은데요‥
3b5a6c:100:7	ありがとうございます\n他には‥いかがですか？	감사합니다\n다른 건‥ 어떠세요？
3b5a6c:100:8	珍しい‥‥\nお客様の選ばれた品は\n持ちきれないようですわ	어머나‥‥\n손님이 고르신 물건은\n더 들 수 없으신 것 같네요
3b5a6c:100:9	なにを\n売って下さいますか？	무엇을\n팔아 주시겠어요？
3b5a6c:100:10	売れる物が\n無いみたいですけど？	팔 수 있는 물건이\n없으신 것 같은데요？
3b5a6c:100:11	を\nいくつ売りますか？	을(를)\n몇 개 파시겠어요？
3b5a6c:100:12	ありがとうございます	감사합니다
3b5a6c:100:13	他に何を売りますか？	그 밖에 무엇을 파시겠어요？
3b5a6c:100:14	‥‥？\nお金が\n足りないようですけど‥	‥‥？\n돈이\n모자라신 것 같은데요‥
3b5a6c:100:15	またいらしてくださいね	또 들러 주세요
3b5a6c:101:0	{c:07}武器屋のあんちゃん\n{c:0f}	{c:07}무기점 형씨\n{c:0f}
3b5a6c:101:1	うちの品揃えは\n都の武器屋にも\n負けないよ！	우리 가게 물건은\n도성의 무기점에도\n안 뒤진다고！
3b5a6c:101:2	何を買ってくれるんだい？	뭘 사 줄 거야？
3b5a6c:101:3	は１つ\n	은(는) １개에\n
3b5a6c:101:4	ルクソルです。\n	룩솔입니다.\n
3b5a6c:101:5	いくつ買うんだい？	몇 개 살 거야？
3b5a6c:101:6	お金が足りないよ	돈이 모자라
3b5a6c:101:7	ありがとね\n他の品も見てみてよ	고마워\n다른 물건도 봐 봐
3b5a6c:101:8	それ以上は持てないよ	더는 못 들어
3b5a6c:101:9	なにを\n売ってくれる？	뭘\n팔아 줄 거야？
3b5a6c:101:10	売れる物が\n無いみたいだけど？	팔 수 있는 물건이\n없는 것 같은데？
3b5a6c:101:11	を\nいくつ売りますか？	을(를)\n몇 개 파시겠어요？
3b5a6c:101:12	ありがとね	고마워
3b5a6c:101:13	他に何を売るんだい？	또 뭘 팔 거야？
3b5a6c:101:14	持ち金が一杯のようだね	가진 돈이 꽉 찬 것 같네
3b5a6c:101:15	いつでものぞいてよね	언제든 들러
3b5a6c:102:0	{c:07}道具屋のにいちゃん\n{c:0f}	{c:07}도구점 형\n{c:0f}
3b5a6c:102:1	いらっしゃい\n何にいたします？	어서 와\n뭘로 할래？
3b5a6c:102:2	何をお求めになりますか？	무엇을 찾으시나요？
3b5a6c:102:3	は１つ\n	은(는) １개에\n
3b5a6c:102:4	ルクソルです。\n	룩솔입니다.\n
3b5a6c:102:5	いくつ買いますか？	몇 개 사시겠어요？
3b5a6c:102:6	お金を\n払ってくれないと‥‥	돈을\n내 주지 않으면‥‥
3b5a6c:102:7	ありがとさん\n他に必要なものは？	고맙수\n그 밖에 필요한 건？
3b5a6c:102:8	それ以上は持てないよ	더는 못 들어
3b5a6c:102:9	どれを売りますか？	어느 걸 팔 거야？
3b5a6c:102:10	売れる物が\n無いみたいですけど？	팔 수 있는 물건이\n없으신 것 같은데요？
3b5a6c:102:11	を\nいくつ売りますか？	을(를)\n몇 개 파시겠어요？
3b5a6c:102:12	ありがとう	고마워
3b5a6c:102:13	なにを\n売ってくれる？	뭘\n팔아 줄 거야？
3b5a6c:102:14	持ち金が一杯ですね	가진 돈이 꽉 찼네
3b5a6c:102:15	いつでもどうぞ	언제든 오라고
3b6168:2:0	ＳＡＶＥ\n{c:0f}ここまでの状況を記録してください	ＳＡＶＥ\n{c:0f}지금까지의 상황을 기록해 주세요
3b6168:3:0	{c:0f}それから５年の歳月が流れ\n{name:0700}は\n１０歳の立派な少年に成長した	{c:0f}그로부터 ５년의 세월이 흘러\n{name:0700}은(는)\n１０살의 어엿한 소년으로 자랐다
3b6168:3:1	そうか！\nそうじゃったのか！！	그렇구나！\n그런 거였구나！！
3b6168:3:2	風をあらわすホリクス\n{01:073b}{03:003b}は\n救世主ラザレスの象徴！	바람을 나타내는 호릭스\n{01:073b}{03:003b}는\n구세주 라자레스의 상징！
3b6168:3:3	そして‥この物体は‥‥	그리고‥ 이 물체는‥‥
3b6614:2:0	お～い\n{name:0f00}！	어～이\n{name:0f00}！
3b6614:2:1	トンちゃんが\nみんなに話があるから\n集まって欲しいって	톤이\n다들한테 할 얘기가 있으니까\n모여 달래
3b6854:5:0	いらっしゃいませ～	어서 오세요～
3b6a40:2:0	{c:0b}冒険者の心得１\n{c:0f}子供には必要ない\n旅立つ若者におくる\n冒険者のための本！	{c:0b}모험가의 마음가짐１\n{c:0f}어린애한테는 필요 없다\n길을 떠나는 젊은이에게 보내는\n모험가를 위한 책！
3b6a40:32:0	{c:0b}冒険者の心得２\n{c:0f}一般の冒険者は‥ただ歩く\n歩いて敵と戦い‥また歩く\n本当の冒険も知らないで‥‥	{c:0b}모험가의 마음가짐２\n{c:0f}보통 모험가는‥ 그저 걷는다\n걸어서 적과 싸우고‥ 또 걷는다\n진짜 모험도 모른 채‥‥
3b6a40:33:0	{c:0b}冒険者の心得３\n{c:0f}ナゾを知るには注意深くなれ！\nカベや床のちょっとした違いが\n分かるようになれば一人前だ！	{c:0b}모험가의 마음가짐３\n{c:0f}수수께끼를 알려면 주의 깊어져라！\n벽이나 바닥의 사소한 차이를\n알아챌 수 있게 되면 한 사람 몫이다！
3b6a40:34:0	{c:0b}冒険者の心得４\n{c:0f}お金（ルクソル）は大切に使え！\n持ってるだけ全て使ってしまう者はいつも貧乏することになるだろう	{c:0b}모험가의 마음가짐４\n{c:0f}돈(룩솔)은 소중히 써라！\n가진 만큼 다 써 버리는 자는 늘 가난하게 살게 될 것이다
3b6a40:35:0	{c:0b}冒険者の心得５\n{c:0f}町を出る前には回復薬を\n５～１０個　持っておくと良い\n必ず役に立つことがあるはずだ	{c:0b}모험가의 마음가짐５\n{c:0f}마을을 나서기 전에는 회복약을\n５～１０개　가지고 있으면 좋다\n반드시 쓸모가 있을 것이다
3b6a40:36:0	{c:0b}冒険者の心得６\n{c:0f}僧侶や魔法使いのように\n魔法の使い手を志す者は\n子供のうちに本を読んでおくこと	{c:0b}모험가의 마음가짐６\n{c:0f}승려나 마법사처럼\n마법을 다루는 자가 되려는 자는\n어릴 때 책을 읽어 둘 것
3b6a40:37:0	{c:0b}冒険者の心得７\n{c:0f}魔法を唱えるには　呪文書と\nこの世を形作る元素ホリクス\nそして魔法の才能が必要である	{c:0b}모험가의 마음가짐７\n{c:0f}마법을 외우려면　주문서와\n이 세상을 이루는 원소 호릭스\n그리고 마법의 재능이 필요하다
3b6a40:38:0	{c:0b}冒険者の心得８\n{c:0f}戦いは冷静であることを心がける\n自分の戦い方が身につくまで\n単調な選択はさけ色々ためすこと	{c:0b}모험가의 마음가짐８\n{c:0f}싸움에서는 냉정함을 유지하라\n자신의 싸움 방식이 몸에 밸 때까지\n단조로운 선택은 피하고 이것저것 시험할 것
3b6a40:39:0	{c:0b}エイナス神話１\n{c:0f}エイナス（ＡＮＥＡＲＴＨ）世界は五振りの霊剣によって顕現されし\n五元のホリクスの力で創造された	{c:0b}에이너스 신화１\n{c:0f}에이너스(ＡＮＥＡＲＴＨ) 세계는 다섯 자루의 영검으로 현현된\n오원(五元)의 호릭스의 힘으로 창조되었다
3b6a40:40:0	{c:0b}エイナス神話２\n{c:0f}地の霊剣たる巨剣アッシャーは\n伝説の巨人ガイアスをして\n{01:0738}{03:0038}の神とした	{c:0b}에이너스 신화２\n{c:0f}땅의 영검인 거검 아셔는\n전설의 거인 가이아스를\n{01:0738}{03:0038}의 신으로 삼았다
3b6a40:41:0	{c:0b}エイナス神話３\n{c:0f}水の霊剣{03:005f}{01:075f}は\n精霊の長ポツレスをして\n{01:0739}{03:0039}の神とした	{c:0b}에이너스 신화３\n{c:0f}물의 영검 {03:005f}{01:075f}는\n정령의 우두머리 포츠레스를\n{01:0739}{03:0039}의 신으로 삼았다
3b6a40:42:0	{c:0b}エイナス神話４\n{c:0f}火の霊剣たる皇剣ティルトリテラは冥界の皇ビラグリスをして\n{01:073a}{03:003a}の神とした	{c:0b}에이너스 신화４\n{c:0f}불의 영검인 황검 티르트리테라는 명계의 황제 비라그리스를\n{01:073a}{03:003a}의 신으로 삼았다
3b6a40:43:0	{c:0b}エイナス神話５\n{c:0f}風の霊剣{03:0060}{01:0760}は\n人の勇者ラザレスをして\n{01:073b}{03:003b}の神とした	{c:0b}에이너스 신화５\n{c:0f}바람의 영검 {03:0060}{01:0760}는\n인간 용사 라자레스를\n{01:073b}{03:003b}의 신으로 삼았다
3b6a40:44:0	{c:0b}エイナス神話６\n{c:0f}空の霊剣たる聖剣ファルトラルは\n龍神トゥルケスをして\n{01:073c}{03:003c}の神とした	{c:0b}에이너스 신화６\n{c:0f}하늘의 영검인 성검 파르트랄은\n용신 투르케스를\n{01:073c}{03:003c}의 신으로 삼았다
3b6a40:45:0	{c:0b}エイナス神話７\n{c:0f}古代イシュメリア時代\n五元の神をまつる神殿が\n世界の至る所に創られたといわれる	{c:0b}에이너스 신화７\n{c:0f}고대 이슈메리아 시대\n오원의 신을 모시는 신전이\n세계 곳곳에 세워졌다고 전해진다
3b6a40:46:0	{c:0b}エイナス神話８\n{c:0f}隆盛をほこった古代イシュメリアも一千年前に現れた滅びの獣によって終えんをむかえた	{c:0b}에이너스 신화８\n{c:0f}융성을 자랑하던 고대 이슈메리아도 일천 년 전에 나타난 멸망의 짐승에 의해 종말을 맞이했다
3b6a40:47:0	{c:0b}滅びの獣\n{c:0f}救世主ラザレスによって討たれし\n大いなる災厄は一千年の刻を経て\nよみがえるであろう	{c:0b}멸망의 짐승\n{c:0f}구세주 라자레스에게 쓰러진\n크나큰 재앙은 일천 년의 시간을 지나\n되살아날 것이다
3b6a40:48:0	{c:0b}祈りの力\n{c:0f}心からの祈りは時として\n呪わしき者どもを浄化する力を\n発揮するものである	{c:0b}기도의 힘\n{c:0f}진심 어린 기도는 때때로\n저주받은 자들을 정화하는 힘을\n발휘하는 법이다
3b6a40:49:0	{c:0b}誠実であること\n{c:0f}自らの生き方に\n見返りを求めてはならない\n打算的な者ほど醜いものはなし	{c:0b}성실할 것\n{c:0f}자신의 삶의 방식에\n대가를 바라서는 안 된다\n타산적인 자만큼 추한 것은 없다
3b6a40:50:0	{c:0b}生命ある者\n{c:0f}人の魂を位置づけるものは\n地位でもなく名誉でもない\n天の意志を知る心である	{c:0b}생명 있는 자\n{c:0f}사람의 영혼을 자리매김하는 것은\n지위도 아니요 명예도 아니다\n하늘의 뜻을 아는 마음이다
3b6a40:51:0	{c:0b}神の愛\n{c:0f}天に星がきらめくように\n地に花が咲くように\n人に神の愛があるのです	{c:0b}신의 사랑\n{c:0f}하늘에 별이 반짝이듯\n땅에 꽃이 피듯\n사람에게는 신의 사랑이 있습니다
3b6a40:52:0	{c:0b}エイナス創世\n{c:0f}５つの偉大なるホリクスから\nエイナス世界は誕生した\nその力は五振りの霊剣に象徴される	{c:0b}에이너스 창세\n{c:0f}５개의 위대한 호릭스로부터\n에이너스 세계가 탄생했다\n그 힘은 다섯 자루의 영검으로 상징된다
3b6a40:53:0	{c:0b}正義とは\n{c:0f}正しきことの側面には\n常に悪しき影がつきまとう\n唯一絶対の正義とは神のみである	{c:0b}정의란\n{c:0f}옳은 일의 이면에는\n늘 악한 그림자가 따라다닌다\n유일절대의 정의란 신뿐이다
3b6a40:54:0	{c:0b}神の存在\n{c:0f}神を疑う前に‥自らの存在を疑え\n今この瞬間に在るべき己を知ることそれが神の存在を知ることである	{c:0b}신의 존재\n{c:0f}신을 의심하기 전에‥ 자신의 존재를 의심하라\n지금 이 순간 있어야 할 자신을 아는 것 그것이 신의 존재를 아는 것이다
3b6a40:55:0	{c:0b}魔法使いの心得\n{c:0f}ホリクスを使用する呪文は\n効果は絶大であるが\n無闇に使用してはならない	{c:0b}마법사의 마음가짐\n{c:0f}호릭스를 사용하는 주문은\n효과는 절대적이지만\n함부로 사용해서는 안 된다
3b6a40:55:1	これはホリクスが共有の力で\nあることに他ならない\n他の者が使用するホリクスの属性を\n把握しておく必要があるのである	이는 호릭스가 공유하는 힘이라는\n것에 다름 아니다\n다른 자가 사용하는 호릭스의 속성을\n파악해 둘 필요가 있는 것이다
3b6a40:55:2	魔法使いは\nできるだけ魔法の杖を使い\nホリクスの浪費を避けるように\nつとめねばならない	마법사는\n되도록 마법 지팡이를 써서\n호릭스의 낭비를 피하도록\n힘써야 한다
3b6a40:56:0	{c:0b}ちょっと難しい魔法\n{c:0f}魔法には五大ホリクスに代表される５つの属性があるのじゃ	{c:0b}조금 어려운 마법\n{c:0f}마법에는 오대 호릭스로 대표되는 ５가지 속성이 있단다
3b6a40:56:1	プリティヴィ{03:0038}（地）\nアバース　　{03:0039}（水）\nテジャス　　{03:003a}（火）\nヴァユ　　　	프리티비　{03:0038}（땅）\n아파스　　{03:0039}（물）\n테자스　　{03:003a}（불）\n바유
3b6a40:56:2	そして\nイーテル　　{03:003c}（空）\n\n以上が五大ホリクスと呼ばれる	그리고\n이테르　　{03:003c}（하늘）\n\n이상이 오대 호릭스라 불린다
3b6a40:56:3	ホリクスの形を覚え\nその効果を知ることが\n魔法を扱う者の基礎となる！\nよ～く覚えるのじゃぞ	호릭스의 모양을 익히고\n그 효과를 아는 것이\n마법을 다루는 자의 기초가 된다！\n잘～ 기억해 두거라
3b6a40:57:0	{c:0b}魔法使いの能力と魔法効果\n{c:0f}魔法使いの能力は一般に\n知力（ＩＮＴ）の値によって\n決定される	{c:0b}마법사의 능력과 마법 효과\n{c:0f}마법사의 능력은 일반적으로\n지력（ＩＮＴ）의 수치로\n결정된다
3b6a40:57:1	だが‥呪文にはそれぞれに\nホリクスの効果があり\n使用者の五大ホリクス魔力によって効果が異なる	하지만‥ 주문에는 저마다\n호릭스의 효과가 있어\n사용자의 오대 호릭스 마력에 따라 효과가 다르다
3b6a40:57:2	五大ホリクス魔力\n（ＭＡＧＩＣ　ＰＯＷＥＲ）は\n魔法の使用によって上昇する	오대 호릭스 마력\n（ＭＡＧＩＣ　ＰＯＷＥＲ）은\n마법을 사용함으로써 상승한다
3b6a40:58:0	{c:07}　『堅くて長持ち！！\n　　それが男ってもんだよなあ』\n{c:0f}　都の鍛冶屋から直接入荷！！\n{c:07}　　　　　　　　　　－防具屋－{c:0f}	{c:07}　『단단하고 오래간다！！\n　　그게 사나이라는 거지』\n{c:0f}　도성의 대장간에서 직접 입하！！\n{c:07}　　　　　　　　　　－방어구점－{c:0f}
3b6a40:101:0	{c:07}　『戦う男の必需品！！\n　　ひと味違うこの切れ味』\n{c:0f}　都の剣士も使っています！！\n{c:07}　　　　　　　　　　－武器屋－{c:0f}	{c:07}　『싸우는 남자의 필수품！！\n　　한 차원 다른 이 날카로움』\n{c:0f}　도성의 검사도 쓰고 있습니다！！\n{c:07}　　　　　　　　　　－무기점－{c:0f}
3b6a40:102:0	{c:07}　『ああ‥買っててよかった\n　　旅のお供にしてください』\n{c:0f}　みなさんのお役に立ちます\n{c:07}　　　　　　　　　　－道具屋－{c:0f}	{c:07}　『아아‥ 사 두길 잘했다\n　　여행의 동반자로 삼아 주세요』\n{c:0f}　여러분께 도움이 됩니다\n{c:07}　　　　　　　　　　－도구점－{c:0f}
3b6a40:103:0	{c:07}　『旅する男のオアシス\n　　マーシュの宿屋へようこそ！』\n{c:0f}　お酒も飲めます\n{c:07}　　　　　　－マーシュの宿屋－{c:0f}	{c:07}　『여행하는 남자의 오아시스\n　　마시의 여관에 어서 오세요！』\n{c:0f}　술도 마실 수 있습니다\n{c:07}　　　　　　－마시의 여관－{c:0f}
3b75c4:46:0	{c:0b}ＭＯＮＥＹ\n{c:0f}２ルクソルを手に入れた	{c:0b}ＭＯＮＥＹ\n{c:0f}２룩솔을 손에 넣었다
3b75c4:52:0	{c:0b}ＭＯＮＥＹ\n{c:0f}１０ルクソルを手に入れた	{c:0b}ＭＯＮＥＹ\n{c:0f}１０룩솔을 손에 넣었다
3b75c4:59:0	{c:0b}ＭＯＮＥＹ\n{c:0f}４ルクソルを手に入れた	{c:0b}ＭＯＮＥＹ\n{c:0f}４룩솔을 손에 넣었다
3b75c4:60:0	{c:0b}ＭＯＮＥＹ\n{c:0f}１０ルクソルを手に入れた	{c:0b}ＭＯＮＥＹ\n{c:0f}１０룩솔을 손에 넣었다
3b75c4:63:0	{c:0b}ＭＯＮＥＹ\n{c:0f}５ルクソルを手に入れた	{c:0b}ＭＯＮＥＹ\n{c:0f}５룩솔을 손에 넣었다
3b75c4:65:0	{c:0b}ＴＯＯＬ\n{01:072b}{03:002b}{c:0f}を手に入れた	{c:0b}ＴＯＯＬ\n{01:072b}{03:002b}{c:0f}을(를) 손에 넣었다
3b7cb8:43:0	{c:0b}ＬＯＣＫＥＤ\n{c:0f}鍵が、かかっていて開かない！	{c:0b}ＬＯＣＫＥＤ\n{c:0f}자물쇠가 잠겨 있어서 열리지 않는다！
44c240:10:0	は　いいいえ	예　　아니오
44c240:101:0	{c:07}カシム\n{c:0f}	{c:07}카심\n{c:0f}
44c240:102:0	{c:07}ナーシャ\n{c:0f}	{c:07}나샤\n{c:0f}
44c240:103:0	{c:07}紫炎アディス\n{c:0f}	{c:07}자염의 아디스\n{c:0f}
44c240:104:0	{c:07}ヴェストリル\n{c:0f}	{c:07}베스트릴\n{c:0f}
44c240:105:0	{c:07}マーシュ\n{c:0f}	{c:07}마시\n{c:0f}
44c240:106:0	{c:07}オリベラ\n{c:0f}	{c:07}올리베라\n{c:0f}
44c240:107:0	{c:07}リンダ\n{c:0f}	{c:07}린다\n{c:0f}
44c240:108:0	{c:07}ユキ\n{c:0f}	{c:07}유키\n{c:0f}
44c240:109:0	{c:07}グレゴリー爺さん\n{c:0f}	{c:07}그레고리 할아범\n{c:0f}
44c240:110:0	{c:07}チャック\n{c:0f}	{c:07}척\n{c:0f}
44c240:111:0	{c:07}マクガイア\n{c:0f}	{c:07}맥과이어\n{c:0f}
44c240:112:0	{c:07}シスターマリア\n{c:0f}	{c:07}시스터 마리아\n{c:0f}
44c240:113:0	{c:07}おじいさん\n{c:0f}	{c:07}할아버지\n{c:0f}
44c240:114:0	{c:07}デーブ\n{c:0f}	{c:07}데브\n{c:0f}
44c240:115:0	{c:07}トン\n{c:0f}	{c:07}톤\n{c:0f}
44c240:116:0	{c:07}おにいさん\n{c:0f}	{c:07}오빠\n{c:0f}
44c240:117:0	{c:07}聖なる光\n{c:0f}	{c:07}성스러운 빛\n{c:0f}
44c240:118:0	{c:07}マッセ\n{c:0f}	{c:07}마세\n{c:0f}
44c240:119:0	{c:07}カアム\n{c:0f}	{c:07}카암\n{c:0f}
44c240:120:0	{c:07}ヤレムの司祭\n{c:0f}	{c:07}야렘의 사제\n{c:0f}
44c240:121:0	{c:07}ヤレムの領主\n{c:0f}	{c:07}야렘의 영주\n{c:0f}
44c240:122:0	{c:07}召使いのお姉さん\n{c:0f}	{c:07}하녀 아가씨\n{c:0f}
44c240:123:0	{c:07}武器屋のあんちゃん\n{c:0f}	{c:07}무기점 형씨\n{c:0f}
44c240:124:0	{c:07}防具屋のねえちゃん\n{c:0f}	{c:07}방어구점 누나\n{c:0f}
44c240:125:0	{c:07}道具屋のにいちゃん\n{c:0f}	{c:07}도구점 형\n{c:0f}
44c240:126:0	{c:07}カアムのお母さん\n{c:0f}	{c:07}카암의 어머니\n{c:0f}
44c240:127:0	{c:07}執事\n{c:0f}	{c:07}집사\n{c:0f}
44c240:128:0	{c:07}宿屋の客\n{c:0f}	{c:07}여관 손님\n{c:0f}
44c240:129:0	{c:07}宿屋の旅人\n{c:0f}	{c:07}여관의 나그네\n{c:0f}
44c240:130:0	{c:07}修道僧\n{c:0f}	{c:07}수도승\n{c:0f}
44c240:131:0	{c:07}町のおねえさん\n{c:0f}	{c:07}마을 아가씨\n{c:0f}
44c240:132:0	{c:07}おばさん\n{c:0f}	{c:07}아주머니\n{c:0f}
44c240:133:0	{c:07}おねえさん\n{c:0f}	{c:07}아가씨\n{c:0f}
44c240:134:0	{c:0b}ＭＯＮＥＹ\n{c:0f}	{c:0b}ＭＯＮＥＹ\n{c:0f}
44c240:135:0	アイテムがいっぱいでもてない！	아이템이 가득 차서 들 수 없다！
44c240:136:0	{c:07}お客さん\n{c:0f}	{c:07}손님\n{c:0f}
44c240:137:0	{c:07}オルトナッシュ上級信者\n{c:0f}	{c:07}오르트나슈 상급 신자\n{c:0f}
44c240:138:0	{c:07}オルトナッシュ一般信者\n{c:0f}	{c:07}오르트나슈 일반 신자\n{c:0f}
44c240:139:0	{c:0b}ＢＯＯＫ\n{c:0f}本を手にとって開いた	{c:0b}ＢＯＯＫ\n{c:0f}책을 집어 들고 펼쳤다
44c858:2:0	{c:0b}ＮＯＴＥ\n{c:0f}グレゴリー爺さんからの書き置き	{c:0b}ＮＯＴＥ\n{c:0f}그레고리 할아범이 남긴 쪽지
44c858:2:1	{c:07}{name:0700}{c:0f}へ\nわしは‥ちょいと出かけてくるよ\n今日は占いで{c:08}　凶{c:0f}と出ておるから\nあまり外へ出歩かぬようにな	{c:07}{name:0700}{c:0f}에게\n나는‥ 잠깐 나갔다 오마\n오늘은 점괘가 {c:08}　흉{c:0f}으로 나왔으니\n너무 밖에 나다니지 말거라
44c858:2:2	そうそう\nチャックは‥わしが連れて行くからひとりで勉強でもしてなさい\n{c:07}　　　　　　　恋しい爺ちゃんより	참참\n척은‥ 내가 데려갈 테니 혼자 공부라도 하고 있거라\n{c:07}　　　　　　　그리운 할아비가
44c858:3:0	{c:0b}ＮＯＴＥ\n{c:0f}グレゴリー爺さんからの書き置き	{c:0b}ＮＯＴＥ\n{c:0f}그레고리 할아범이 남긴 쪽지
44c858:3:1	{name:0700}よ\nわしは\nおまえを旅に出すことにした	{name:0700}아\n나는\n너를 여행 보내기로 했다
44c858:3:2	おまえなら魔法使いの\n最高位であるフォースマスターに\nなることも可能じゃろう\nロスタールの都をめざすのじゃ！	너라면 마법사의\n최고위인 포스마스터가\n되는 것도 가능하겠지\n로스탈 도성을 목표로 하거라！
44c858:3:3	都の魔法学院へ行き\n学院長様から魔法を学びなさい\n机の上にある呪文書とホリクスは\nわしからのプレゼントじゃ	도성의 마법학원에 가서\n학원장님께 마법을 배우거라\n책상 위에 있는 주문서와 호릭스는\n내가 주는 선물이란다
44c858:3:4	健康に気をつけて‥‥\nおまえが立派な魔法使いになる日を夢見ておるよ\n{c:07}　　　　　　大好きな爺ちゃんより	건강 조심하고‥‥\n네가 훌륭한 마법사가 될 날을 꿈꾸고 있으마\n{c:07}　　　　　　너를 아끼는 할아비가
44c858:4:0	オルトナッシュか‥‥\nチッ‥いやなこと\n思い出させやがるぜ	오르트나슈라‥‥\n쳇‥ 싫은 걸\n떠올리게 하는군
44c858:5:0	おかしな連中が\n教会に\n集まってるらしいねえ	이상한 놈들이\n교회에\n모여 있다더라
44c858:5:1	早く出ていけば\nいいのに！	빨리 나가 버리면\n좋을 텐데！
44c858:6:0	あたしは‥\n宗教には興味ないよ！	나는‥\n종교엔 관심 없어！
44c858:7:0	つまらない世の中に\nなったわよね	재미없는 세상이\n되어 버렸어
44c858:8:0	おまえは\n外へ行ってなさい	너는\n밖에 나가 있거라
44c858:9:0	カアムは\nどこに行ったのかしら？	카암은\n어디 갔을까？
44c858:10:0	教会の前に\n人だかりができてるって？	교회 앞에\n사람들이 모여 있다고？
44c858:10:1	食い物でもくばってんのか？	먹을 거라도 나눠 주나？
44c858:11:0	どこもかしこも\nオルトナッシュオルトナッシュ！	어디를 가도\n오르트나슈 오르트나슈！
44c858:11:1	何かの呪文みたいだねえ	무슨 주문 같구먼
44c858:12:0	他にすることないのかねえ	달리 할 일이 없나
44c858:13:0	おかしな連中が\n教会の前に集まっておるらしいのぉ\n神を恐れぬふとどき者どもめが！	이상한 놈들이\n교회 앞에 모여 있다더구먼\n신을 두려워하지 않는 괘씸한 놈들 같으니！
44c858:14:0	俺の決心はかたい！\nこの世界のために\n命を投げうつ覚悟はできてるんだ！	내 결심은 굳다！\n이 세계를 위해\n목숨을 내던질 각오는 되어 있어！
44c858:20:0	フフ‥‥\n君もオルトナッシュに\n入信したいのかね？	후후‥‥\n자네도 오르트나슈에\n입신하고 싶은가？
44c858:20:1	ふふん‥‥\nまあ‥決心がついたら来なさい	흐흥‥‥\n뭐‥ 결심이 서면 오게나
44c858:21:0	ふむ‥‥\n君は聖教の祝福を受けているね	흠‥‥\n자네는 성교의 축복을 받았군
44c858:21:1	ルトナッシュに入るには\n改宗の儀式を受けねばならん	오르트나슈에 들어오려면\n개종 의식을 받아야 하네
44c858:21:2	それでも‥いいかね	그래도‥ 괜찮겠나
44c858:21:3	ふふん‥‥\nまあ‥決心がついたら来なさい	흐흥‥‥\n뭐‥ 결심이 서면 오게나
44c858:22:0	よろしい！\nそれでは‥儀式を執り行おう‥‥	좋다！\n그럼‥ 의식을 거행하지‥‥
44c858:22:1	ッハッハッハッハッ‥‥‥	하하하하하‥‥‥
44c858:23:0	‥‥‥‥‥‥‥‥‥‥‥	‥‥‥‥‥‥‥‥‥‥‥
44c858:24:0	者の証{01:0715}{03:0015}を\n持っていない方は\nお通しできませんぞ	신자의 증표{01:0715}{03:0015}를\n가지고 있지 않은 분은\n지나가실 수 없소
44c858:26:0	かに‥‥	확실히‥‥
44c858:30:0	あなたの声を\n私に聞かせて‥‥ファウ	당신의 목소리를\n내게 들려줘요‥‥ 파우
44c858:41:0	ＬＯＣＫＥＤ\n{c:0f}鍵が、かかっていて開かない！	ＬＯＣＫＥＤ\n{c:0f}자물쇠가 잠겨 있어서 열리지 않는다！
44c858:150:0	{c:0b}ＨＯＬＩＸ\n	{c:0b}ＨＯＬＩＸ\n
44c858:150:1	{c:0f}を５個手に入れた	{c:0f}을(를) ５개 손에 넣었다
44c858:151:0	{c:0b}ＨＯＬＩＸ\n	{c:0b}ＨＯＬＩＸ\n
44c858:151:1	{c:0f}を５個手に入れた	{c:0f}을(를) ５개 손에 넣었다
44c858:152:0	{c:0b}ＨＯＬＩＸ\n{01:0739}{03:0039}{c:0f}を５個手に入れた	{c:0b}ＨＯＬＩＸ\n{01:0739}{03:0039}{c:0f}을(를) ５개 손에 넣었다
44c858:153:0	{c:0b}ＳＣＲＯＬＬ\n{01:07a0}{03:00a0}{c:0f}を手に入れた！	{c:0b}ＳＣＲＯＬＬ\n{01:07a0}{03:00a0}{c:0f}을(를) 손에 넣었다！
44d044:2:0	都へ出たわしの息子も\nオルトナッシュに\n入信したらしくてな‥‥	도성에 나간 내 아들도\n오르트나슈에\n입신했다는 모양이라‥‥
44d044:2:1	息子が入信したわけが\n少しだけわかった気がするよ	아들이 입신한 이유를\n조금은 알 것 같구먼
44d044:3:0	思っていたより\nまともそうじゃないか	생각했던 것보다\n멀쩡해 보이잖아
44d044:3:1	王国の聖教は堅苦しいし\nオルトナッシュに\n入信してもいいかな	왕국의 성교는 딱딱하고\n오르트나슈에\n입신해 볼까
44d044:4:0	たしかに‥教会の教えって\nあれもダメ‥これもダメって\nかたっ苦しいわよね	확실히‥ 교회 가르침은\n이것도 안 돼‥ 저것도 안 돼\n너무 딱딱하잖아
44d044:5:0	まったく‥バチ当たりな連中じゃ！	정말이지‥ 벌 받을 놈들이구먼！
44d044:6:0	あの人たち‥教会へ入っていたけどマリアさんとか大丈夫かしら‥‥	저 사람들‥ 교회에 들어갔는데 마리아 씨는 괜찮을까‥‥
44d044:7:0	なんだか‥うさん臭い連中ね	왠지‥ 수상쩍은 놈들이네
44d044:8:0	{c:0a}ＮＯＴＩＣＥ\n{c:0f}ドアに張り紙が張ってある	{c:0a}ＮＯＴＩＣＥ\n{c:0f}문에 쪽지가 붙어 있다
44d044:30:0	{c:0f}ごめんなさ～い\n今日はお休みしま～す\n\n{c:07}　　　　　　　　　　－防具屋－	{c:0f}죄송해요～\n오늘은 쉽니다～\n\n{c:07}　　　　　　　　　　－방어구점－
44d044:31:0	{c:0f}お客様‥申し訳ありません\n本日は休みとさせていただきます\n\n{c:07}　　　　　　　　　　－武器屋－	{c:0f}손님‥ 죄송합니다\n오늘은 휴업하겠습니다\n\n{c:07}　　　　　　　　　　－무기점－
44d044:32:0	{c:0f}またのご来店を\nお待ちいたしております\n\n{c:07}　　　　　　　　　　－道具屋－	{c:0f}다시 찾아 주시기를\n기다리겠습니다\n\n{c:07}　　　　　　　　　　－도구점－
44d044:36:0	{c:0b}ＴＲＥＡＳＵＲＥ\n{01:0716}{03:0016}{c:0f}を手に入れた	{c:0b}ＴＲＥＡＳＵＲＥ\n{01:0716}{03:0016}{c:0f}을(를) 손에 넣었다
44d044:39:0	{c:0b}ＴＲＥＡＳＵＲＥ\n{01:071c}{03:001c}{c:0f}を手に入れた	{c:0b}ＴＲＥＡＳＵＲＥ\n{01:071c}{03:001c}{c:0f}을(를) 손에 넣었다
44d044:44:0	{c:0f}を手に入れた	{c:0f}을(를) 손에 넣었다
44d3dc:2:0	サルモン‥‥\n{14:0032000000}おまえも{05:0a}バカだねえ	살몬‥‥\n{14:0032000000}너도 {05:0a}바보로구나
44d3dc:2:1	ほ‥‥？\n{14:0046000000}{05:0c}何のことですかの？	호‥‥？\n{14:0046000000}{05:0c}무슨 말씀이신지요？
44d3dc:2:2	過去‥{14:001e000000}{05:09}私に迫る魔力を\n振るっていた\n{05:07}おまえのことです	과거‥{14:001e000000}{05:09}나에 버금가는 마력을\n휘두르던\n{05:07}너 말이다
44d3dc:2:3	あの子がどういう存在か\n知らぬわけがない！	저 아이가 어떤 존재인지\n모를 리가 없지！
44d3dc:2:4	ふむ‥‥	흠‥‥
44d3dc:2:5	そして‥\n{14:0046000000}私が{05:0a}何をしようと\n{05:08}しているのかも	그리고‥\n{14:0046000000}내가 {05:0a}무엇을 하려고\n{05:08}하는지도
44d3dc:2:6	ひゃっひゃっひゃっ‥‥\n{14:001e000000}{05:0c}アディス様には\n{14:000a000000}{05:0a}かないませんなあ	히얏히얏히얏‥‥\n{14:001e000000}{05:0c}아디스 님께는\n{14:000a000000}{05:0a}당해 낼 수가 없군요
44d3dc:2:7	さよう‥\n{14:002d000000}存じ上げておりますぞ\n{14:001e000000}すべて‥{14:000a000000}{05:0e}何もかも‥‥	그렇소‥\n{14:002d000000}알고 있소이다\n{14:001e000000}전부‥{14:000a000000}{05:0e}무엇이든‥‥
44d3dc:2:8	これ以上‥{14:001e000000}話し合っても\nムダのようね\n{14:0032000000}{05:07}あの子を渡しなさい！	더 이상‥{14:001e000000}이야기해 봤자\n소용없는 것 같네\n{14:0032000000}{05:07}그 아이를 넘겨라！
44d3dc:2:9	古代イシュメリアの\n大魔道士{14:000a000000}{05:0c}キュリエンテス	고대 이슈메리아의\n대마도사{14:000a000000}{05:0c} 큐리엔테스
44d3dc:2:10	その生まれ変わりと\n唱われたあなた様が\n{14:0012000000}{05:0b}変わってしまわれた	그 환생이라\n칭송받던 당신께서\n{14:0012000000}{05:0b}변해 버리셨구려
44d3dc:2:11	滅びの獣の肉‥{14:0023000000}{05:0b}呪塊に\n触れられてしまった\n{14:0014000000}{05:0c}あの時から‥‥	멸망의 짐승의 살점‥{14:0023000000}{05:0b}저주 덩어리에\n손을 대 버리신\n{14:0014000000}{05:0c}그때부터‥‥
44d3dc:2:12	いえ‥\n{14:005a000000}多くは語りますまい\n{14:0046000000}{05:0d}それが運命だというなら	아니‥\n{14:005a000000}긴말은 하지 않겠소\n{14:0046000000}{05:0d}그것이 운명이라면
44d3dc:2:13	しかぁしッ！\n{14:004b000000}あの子は渡しませんぞ！\n{14:0044000000}{05:0b}それがわしの運めゆえに	하지마아안！\n{14:004b000000}그 아이는 넘기지 않겠소！\n{14:0044000000}{05:0b}그것이 나의 운명이기에
44d3dc:2:14	フフフ‥‥\n	후후후‥‥\n
44d3dc:2:15	そんなことが{14:000f000000}{05:09}できると\nお思い？	그런 게{14:000f000000}{05:09} 가능하다고\n생각해？
44d3dc:2:16	ティール‥シフ{05:06}‥ブラギ‥アタル‥ハ‥セメネイ	티르‥ 시프{05:06}‥ 브라기‥ 아타르‥ 하‥ 세메네이
44d3dc:2:17	ほぉ‥{14:0034000000}珍しい\n{14:0035000000}石化の呪文ですか‥‥\n{14:003f000000}{05:07}しかし‥私には‥‥	호오‥{14:0034000000} 드물게도\n{14:0035000000}석화 주문이오‥‥\n{14:003f000000}{05:07}하지만‥ 나에게는‥‥
44d3dc:2:18	サルモン！\n{14:003c000000}{05:05}おまえ‥{14:000a000000}{05:02}何をッ！？	살몬！\n{14:003c000000}{05:05}너‥{14:000a000000}{05:02} 무슨 짓을！？
44d3dc:2:19	この‥{14:0028000000}部屋は‥‥\n{14:0032000000}五大ホリクスの{14:000a000000}封印が\n{14:0014000000}なされております	이‥{14:0028000000} 방에는‥‥\n{14:0032000000}오대 호릭스의{14:000a000000} 봉인이\n{14:0014000000}걸려 있소
44d3dc:2:20	いかに‥{14:0023000000}あなた様でも‥\n{14:0023000000}解呪の言葉‥なしには\n{14:0001000000}‥‥出られますまい	아무리‥{14:0023000000} 당신이라도‥\n{14:0023000000}해주(解呪)의 말‥ 없이는\n{14:0001000000}‥‥나갈 수 없을 것이오
44d3dc:2:21	これで{05:14}‥‥‥‥‥‥\n	이것으로{05:14}‥‥‥‥‥‥\n
44d3dc:2:22	‥‥‥‥せ‥‥{05:0a}る‥ッ！	‥‥게‥‥{05:0a}다‥！
44d3dc:2:23	おのれ{05:06}ぇッ！\n{14:0035000000}こざかしいまねを‥‥	이놈{05:06}이！\n{14:0035000000}건방진 짓을‥‥
44d3dc:2:24	でもね‥サルモン\n{14:003c000000}{05:09}おまえは大きな勘違いを\nしているわ	하지만 말이야‥ 살몬\n{14:003c000000}{05:09}너는 큰 착각을\n하고 있어
44d3dc:2:25	解呪の言葉を{14:001e000000}おまえから\n聞き出す方法は\n{14:001e000000}いくらでもあるのよ	해주의 말을{14:001e000000} 너에게서\n알아낼 방법은\n{14:001e000000}얼마든지 있거든
44d3dc:2:26	いくらでもね‥‥	얼마든지 말이야‥‥
44daac:2:0	{c:0b}ＳＡＶＥ\n{c:0f}ここまでの状況を記録してください	{c:0b}ＳＡＶＥ\n{c:0f}지금까지의 상황을 기록해 주세요
44daac:3:0	{c:0f}そして‥さらに５年の歳月が流れ\n{name:0700}が\n１５歳に成長したある日‥‥\n重大な転機となる出来事が起こった	{c:0f}그리고‥ 다시 ５년의 세월이 흘러\n{name:0700}이(가)\n１５살로 자란 어느 날‥‥\n중대한 전환점이 될 사건이 일어났다
44daac:3:1	‥オルトナッシュ布教団は\n本日ただ今より‥\nヤレムにおける布教活動を開始する	우리 오르트나슈 포교단은\n오늘 지금 이 시각부터‥\n야렘에서의 포교 활동을 개시한다
44daac:3:2	わかっていると思うが\n信者獲得は教祖様の至上命令であり人々の自由意志を尊重し布教を行う	알고 있겠지만\n신자 획득은 교주님의 지상 명령이며 사람들의 자유 의지를 존중하여 포교를 행한다
44daac:3:3	では‥‥{14:003c000000}始めましょう	그럼‥‥{14:003c000000}시작합시다
44daac:4:0	みなさん\nよくお集まりいただきました	여러분\n잘 모여 주셨습니다
44daac:4:1	今日は‥みなさんに\n{c:0b}救世の祈り　{c:0f}オルトナッシュの\nすばらしさを理解していただきます	오늘은‥ 여러분께\n{c:0b}구세의 기도　{c:0f}오르트나슈의\n훌륭함을 알려 드리겠습니다
44daac:4:2	そも‥人とはいかに生きるべきか！古い慣習や　しきたりに縛られ\n心の自由を奪われてはいないか！？	대저‥ 사람은 어떻게 살아야 하는가！ 낡은 관습이나　풍습에 얽매여\n마음의 자유를 빼앗기고 있지는 않습니까！？
44daac:4:3	この世紀末に予言されている\n{c:0b}滅びの獣{c:0f}の復活を阻止すべく\n救世主が再臨なされました	이 세기말에 예언된\n{c:0b}멸망의 짐승{c:0f}의 부활을 막기 위해\n구세주께서 재림하셨습니다
44daac:4:4	ルトナッシュ教祖にして\n我らが教皇であらせられる\n{c:0b}ヴェルメッサ{c:0f}様でございます	오르트나슈의 교주이자\n우리의 교황이신\n{c:0b}베르메사{c:0f} 님이십니다
44daac:4:5	教祖様はエイナス世界の救世主\nラザレスの生まれ変わりであり\n幼い姿のまま歳をとりません！	교주님은 에이너스 세계의 구세주\n라자레스의 환생이시며\n어린 모습 그대로 나이를 드시지 않습니다！
44daac:4:6	みなさん！	여러분！
44daac:4:7	我らの祈りの力を結集し\nこの世界を救うのです！！	우리의 기도의 힘을 모아\n이 세계를 구하는 것입니다！！
44daac:4:8	さあ‥我らと共に\n救世の一助たらんと望む方は\nこちらへいらしてください	자‥ 우리와 함께\n구세의 한 힘이 되고자 하시는 분은\n이쪽으로 오십시오
44daac:4:9	よぉし‥俺はいくぞ！！	좋아‥ 나는 간다！！
44daac:9:0	あら‥{14:0037000000}{05:07}カワイイぼうや	어머‥{14:0037000000}{05:07} 귀여운 꼬마
44daac:9:1	サルモンから\n魔法の手ほどきを\n受けたのね	살몬에게서\n마법의 기초를\n배웠구나
44daac:9:2	ステキよ‥\n{14:003c000000}{05:07}本当にステキ‥‥	멋져‥\n{14:003c000000}{05:07}정말 멋져‥‥
44daac:9:3	でも‥魔法には\n{05:0c}もっと{05:08}素晴らしい力が\n{05:0a}あってよ	하지만‥ 마법에는\n{05:0c}더욱 {05:08}멋진 힘이\n{05:0a}있단다
44daac:9:4	それを\n知りたくは{05:0a}なあい‥‥？	그걸\n알고 싶지{05:0a} 않니‥‥？
44daac:9:5	お‥‥？	오‥‥？
44daac:9:6	おお‥{14:0050000000}{05:0c}おおおおおおッ！\n{14:0055000000}{05:0a}アディス様では\nございませんか！	오오‥{14:0050000000}{05:0c} 오오오오오오！\n{14:0055000000}{05:0a}아디스 님이\n아니십니까！
44daac:9:7	まあ‥{14:001e000000}残念‥‥\n{14:0023000000}{05:06}帰って来ちゃったのね	어머‥{14:001e000000} 아쉽네‥‥\n{14:0023000000}{05:06}돌아와 버렸구나
44daac:9:8	これは‥おなつかしいッ\n{14:0046000000}{05:0d}昔と寸分たがわぬ{05:0e}美しさ\n{14:0046000000}{05:0b}偉大な魔力は{05:0d}健在ですな	이거‥ 반갑습니다\n{14:0046000000}{05:0d}예전과 한 치도 다름없는{05:0e} 아름다움\n{14:0046000000}{05:0b}위대한 마력도{05:0d} 여전하시군요
44daac:9:9	このお方は‥\n{14:0030000000}{05:0b}わしの師であらせられる\n{05:0d}大魔法使い{14:0032000000}{05:0b}アディス様じゃ	이분은‥\n{14:0030000000}{05:0b}나의 스승이신\n{05:0d}대마법사{14:0032000000}{05:0b} 아디스 님이시다
44daac:9:10	世界中の人たちを\n{14:001e000000}{05:0b}幸せに{05:0a}するために\n{14:001e000000}活動されておる	온 세상 사람들을\n{14:001e000000}{05:0b}행복하게{05:0a} 하기 위해\n{14:001e000000}활동하고 계시지
44daac:9:11	ん～と	음～ 그러니까
44daac:9:12	何と\n言いましたっけかなあ\n{14:001e000000}アディス様の活動団体は	뭐라고\n했더라\n{14:001e000000}아디스 님의 활동 단체는
44daac:9:13	‥‥{05:07}オルトナッシュ	‥‥{05:07}오르트나슈
44daac:9:14	そう‥{14:0046000000}{05:0e}オルト{14:000f000000}{05:08}ナッシュ！	그래‥{14:0046000000}{05:0e} 오르트{14:000f000000}{05:08}나슈！
44daac:9:15	はて？\n{14:002d000000}{05:0c}どこかで{14:000a000000}聞いたような‥	응？\n{14:002d000000}{05:0c}어디선가{14:000a000000} 들어 본 것 같은데‥
44daac:9:16	‥‥	‥‥
44daac:9:17	サルモンよ\n{14:003c000000}私のことは‥もうよい	살몬\n{14:003c000000}내 얘기는‥ 이제 됐어
44daac:9:18	それよりも‥\n{14:002d000000}{05:06}ふたりで話したいことが\nあるのです	그보다‥\n{14:002d000000}{05:06}둘이서 하고 싶은 얘기가\n있어
44daac:9:19	ふ‥{14:0050000000}二人きりですかの？\n{14:0032000000}{05:0c}いやあ‥{14:003c000000}{05:0b}年がいもなく\n{14:0015000000}{05:08}ドキドキしますなあ	두‥{14:0050000000} 둘이서만 말입니까？\n{14:0032000000}{05:0c}이거‥{14:003c000000}{05:0b} 나잇값도 못 하고\n{14:0015000000}{05:08}두근두근하는군요
44daac:9:20	‥‥	‥‥
44daac:9:21	というわけじゃから\n{14:010a000000}おまえは\n外へ行ってなさい	그런 고로\n{14:010a000000}너는\n밖에 나가 있거라
44daac:10:0	お～い\n待ってくれよ！	어～이\n기다려 줘！
44daac:10:1	これをみて	이것 좀 봐
44daac:10:2	気がついたら\nみんなの宝石が\n光ってたんだ	정신을 차려 보니\n다들 가진 보석이\n빛나고 있었어
44daac:10:3	それから　これも‥	그리고　이것도‥
44daac:10:4	ねえ{name:0f00}\nあなたのも見せてよ	있잖아 {name:0f00}\n네 것도 보여 줘
44daac:10:5	なんだこれ！	이게 뭐야！
44daac:10:6	これはあなたが持っていって\nきっとなにかの\n役に立つと思うの	이건 네가 가져가\n분명 뭔가\n쓸모가 있을 거야
44daac:10:7	ＴＲＥＡＳＵＲＥ\n{c:0f}{01:0737}{03:0037}{c:0f}を手に入れた	ＴＲＥＡＳＵＲＥ\n{c:0f}{01:0737}{03:0037}{c:0f}을(를) 손에 넣었다
44daac:10:8	また逢おうね	또 만나자
44daac:10:9	それじゃあね	그럼 안녕
44daac:10:10	元気でな	잘 지내
44daac:10:11	‥‥元気で‥ね	‥‥잘 지내‥ 야
44ecf8:2:0	{c:0b}冒険者の心得１\n{c:0f}子供には必要ない\n旅立つ若者におくる\n冒険者のための本！	{c:0b}모험가의 마음가짐１\n{c:0f}어린애한테는 필요 없다\n길을 떠나는 젊은이에게 보내는\n모험가를 위한 책！
44ecf8:32:0	{c:0b}冒険者の心得２\n{c:0f}一般の冒険者は‥ただ歩く\n歩いて敵と戦い‥また歩く\n本当の冒険も知らないで‥‥	{c:0b}모험가의 마음가짐２\n{c:0f}보통 모험가는‥ 그저 걷는다\n걸어서 적과 싸우고‥ 또 걷는다\n진짜 모험도 모른 채‥‥
44ecf8:33:0	{c:0b}冒険者の心得３\n{c:0f}ナゾを知るには注意深くなれ！\nカベや床のちょっとした違いが\n分かるようになれば一人前だ！	{c:0b}모험가의 마음가짐３\n{c:0f}수수께끼를 알려면 주의 깊어져라！\n벽이나 바닥의 사소한 차이를\n알아챌 수 있게 되면 한 사람 몫이다！
44ecf8:34:0	{c:0b}冒険者の心得４\n{c:0f}お金（ルクソル）は大切に使え！\n持ってるだけ全て使ってしまう者はいつも貧乏することになるだろう	{c:0b}모험가의 마음가짐４\n{c:0f}돈(룩솔)은 소중히 써라！\n가진 만큼 다 써 버리는 자는 늘 가난하게 살게 될 것이다
44ecf8:35:0	{c:0b}冒険者の心得５\n{c:0f}町を出る前には回復薬を\n５～１０個　持っておくと良い\n必ず役に立つことがあるはずだ	{c:0b}모험가의 마음가짐５\n{c:0f}마을을 나서기 전에는 회복약을\n５～１０개　가지고 있으면 좋다\n반드시 쓸모가 있을 것이다
44ecf8:36:0	{c:0b}冒険者の心得６\n{c:0f}僧侶や魔法使いのように\n魔法の使い手を志す者は\n子供のうちに本を読んでおくこと	{c:0b}모험가의 마음가짐６\n{c:0f}승려나 마법사처럼\n마법을 다루는 자가 되려는 자는\n어릴 때 책을 읽어 둘 것
44ecf8:37:0	{c:0b}冒険者の心得７\n{c:0f}魔法を唱えるには　呪文書と\nこの世を形作る元素ホリクス\nそして魔法の才能が必要である	{c:0b}모험가의 마음가짐７\n{c:0f}마법을 외우려면　주문서와\n이 세상을 이루는 원소 호릭스\n그리고 마법의 재능이 필요하다
44ecf8:38:0	{c:0b}冒険者の心得８\n{c:0f}戦いは冷静であることを心がける\n自分の戦い方が身につくまで\n単調な選択はさけ色々ためすこと	{c:0b}모험가의 마음가짐８\n{c:0f}싸움에서는 냉정함을 유지하라\n자신의 싸움 방식이 몸에 밸 때까지\n단조로운 선택은 피하고 이것저것 시험할 것
44ecf8:39:0	{c:0b}エイナス神話１\n{c:0f}エイナス（ＡＮＥＡＲＴＨ）世界は五振りの霊剣によって顕現されし\n五元のホリクスの力で創造された	{c:0b}에이너스 신화１\n{c:0f}에이너스(ＡＮＥＡＲＴＨ) 세계는 다섯 자루의 영검으로 현현된\n오원(五元)의 호릭스의 힘으로 창조되었다
44ecf8:40:0	{c:0b}エイナス神話２\n{c:0f}地の霊剣たる巨剣アッシャーは\n伝説の巨人ガイアスをして\n{01:0738}{03:0038}の神とした	{c:0b}에이너스 신화２\n{c:0f}땅의 영검인 거검 아셔는\n전설의 거인 가이아스를\n{01:0738}{03:0038}의 신으로 삼았다
44ecf8:41:0	{c:0b}エイナス神話３\n{c:0f}水の霊剣{03:005f}{01:075f}は\n精霊の長ポツレスをして\n{01:0739}{03:0039}の神とした	{c:0b}에이너스 신화３\n{c:0f}물의 영검 {03:005f}{01:075f}는\n정령의 우두머리 포츠레스를\n{01:0739}{03:0039}의 신으로 삼았다
44ecf8:42:0	{c:0b}エイナス神話４\n{c:0f}火の霊剣たる皇剣ティルトリテラは冥界の皇ビラグリスをして\n{01:073a}{03:003a}の神とした	{c:0b}에이너스 신화４\n{c:0f}불의 영검인 황검 티르트리테라는 명계의 황제 비라그리스를\n{01:073a}{03:003a}의 신으로 삼았다
44ecf8:43:0	{c:0b}エイナス神話５\n{c:0f}風の霊剣{03:0060}{01:0760}は\n人の勇者ラザレスをして\n{01:073b}{03:003b}の神とした	{c:0b}에이너스 신화５\n{c:0f}바람의 영검 {03:0060}{01:0760}는\n인간 용사 라자레스를\n{01:073b}{03:003b}의 신으로 삼았다
44ecf8:44:0	{c:0b}エイナス神話６\n{c:0f}空の霊剣たる聖剣ファルトラルは\n龍神トゥルケスをして\n{01:073c}{03:003c}の神とした	{c:0b}에이너스 신화６\n{c:0f}하늘의 영검인 성검 파르트랄은\n용신 투르케스를\n{01:073c}{03:003c}의 신으로 삼았다
44ecf8:45:0	{c:0b}エイナス神話７\n{c:0f}古代イシュメリア時代\n五元の神をまつる神殿が\n世界の至る所に創られたといわれる	{c:0b}에이너스 신화７\n{c:0f}고대 이슈메리아 시대\n오원의 신을 모시는 신전이\n세계 곳곳에 세워졌다고 전해진다
44ecf8:46:0	{c:0b}エイナス神話８\n{c:0f}隆盛をほこった古代イシュメリアも一千年前に現れた滅びの獣によって終えんをむかえた	{c:0b}에이너스 신화８\n{c:0f}융성을 자랑하던 고대 이슈메리아도 일천 년 전에 나타난 멸망의 짐승에 의해 종말을 맞이했다
44ecf8:47:0	{c:0b}滅びの獣\n{c:0f}救世主ラザレスによって討たれし\n大いなる災厄は一千年の刻を経て\nよみがえるであろう	{c:0b}멸망의 짐승\n{c:0f}구세주 라자레스에게 쓰러진\n크나큰 재앙은 일천 년의 시간을 지나\n되살아날 것이다
44ecf8:48:0	{c:0b}祈りの力\n{c:0f}心からの祈りは時として\n呪わしき者どもを浄化する力を\n発揮するものである	{c:0b}기도의 힘\n{c:0f}진심 어린 기도는 때때로\n저주받은 자들을 정화하는 힘을\n발휘하는 법이다
44ecf8:49:0	{c:0b}誠実であること\n{c:0f}自らの生き方に\n見返りを求めてはならない\n打算的な者ほど醜いものはなし	{c:0b}성실할 것\n{c:0f}자신의 삶의 방식에\n대가를 바라서는 안 된다\n타산적인 자만큼 추한 것은 없다
44ecf8:50:0	{c:0b}生命ある者\n{c:0f}人の魂を位置づけるものは\n地位でもなく名誉でもない\n天の意志を知る心である	{c:0b}생명 있는 자\n{c:0f}사람의 영혼을 자리매김하는 것은\n지위도 아니요 명예도 아니다\n하늘의 뜻을 아는 마음이다
44ecf8:51:0	{c:0b}神の愛\n{c:0f}天に星がきらめくように\n地に花が咲くように\n人に神の愛があるのです	{c:0b}신의 사랑\n{c:0f}하늘에 별이 반짝이듯\n땅에 꽃이 피듯\n사람에게는 신의 사랑이 있습니다
44ecf8:52:0	{c:0b}エイナス創世\n{c:0f}５つの偉大なるホリクスから\nエイナス世界は誕生した\nその力は五振りの霊剣に象徴される	{c:0b}에이너스 창세\n{c:0f}５개의 위대한 호릭스로부터\n에이너스 세계가 탄생했다\n그 힘은 다섯 자루의 영검으로 상징된다
44ecf8:53:0	{c:0b}正義とは\n{c:0f}正しきことの側面には\n常に悪しき影がつきまとう\n唯一絶対の正義とは神のみである	{c:0b}정의란\n{c:0f}옳은 일의 이면에는\n늘 악한 그림자가 따라다닌다\n유일절대의 정의란 신뿐이다
44ecf8:54:0	{c:0b}神の存在\n{c:0f}神を疑う前に‥自らの存在を疑え\n今この瞬間に在るべき己を知ることそれが神の存在を知ることである	{c:0b}신의 존재\n{c:0f}신을 의심하기 전에‥ 자신의 존재를 의심하라\n지금 이 순간 있어야 할 자신을 아는 것 그것이 신의 존재를 아는 것이다
44ecf8:55:0	{c:0b}魔法使いの心得\n{c:0f}ホリクスを使用する呪文は\n効果は絶大であるが\n無闇に使用してはならない	{c:0b}마법사의 마음가짐\n{c:0f}호릭스를 사용하는 주문은\n효과는 절대적이지만\n함부로 사용해서는 안 된다
44ecf8:55:1	これはホリクスが共有の力で\nあることに他ならない\n他の者が使用するホリクスの属性を把握しておく必要があるのである	이는 호릭스가 공유하는 힘이라는\n것에 다름 아니다\n다른 자가 사용하는 호릭스의 속성을 파악해 둘 필요가 있는 것이다
44ecf8:55:2	魔法使いは\nできるだけ魔法の杖を使い\nホリクスの浪費を避けるように\nつとめねばならない	마법사는\n되도록 마법 지팡이를 써서\n호릭스의 낭비를 피하도록\n힘써야 한다
44ecf8:56:0	{c:0b}すごく難しい魔法\n{c:0f}ホリクスの力は\n魔法を使用すると消費され\n休息をとる事で回復されるのじゃ	{c:0b}아주 어려운 마법\n{c:0f}호릭스의 힘은\n마법을 사용하면 소비되고\n휴식을 취하면 회복된단다
44ecf8:56:1	しかし‥体力などと違って\n力の増加が個人の成長に伴わない\nそのためホリクスを入手する以外に\nその力を上げる方法はないのじゃ	하지만‥ 체력 등과는 달리\n힘의 증가가 개인의 성장을 따르지 않아\n그래서 호릭스를 입수하는 것 말고는\n그 힘을 올릴 방법이 없단다
44ecf8:56:2	また‥力の源となるもの以外に\n魔法の力を増幅させる能力を持った\nホリクスが存在する\nただ‥形はよく知られていない‥‥	또‥ 힘의 근원이 되는 것 외에\n마법의 힘을 증폭시키는 능력을 가진\n호릭스가 존재한다\n다만‥ 모양은 잘 알려져 있지 않지‥‥
44ecf8:56:3	呪文書は‥さまざまじゃが\n	주문서는‥ 여러 가지가 있다만\n
44ecf8:56:4	\nなどがある	\n등이 있다
44ecf8:56:5	の形をした呪文書は\nたいていの場合に使えるもの\n{03:00a0}の形をした呪文書は\n戦いで使用するものじゃ！	모양의 주문서는\n대개 어디서나 쓸 수 있는 것\n{03:00a0}모양의 주문서는\n싸움에서 사용하는 것이란다！
44ecf8:57:0	{c:0b}魔法使いの能力と魔法効果\n{c:0f}魔法使いの能力は一般に\n知力（ＩＮＴ）の値によって\n決定される	{c:0b}마법사의 능력과 마법 효과\n{c:0f}마법사의 능력은 일반적으로\n지력（ＩＮＴ）의 수치로\n결정된다
44ecf8:57:1	だが‥呪文にはそれぞれに\nホリクスの効果があり\n使用者の五大ホリクス魔力によって効果が異なる	하지만‥ 주문에는 저마다\n호릭스의 효과가 있어\n사용자의 오대 호릭스 마력에 따라 효과가 다르다
44ecf8:57:2	五大ホリクス魔力\n（ＭＡＧＩＣ　ＰＯＷＥＲ）は\n魔法の使用によって上昇する	오대 호릭스 마력\n（ＭＡＧＩＣ　ＰＯＷＥＲ）은\n마법을 사용함으로써 상승한다
44ecf8:58:0	{c:07}　『堅くて長持ち！！\n　　それが男ってもんだよなあ』\n{c:0f}　都の鍛冶屋から直接入荷！！\n{c:07}　　　　　　　　　　－防具屋－{c:0f}	{c:07}　『단단하고 오래간다！！\n　　그게 사나이라는 거지』\n{c:0f}　도성의 대장간에서 직접 입하！！\n{c:07}　　　　　　　　　　－방어구점－{c:0f}
44ecf8:101:0	{c:07}　『戦う男の必需品！！\n　　ひと味違うこの切れ味』\n{c:0f}　都の剣士も使っています！！\n{c:07}　　　　　　　　　　－武器屋－{c:0f}	{c:07}　『싸우는 남자의 필수품！！\n　　한 차원 다른 이 날카로움』\n{c:0f}　도성의 검사도 쓰고 있습니다！！\n{c:07}　　　　　　　　　　－무기점－{c:0f}
44ecf8:102:0	{c:07}　『ああ‥買っててよかった\n　　旅のお供にしてください』\n{c:0f}　みなさんのお役に立ちます\n{c:07}　　　　　　　　　　－道具屋－{c:0f}	{c:07}　『아아‥ 사 두길 잘했다\n　　여행의 동반자로 삼아 주세요』\n{c:0f}　여러분께 도움이 됩니다\n{c:07}　　　　　　　　　　－도구점－{c:0f}
44ecf8:103:0	{c:07}　『旅する男のオアシス\n　　マーシュの宿屋へようこそ！』\n{c:0f}　お酒も飲めます\n{c:07}　　　　　　－マーシュの宿屋－{c:0f}	{c:07}　『여행하는 남자의 오아시스\n　　마시의 여관에 어서 오세요！』\n{c:0f}　술도 마실 수 있습니다\n{c:07}　　　　　　－마시의 여관－{c:0f}
44f758:46:0	ＭＯＮＥＹ\n２ルクソルを手に入れた	ＭＯＮＥＹ\n２룩솔을 손에 넣었다
44f758:52:0	０ルクソルを手に入れた	０룩솔을 손에 넣었다
44f758:59:0	ルクソルを手に入れた	룩솔을 손에 넣었다
44f758:60:0	００ルクソルを手に入れた	００룩솔을 손에 넣었다
44f758:63:0	ルクソルを手に入れた	룩솔을 손에 넣었다
44f758:65:0	ＴＯＯＬ\n{01:072b}{c:0f}を手に入れた	ＴＯＯＬ\n{01:072b}{c:0f}을(를) 손에 넣었다
44f758:116:0	{c:0b}ＵＳＥＬＥＳＳ\n{c:0f}何の反応もなかった‥‥	{c:0b}ＵＳＥＬＥＳＳ\n{c:0f}아무 반응도 없었다‥‥
44fd04:43:0	{c:0b}ＬＯＣＫＥＤ\n{c:0f}鍵が、かかっていて開かない！	{c:0b}ＬＯＣＫＥＤ\n{c:0f}자물쇠가 잠겨 있어서 열리지 않는다！
4df814:40:0	いらっしゃいませ～	어서 오세요～
4df814:43:0	{c:0b}ＢＥＹＯＮＤ\n{c:0f}背がとどかない！	{c:0b}ＢＥＹＯＮＤ\n{c:0f}키가 닿지 않는다！
4df814:63:0	{c:0b}冒険者の心得１\n{c:0f}子供には必要ない\n旅立つ若者におくる\n冒険者のための本！	{c:0b}모험가의 마음가짐１\n{c:0f}어린애한테는 필요 없다\n길을 떠나는 젊은이에게 보내는\n모험가를 위한 책！
4df814:64:0	{c:0b}冒険者の心得２\n{c:0f}一般の冒険者は‥ただ歩く\n歩いて敵と戦い‥また歩く\n本当の冒険も知らないで‥‥	{c:0b}모험가의 마음가짐２\n{c:0f}보통 모험가는‥ 그저 걷는다\n걸어서 적과 싸우고‥ 또 걷는다\n진짜 모험도 모른 채‥‥
4df814:65:0	{c:0b}冒険者の心得３\n{c:0f}ナゾを知るには注意深くなれ！\nカベや床のちょっとした違いが\n分かるようになれば一人前だ！	{c:0b}모험가의 마음가짐３\n{c:0f}수수께끼를 알려면 주의 깊어져라！\n벽이나 바닥의 사소한 차이를\n알아챌 수 있게 되면 한 사람 몫이다！
4df814:66:0	{c:0b}冒険者の心得４\n{c:0f}お金（ルクソル）は大切に使え！\n持ってるだけ全て使ってしまう者はいつも貧乏することになるだろう	{c:0b}모험가의 마음가짐４\n{c:0f}돈(룩솔)은 소중히 써라！\n가진 만큼 다 써 버리는 자는 늘 가난하게 살게 될 것이다
4df814:67:0	{c:0b}冒険者の心得５\n{c:0f}町を出る前には回復薬を\n５～１０個　持っておくと良い\n必ず役に立つことがあるはずだ	{c:0b}모험가의 마음가짐５\n{c:0f}마을을 나서기 전에는 회복약을\n５～１０개　가지고 있으면 좋다\n반드시 쓸모가 있을 것이다
4df814:68:0	{c:0b}冒険者の心得６\n{c:0f}僧侶や魔法使いのように\n魔法の使い手を志す者は\n子供のうちに本を読んでおくこと	{c:0b}모험가의 마음가짐６\n{c:0f}승려나 마법사처럼\n마법을 다루는 자가 되려는 자는\n어릴 때 책을 읽어 둘 것
4df814:69:0	{c:0b}冒険者の心得７\n{c:0f}魔法を唱えるには　呪文書と\nこの世を形作る元素ホリクス\nそして魔法の才能が必要である	{c:0b}모험가의 마음가짐７\n{c:0f}마법을 외우려면　주문서와\n이 세상을 이루는 원소 호릭스\n그리고 마법의 재능이 필요하다
4df814:70:0	{c:0b}冒険者の心得８\n{c:0f}戦いは冷静であることを心がける\n自分の戦い方が身につくまで\n単調な選択はさけ色々ためすこと	{c:0b}모험가의 마음가짐８\n{c:0f}싸움에서는 냉정함을 유지하라\n자신의 싸움 방식이 몸에 밸 때까지\n단조로운 선택은 피하고 이것저것 시험할 것
4df814:71:0	{c:0b}エイナス神話１\n{c:0f}エイナス（ＡＮＥＡＲＴＨ）世界は五振りの霊剣によって顕現されし\n五元のホリクスの力で創造された	{c:0b}에이너스 신화１\n{c:0f}에이너스(ＡＮＥＡＲＴＨ) 세계는 다섯 자루의 영검으로 현현된\n오원(五元)의 호릭스의 힘으로 창조되었다
4df814:72:0	{c:0b}エイナス神話２\n{c:0f}地の霊剣たる巨剣アッシャーは\n伝説の巨人ガイアスをして\n{01:0738}{03:0038}{c:0f}の神とした	{c:0b}에이너스 신화２\n{c:0f}땅의 영검인 거검 아셔는\n전설의 거인 가이아스를\n{01:0738}{03:0038}{c:0f}의 신으로 삼았다
4df814:73:0	{c:0b}エイナス神話３\n{c:0f}水の霊剣{03:005f}{01:075f}{c:0f}は\n精霊の長ポツレスをして\n{01:0739}{03:0039}{c:0f}の神とした	{c:0b}에이너스 신화３\n{c:0f}물의 영검 {03:005f}{01:075f}{c:0f}는\n정령의 우두머리 포츠레스를\n{01:0739}{03:0039}{c:0f}의 신으로 삼았다
4df814:74:0	{c:0b}エイナス神話４\n{c:0f}火の霊剣たる皇剣ティルトリテラは冥界の皇ビラグリスをして\n{01:073a}{03:003a}{c:0f}の神とした	{c:0b}에이너스 신화４\n{c:0f}불의 영검인 황검 티르트리테라는 명계의 황제 비라그리스를\n{01:073a}{03:003a}{c:0f}의 신으로 삼았다
4df814:75:0	{c:0b}エイナス神話５\n{c:0f}風の霊剣{03:0060}{01:0760}{c:0f}は\n人の勇者ラザレスをして\n{01:073b}{03:003b}{c:0f}の神とした	{c:0b}에이너스 신화５\n{c:0f}바람의 영검 {03:0060}{01:0760}{c:0f}는\n인간 용사 라자레스를\n{01:073b}{03:003b}{c:0f}의 신으로 삼았다
4df814:76:0	{c:0b}エイナス神話６\n{c:0f}空の霊剣たる聖剣ファルトラルは\n龍神トゥルケスをして\n{01:073c}{03:003c}{c:0f}の神とした	{c:0b}에이너스 신화６\n{c:0f}하늘의 영검인 성검 파르트랄은\n용신 투르케스를\n{01:073c}{03:003c}{c:0f}의 신으로 삼았다
4df814:77:0	{c:0b}エイナス神話７\n{c:0f}古代イシュメリア時代\n五元の神をまつる神殿が\n世界の至る所に創られたといわれる	{c:0b}에이너스 신화７\n{c:0f}고대 이슈메리아 시대\n오원의 신을 모시는 신전이\n세계 곳곳에 세워졌다고 전해진다
4df814:78:0	{c:0b}エイナス神話８\n{c:0f}隆盛をほこった古代イシュメリアも一千年前に現れた滅びの獣によって終えんをむかえた	{c:0b}에이너스 신화８\n{c:0f}융성을 자랑하던 고대 이슈메리아도 일천 년 전에 나타난 멸망의 짐승에 의해 종말을 맞이했다
4df814:79:0	{c:0b}神の愛\n{c:0f}天に星がきらめくように\n地に花が咲くように\n人に神の愛があるのです	{c:0b}신의 사랑\n{c:0f}하늘에 별이 반짝이듯\n땅에 꽃이 피듯\n사람에게는 신의 사랑이 있습니다
4df814:80:0	{c:0b}エイナス創世\n{c:0f}５つの偉大なるホリクスから\nエイナス世界は誕生した\nその力は五振りの霊剣に象徴される	{c:0b}에이너스 창세\n{c:0f}５개의 위대한 호릭스로부터\n에이너스 세계가 탄생했다\n그 힘은 다섯 자루의 영검으로 상징된다
4df814:81:0	{c:0b}滅びの獣\n{c:0f}救世主ラザレスによって討たれし\n大いなる災厄は一千年の刻を経て\nよみがえるであろう	{c:0b}멸망의 짐승\n{c:0f}구세주 라자레스에게 쓰러진\n크나큰 재앙은 일천 년의 시간을 지나\n되살아날 것이다
4df814:82:0	{c:0b}祈りの力\n{c:0f}心からの祈りは時として\n呪わしき者どもを浄化する力を\n発揮するものである	{c:0b}기도의 힘\n{c:0f}진심 어린 기도는 때때로\n저주받은 자들을 정화하는 힘을\n발휘하는 법이다
4df814:83:0	{c:0b}誠実であること\n{c:0f}自らの生き方に\n見返りを求めてはならない\n打算的な者ほど醜いものはなし	{c:0b}성실할 것\n{c:0f}자신의 삶의 방식에\n대가를 바라서는 안 된다\n타산적인 자만큼 추한 것은 없다
4df814:84:0	{c:0b}生命ある者\n{c:0f}人の魂を位置づけるものは\n地位でもなく名誉でもない\n天の意志を知る心である	{c:0b}생명 있는 자\n{c:0f}사람의 영혼을 자리매김하는 것은\n지위도 아니요 명예도 아니다\n하늘의 뜻을 아는 마음이다
4df814:85:0	{c:0b}正義とは\n{c:0f}正しきことの側面には\n常に悪しき影がつきまとう\n唯一絶対の正義とは神のみである	{c:0b}정의란\n{c:0f}옳은 일의 이면에는\n늘 악한 그림자가 따라다닌다\n유일절대의 정의란 신뿐이다
4df814:86:0	{c:0b}神の存在\n{c:0f}神を疑う前に‥自らの存在を疑え\n今この瞬間に在るべき己を知ることそれが神の存在を知ることである	{c:0b}신의 존재\n{c:0f}신을 의심하기 전에‥ 자신의 존재를 의심하라\n지금 이 순간 있어야 할 자신을 아는 것 그것이 신의 존재를 아는 것이다
4df814:91:0	{c:07}　『ああ‥買ってて良かった\n　　旅のお供にしてください』\n{c:0f}　皆さんのお役に立ちます\n{c:07}　　　　　　　　　－道具屋－	{c:07}　『아아‥ 사 두길 잘했다\n　　여행의 동반자로 삼아 주세요』\n{c:0f}　여러분께 도움이 됩니다\n{c:07}　　　　　　　　　－도구점－
4df814:92:0	{c:07}　『堅くて長持ち！！\n　　それが男ってもんだよなあ』\n{c:0f}　都の鍛冶屋から直接入荷！！\n{c:07}　　　　　　　　　　－防具屋－	{c:07}　『단단하고 오래간다！！\n　　그게 사나이라는 거지』\n{c:0f}　도성의 대장간에서 직접 입하！！\n{c:07}　　　　　　　　　　－방어구점－
4df814:93:0	{c:07}　『戦う男の必需品！！\n　　ひと味違うこの切れ味！！』\n{c:0f}　都の剣士も使っています\n{c:07}　　　　　　　　　　－武器屋－	{c:07}　『싸우는 남자의 필수품！！\n　　한 차원 다른 이 날카로움！！』\n{c:0f}　도성의 검사도 쓰고 있습니다\n{c:07}　　　　　　　　　　－무기점－
4df814:94:0	{c:07}　『旅する男のオアシス\n　　マーシュの宿屋へようこそ！』\n{c:0f}　お酒も飲めます\n{c:07}　　　　　　－マーシュの宿屋－	{c:07}　『여행하는 남자의 오아시스\n　　마시의 여관에 어서 오세요！』\n{c:0f}　술도 마실 수 있습니다\n{c:07}　　　　　　－마시의 여관－
4df814:101:0	{c:07}カシム\n{c:0f}	{c:07}카심\n{c:0f}
4df814:102:0	{c:07}ナーシャ\n{c:0f}	{c:07}나샤\n{c:0f}
4df814:103:0	{c:07}オルガ\n{c:0f}	{c:07}올가\n{c:0f}
4df814:104:0	{c:07}ヴェストリル\n{c:0f}	{c:07}베스트릴\n{c:0f}
4df814:105:0	{c:07}マーシュ\n{c:0f}	{c:07}마시\n{c:0f}
4df814:106:0	{c:07}オリベラ\n{c:0f}	{c:07}올리베라\n{c:0f}
4df814:107:0	{c:07}リンダ\n{c:0f}	{c:07}린다\n{c:0f}
4df814:108:0	{c:07}ユキ\n{c:0f}	{c:07}유키\n{c:0f}
4df814:109:0	{c:07}グレゴリー爺さん\n{c:0f}	{c:07}그레고리 할아범\n{c:0f}
4df814:110:0	{c:07}チャック\n{c:0f}	{c:07}척\n{c:0f}
4df814:111:0	{c:07}マクガイア\n{c:0f}	{c:07}맥과이어\n{c:0f}
4df814:112:0	{c:07}シスターマリア\n{c:0f}	{c:07}시스터 마리아\n{c:0f}
4df814:113:0	{c:07}マクガイア\n{c:0f}	{c:07}맥과이어\n{c:0f}
4df814:114:0	{c:07}修道僧\n{c:0f}	{c:07}수도승\n{c:0f}
4df814:115:0	{c:07}カアムちゃん\n{c:0f}	{c:07}카암\n{c:0f}
4df814:116:0	{c:07}お兄さん\n{c:0f}	{c:07}오빠\n{c:0f}
4df814:117:0	{c:07}おじいさん\n{c:0f}	{c:07}할아버지\n{c:0f}
4df814:118:0	{c:07}町のお姉さん\n{c:0f}	{c:07}마을 아가씨\n{c:0f}
4df814:119:0	{c:07}宿屋の旅人\n{c:0f}	{c:07}여관의 나그네\n{c:0f}
4df814:120:0	{c:07}酔ってる人\n{c:0f}	{c:07}취한 사람\n{c:0f}
4df814:121:0	{c:07}赤い顔のおじさん\n{c:0f}	{c:07}얼굴 빨간 아저씨\n{c:0f}
4df814:122:0	{c:07}防具屋のお姉さん\n{c:0f}	{c:07}방어구점 누나\n{c:0f}
4df814:123:0	{c:07}デーブ\n{c:0f}	{c:07}데브\n{c:0f}
4df814:124:0	{c:07}ヤレムの司祭\n{c:0f}	{c:07}야렘의 사제\n{c:0f}
4df814:125:0	{c:07}聖なる光\n{c:0f}	{c:07}성스러운 빛\n{c:0f}
4df814:126:0	{c:07}カアムちゃんのお母さん\n{c:0f}	{c:07}카암의 어머니\n{c:0f}
4df814:127:0	{c:07}お爺さん\n{c:0f}	{c:07}할아버지\n{c:0f}
4df814:128:0	{c:07}トンちゃん\n{c:0f}	{c:07}톤\n{c:0f}
4df814:129:0	{c:07}お姉さん\n{c:0f}	{c:07}아가씨\n{c:0f}
4df814:130:0	{c:07}おばさん\n{c:0f}	{c:07}아주머니\n{c:0f}
4df814:131:0	{c:07}執事\n{c:0f}	{c:07}집사\n{c:0f}
4df814:132:0	{c:07}召使いのお姉さん\n{c:0f}	{c:07}하녀 아가씨\n{c:0f}
4df814:133:0	{c:07}ヤレムの領主\n{c:0f}	{c:07}야렘의 영주\n{c:0f}
4df814:134:0	{c:0b}ＢＯＯＫ\n{c:0f}	{c:0b}ＢＯＯＫ\n{c:0f}
4df814:134:1	本を手にとって開いた	책을 집어 들고 펼쳤다
4df814:135:0	{c:07}マッセくん\n{c:0f}	{c:07}마세\n{c:0f}
4df814:136:0	{c:07}武器屋のお兄さん\n{c:0f}	{c:07}무기점 형\n{c:0f}
4df814:137:0	{c:07}道具屋のお兄さん\n{c:0f}	{c:07}도구점 형\n{c:0f}
4e05b8:1:0	僧侶５歳のイベントを開始します	승려 ５살 이벤트를 시작합니다
4e05b8:2:0	ビットを初期化します	비트를 초기화합니다
4e05b8:3:0	圭樹\nやあ\nこんにちわ	케이주\n야아\n안녕
4e05b8:11:0	ほっほっほっ\nたいした物はないが\nのんびりしていきなさい	호호호\n별것 없지만\n느긋하게 있다 가거라
4e05b8:12:0	神は‥あなたのおこないを\nいつも見守っておいでになります	신께서는‥ 당신의 행실을\n언제나 지켜보고 계십니다
4e05b8:13:0	たとえ過ちでも\n人の持ち物に\n手を出してはなりませんぞ	설령 실수라 해도\n남의 물건에\n손을 대서는 안 되오
4e05b8:14:0	人の迷惑になるような\n行いは\nつつしむのですよ	남에게 폐가 되는\n행동은\n삼가도록 하세요
4e05b8:15:0	人の気持ちになって考えることは\n言うほどに\n易しいことではありません	남의 입장이 되어 생각하는 것은\n말처럼\n쉬운 일이 아닙니다
4e05b8:15:1	自らをきびしく律すること‥‥\nそれが必要です	스스로를 엄격하게 다스리는 것‥‥\n그것이 필요합니다
4e05b8:16:0	ロスタールの都では\nオルトナッシュって\n新しい宗教が流行してるんだってね{0a:0174}教祖の幼い男の子は\n救世主ラザレスの生まれ変わりで\n歳をとらないとか‥‥	로스탈 도성에서는\n오르트나슈라는\n새 종교가 유행한다더군{0a:0174}교주인 어린 사내아이는\n구세주 라자레스의 환생이라서\n나이를 먹지 않는다나‥‥
4e05b8:16:1	本当かねえ	정말일까
4e05b8:17:0	ほんに良い天気じゃのう	참말로 날씨가 좋구먼
4e05b8:17:1	こんなに気持ちの良い日が\n過ごせるのも\nみ～んな神様のおかげじゃ	이렇게 기분 좋은 날을\n보낼 수 있는 것도\n모～두 신님 덕분이지
4e05b8:18:0	今日も良い一日が過ごせるように\nお祈りしていただけます？	오늘도 좋은 하루를 보낼 수 있게\n기도해 주시겠어요？
4e05b8:18:1	ごめんなさい‥‥\nきっと‥おいそがしかったのね	미안해요‥‥\n분명‥ 바쁘셨던 거죠
4e05b8:19:0	商売のジャマだ！\n教会で\nお祈りでもしてな！	장사에 방해돼！\n교회에서\n기도나 하고 있어！
4e05b8:20:0	おやおや‥‥\n小さな神父様だねぇ	어머어머‥‥\n꼬마 신부님이네
4e05b8:20:1	神様に仕える身で\nこんな所へ来ちゃ\nいけないんだよ	신을 섬기는 몸으로\n이런 데 오면\n안 되는 거야
4e05b8:21:0	献金だったら\nよそへ行きな！	헌금이라면\n딴 데 가 봐！
4e05b8:22:0	ごめんね\n今‥手がはなせないの	미안\n지금‥ 손을 뗄 수가 없어
4e05b8:23:0	ボウズが坊主になろうってか？\nはは‥おもしれえや	꼬맹이가 중이 되겠다고？\n하하‥ 재밌구먼
4e05b8:24:0	しぶい‥‥\n酒は男のロココだよなあ	멋있어‥‥\n술은 사나이의 로코코지
4e05b8:25:0	デーブだったら\n奥にいるわよ	데브라면\n안쪽에 있어
4e05b8:26:0	カアムったら\n{name:0f00}ちゃんのこと\nほんとうに好きなのねえ	카암은 참\n{name:0f00}(을)를\n정말 좋아하는구나
4e05b8:27:0	その昔‥‥\nこのエイナス世界を救われた\n偉大な勇者がいた	그 옛날‥‥\n이 에이너스 세계를 구하신\n위대한 용사가 있었지
4e05b8:27:1	滅びの獣を討った\n風のホリクス“ヴァユ”の神\nそれが救世主ラザレス様じゃ	멸망의 짐승을 무찌른\n바람의 호릭스 “바유”의 신\n그분이 바로 구세주 라자레스 님이시다
4e05b8:28:0	町の外へ出ても意味ないよ\n旅に出るなら\nもっと大きくならないとね	마을 밖에 나가도 소용없어\n여행을 떠나려면\n더 커야지
4e05b8:29:0	供なんて‥自分一人で育ったと\n思ってんだから‥‥\n親の苦労も知らないでねえ	애들이란‥ 혼자 컸다고\n생각하니까‥‥\n부모 고생도 모르고 말이야
4e05b8:30:0	シレスト山のふもとにある\nユピトの村に\nオルガという元気な婆さんがおる	실레스트 산기슭에 있는\n유피토 마을에\n올가라는 기운찬 할멈이 있지
4e05b8:30:1	若い頃に会ったことがあるが\nそれは美しい女性じゃったなあ	젊었을 적에 만난 적이 있는데\n그야말로 아름다운 여인이었지
4e05b8:31:0	ぼっちゃんのお友達ですね\nここのご本は読まれても結構ですが少し難しいかもしれませんなあ	도련님의 친구분이시군요\n여기 책은 읽으셔도 괜찮지만 조금 어려울지도 모르겠군요
4e05b8:32:0	おぼっちゃまでしたら\n右手の食堂にいらっしゃいます	도련님이라면\n오른편 식당에 계세요
4e05b8:33:0	うきぃぃぃぃぃいいいいいっ！\nああ‥すっきりした	우끼이이이이이이이익！\n아아‥ 속 시원하다
4e05b8:34:0	感謝しなさい\nこの町が平穏なのも\n日頃‥私が苦労してるおかげなのだ	감사하도록 해라\n이 마을이 평온한 것도\n평소‥ 내가 고생하는 덕분이니라
4e05b8:35:0	ああ‥忙しい忙しい	아아‥ 바쁘다 바빠
4e05b8:36:0	その歳で\nここの本を全て読破なさるとは！\nお見それいたしました	그 나이에\n여기 책을 전부 독파하시다니！\n몰라뵈었습니다
4e05b8:37:0	ありがとうございます	감사합니다
4e05b8:37:1	小さな神父様にも\n神様の祝福がありますように‥‥	꼬마 신부님께도\n신의 축복이 있기를‥‥
4e05b8:38:0	小さな神父様にも\n神様の祝福がありますように‥‥	꼬마 신부님께도\n신의 축복이 있기를‥‥
4e05b8:40:0	ここで待ってるね	여기서 기다릴게
4e05b8:51:0	フフ‥おはよう\n{name:0f00}！	후후‥ 좋은 아침\n{name:0f00}！
4e05b8:51:1	お外へ行くなら‥私もついてく！\nいいでしょ？	밖에 나갈 거면‥ 나도 따라갈래！\n괜찮지？
4e05b8:52:0	ああ‥‥\n終末の時が\n近づいています	아아‥‥\n종말의 때가\n다가오고 있습니다
4e05b8:52:1	滅びの波動に立ち向かう\n力をにないし者として\n為すべきを知りなさい	멸망의 파동에 맞설\n힘을 짊어진 자로서\n해야 할 일을 깨달으세요
4e05b8:52:2	そう‥\nあなただけが\n残されし唯一の希望‥	그래요‥\n당신만이\n남겨진 유일한 희망‥
4e05b8:52:3	信じてる‥‥\n世界を救って‥ファウ	믿고 있어요‥‥\n세계를 구해 줘요‥ 파우
4e05b8:53:0	こまった‥こまった\n昨日‥大切なお守りを\nどこかに落としてしまって‥‥	곤란하다‥ 곤란해\n어제‥ 소중한 부적을\n어딘가에 떨어뜨려서‥‥
4e05b8:53:1	防具屋で買い物をした時には\n確かに持っていたはずなのですが	방어구점에서 물건을 살 때는\n분명히 갖고 있었을 텐데
4e05b8:54:0	宿屋の２階に泊まってるおじさんが何か無くしたらしくって\n探してたよ	여관 ２층에 묵고 있는 아저씨가 뭘 잃어버렸나 봐\n찾고 있었어
4e05b8:55:0	イクリッド・ヴァンガードって\n知ってる？	세이크리드 뱅가드라고\n알아？
4e05b8:55:1	教会の子なのに\nそんなことも知らないの？\n	교회 아이면서\n그런 것도 몰라？\n
4e05b8:56:0	朝の礼拝を告げる鐘を\n鳴らしていらっしゃい	아침 예배를 알리는 종을\n치고 오렴
4e05b8:57:0	ひどぉいッ！\nほってかないでよぉ！	너무해에！\n두고 가지 마아！
4e05b8:58:0	弱い人々を守る教会の聖戦士も\n平和な世の中には必要ないのかしら	약한 사람들을 지키는 교회의 성전사도\n평화로운 세상에는 필요 없는 걸까
4e05b8:59:0	良いことすると気持ちがいいのは\nゆうえつ感から来るんだよ	좋은 일을 하면 기분이 좋은 건\n우월감에서 오는 거야
4e05b8:59:1	ゆうえつ感ってのはねえ‥‥\nどんよりと曇った天気みたいな\n気分のことなんだよ	우월감이라는 건 말이지‥‥\n잔뜩 흐린 날씨 같은\n기분을 말하는 거야
4e05b8:60:0	君が持っているのは\n私の無くした\nお守り{03:0015}じゃないか！	네가 갖고 있는 건\n내가 잃어버린\n부적{03:0015}이잖아！
4e05b8:60:1	ありがとう‥\n見つけて届けてくれたんだね	고마워‥\n찾아서 가져다줬구나
4e05b8:60:2	{c:0b}ＴＲＥＡＳＵＲＥ\n{c:0f}{01:0715}{03:0015}を手渡した！	{c:0b}ＴＲＥＡＳＵＲＥ\n{c:0f}{01:0715}{03:0015}을(를) 건네주었다！
4e05b8:61:0	いや‥本当にありがとう\nこれは{01:0715}{03:0015}といって\nオルトナッシュの証なんだ	아니‥ 정말 고맙다\n이건 {01:0715}{03:0015}라고 하는데\n오르트나슈의 증표란다
4e05b8:61:1	オルトナッシュは\n人に幸せをもたらす活動を\nしているんだよ	오르트나슈는\n사람들에게 행복을 가져다주는 활동을\n하고 있단다
4e05b8:71:0	あなたの声を\n私に聞かせて‥‥ファウ	당신의 목소리를\n내게 들려줘요‥‥ 파우
4e1180:2:0	拾われた赤ん坊は\n{name:0700}と名付けられ\nまたたく間に５年の歳月が流れた	주워진 아기는\n{name:0700}(이)라 이름 붙여지고\n눈 깜짝할 새에 ５년의 세월이 흘렀다
4e1180:2:1	万物をつかさどる\n聖なるホリクスよ	만물을 다스리는\n성스러운 호릭스여
4e1180:2:2	滅びの獣を討ち果たしし\n我らが救世主ラザレスよ	멸망의 짐승을 무찌르신\n우리의 구세주 라자레스여
4e1180:2:3	今日という日を\nお与えくださったことを\n心より感謝いたします	오늘이라는 날을\n내려 주심에\n진심으로 감사드립니다
4e1180:2:4	朝よ‥‥\nそろそろ起きなさい	아침이란다‥‥\n이제 일어나렴
4e1180:3:0	ついていらっしゃい\n朝のつとめに\nまいりましょう	따라오렴\n아침 일과를\n하러 가자꾸나
4e1180:3:1	朝の礼拝を告げる鐘を\n鳴らしていらっしゃい	아침 예배를 알리는 종을\n치고 오렴
4e1180:4:0	朝の礼拝を告げる鐘を\n鳴らしていらっしゃい	아침 예배를 알리는 종을\n치고 오렴
4e1180:5:0	いきましょう	가요
4e1180:5:1	おはよう　マリア\nおはよう　{name:0f00}	좋은 아침　마리아\n좋은 아침　{name:0f00}
4e1180:5:2	おはようございます\n神父様‥‥	좋은 아침입니다\n신부님‥‥
4e1180:5:3	礼拝に皆が集まってくるころです	예배에 모두 모여들 때입니다
4e1180:5:4	神への祈りを捧げるまで\nしばしの時を待ちましょう	신께 기도를 올릴 때까지\n잠시 기다립시다
4e1180:5:5	さあ‥みなさん祈りましょう	자‥ 여러분 기도합시다
4e1180:5:6	この世の原初たる聖なるホリクスよ偉大なる我らが救世主ラザレスよ	이 세상의 근원인 성스러운 호릭스여 위대한 우리의 구세주 라자레스여
4e1180:5:7	心弱き者に力を与え\n迷える者をお導きください	마음 약한 자에게 힘을 주시고\n길 잃은 자를 인도하소서
4e1180:5:8	神父様‥‥	신부님‥‥
4e1180:5:9	{name:0f00}の\n教育のことで\nご相談があるのですが‥	{name:0f00}의\n교육 문제로\n상의드릴 게 있는데요‥
4e1180:5:10	ヴェストリルのことですね？\nわかりました\n私の部屋で話しましょう	베스트릴 일이군요？\n알겠습니다\n제 방에서 이야기합시다
4e1180:5:11	{name:0f00}‥‥	{name:0f00}‥‥
4e1180:5:12	遊んでらっしゃい\nカアムちゃんが\n待ってるみたいよ	놀다 오렴\n카암이\n기다리고 있는 것 같더구나
4e1180:6:0	よお‥{name:0f00}！\nいいところへ来たな	여어‥ {name:0f00}！\n마침 잘 왔다
4e1180:6:1	こっちへ来いよ！	이리 와 봐！
4e1180:11:0	へへ‥‥	헤헤‥‥
4e1180:11:1	わあ‥きれいな首飾り‥‥\nそれどうしたの？	와아‥ 예쁜 목걸이‥‥\n그거 어디서 났어？
4e1180:11:2	‥‥落ちてるの拾ったんだ	‥‥떨어져 있는 걸 주웠어
4e1180:11:3	どこで？	어디서？
4e1180:11:4	う‥‥\nいいじゃんか‥どこでも	으‥‥\n아무 데면 어때
4e1180:11:5	秘密だからな‥誰にも言うなよ！	비밀이니까‥ 아무한테도 말하지 마！
4e1180:12:0	秘密だからな‥誰にも言うなよ！	비밀이니까‥ 아무한테도 말하지 마！
4e1180:13:0	ダメだよ！\nオレが見つけた首飾りだぞ！	안 돼！\n내가 찾은 목걸이라고！
4e1180:14:0	え？\nこれを落として困ってる人を\n知ってるって？	뭐？\n이걸 잃어버려서 곤란한 사람을\n안다고？
4e1180:14:1	しょうがないなあ\nじゃあ‥持っていっていいよ	어쩔 수 없네\n그럼‥ 가져가도 돼
4e1180:14:2	{c:0b}ＴＲＥＡＳＵＲＥ\n{c:0f}{01:0715}{03:0015}を手に入れた	{c:0b}ＴＲＥＡＳＵＲＥ\n{c:0f}{01:0715}{03:0015}을(를) 손에 넣었다
4e1180:15:0	そうそう‥\n黒くてデッカイ坊さんをみたよ\nなんか‥陰気なおっさんだったなあ	참참‥\n시커멓고 커다란 중을 봤어\n뭔가‥ 음침한 아저씨였어
4e1180:20:0	こちらへいらっしゃい	이쪽으로 오렴
4e1180:21:0	ごあいさつなさい	
4e1180:22:0	私は‥ヴェストリル\nマリアに請われ\n君に教えを説きに来た	
4e1180:22:1	神に仕えることの意味‥\n信仰のなんたるかを\n君に示そう	
4e1180:22:2	恐れを知らぬ者は\n愚者に過ぎぬ	
4e1180:22:3	神を恐れよ\n人を恐れよ\n過ちを恐れよ	
4e1180:22:4	信仰の原点がそこにある	
4e1180:22:5	こうして‥{name:0700}は\n最後のセイクリッドヴァンガード\n{c:07}ヴェストリル{c:0f}に神の教えを\n学ぶことになった	
4e1180:22:6	　\nそれから‥５年の歳月が流れた	
4e1180:52:0	やあ‥カアムちゃん！\n‥‥！？　なんだ‥\n{name:0f00}も一緒か	
4e1180:52:1	これから食事するんだけど\n一緒に食べる？	
4e1180:52:2	あっ‥来た来た‥‥	
4e1180:54:0	うわっ‥\n朝からスッゴイごちそうね！	
4e1180:54:1	さっきまで生きてたんだよ	
4e1180:54:2	ええ～っ\nなんだか‥気持ち悪～い‥‥	
4e1180:54:3	そう？\nとってもおいしいよ	
4e1180:54:4	私は‥やめとくわ	
4e1180:54:5	{name:0f00}はどうする？	
4e1180:99:0	食べる　食べない	
4e1180:55:0	どうして男の子って\nそんなに食欲あるのかしら？	
4e1180:55:1	{c:0b}ＤＥＬＩＣＩＯＵＳ\n{c:0f}マッセくんと鳥の丸焼きを食べた！	
4e1180:55:2	じゃ‥行きましょ	
4e1180:56:0	具屋のデーブ君ちは行った？\n何か見つけたらしくって\n「大変だ～」ってさわいでたよ	
4e1180:57:0	そうよね\n無理して食べる必要ないもんね	
4e1180:57:1	じゃ‥行きましょ	
4e1180:60:0	今日も良い一日が過ごせるように\nお祈りしていただけます？	오늘도 좋은 하루를 보낼 수 있게\n기도해 주시겠어요？
4e1180:60:1	は　いいいえ	예　　아니오
4e1180:61:0	ありがとうございます	감사합니다
4e1180:61:1	小さな神父様にも\n神様の祝福がありますように‥‥	꼬마 신부님께도\n신의 축복이 있기를‥‥
4e1180:62:0	ごめんなさい‥‥\nきっと‥おいそがしかったのね	미안해요‥‥\n분명‥ 바쁘셨던 거죠
4e1180:63:0	小さな神父様にも\n神様の祝福がありますように‥‥	꼬마 신부님께도\n신의 축복이 있기를‥‥
4e1180:64:0	イクリッド・ヴァンガードって\n知ってる？	세이크리드 뱅가드라고\n알아？
4e1180:64:1	は　いいいえ	예　　아니오
4e1180:65:0	弱い人々を守る教会の聖戦士も\n平和な世の中には必要ないのかしら	약한 사람들을 지키는 교회의 성전사도\n평화로운 세상에는 필요 없는 걸까
4e1180:66:0	教会の子なのに\nそんなことも知らないの？\n	교회 아이면서\n그런 것도 몰라？\n
4e1180:100:0	{c:0b}ＬＯＣＫＥＤ\n{c:0f}鍵が、かかっていて開かない！	{c:0b}ＬＯＣＫＥＤ\n{c:0f}자물쇠가 잠겨 있어서 열리지 않는다！
4e20e4:11:0	買い物だったら\nカウンター越しに\n話しかけてね	물건을 사려면\n카운터 너머로\n말을 걸어 줘
4e20e4:12:0	うちの品揃えは\n都の武器屋にも\n負けないよ！	우리 가게 물건은\n도성의 무기점에도\n안 뒤진다고！
4e20e4:12:1	ってい言いてぇんだが\nあいにくと物が無くてな	
4e20e4:12:2	また今度来てくれや	
4e20e4:41:0	デーブったら\n大きな体して\n恐がりなのよね	데브는 참\n덩치는 큰데\n겁쟁이라니까
4e20e4:42:0	お買いものですか\n何になさいます？	쇼핑하시나요\n무엇으로 하시겠어요？
4e20e4:42:1	あいにくなんですが\nまだユーソミルから\n輸送隊が来てないんですよ	
4e20e4:42:2	もう少ししてから\nいらして下さいね	
4e20e4:71:0	かってに\nうろついちゃダメだよ	멋대로\n돌아다니면 안 돼
4e20e4:72:0	いらっしゃい\n何にいたします？	어서 와\n뭘로 할래？
4e20e4:72:1	と、言いたいところだが\n今日は品切れでな	
4e20e4:72:2	また今度来てくれ	
4e2680:3:0	てすと	
4e2680:10:0	この私に語りかけるとは！！	
4e2680:10:1	貴様‥‥\nさては「でばっか～」だな	
4e2758:1:0	いらっしゃいませ～	어서 오세요～
4e2758:11:0	デーブにお店を\n手伝わせてるのよ	데브한테 가게를\n돕게 하고 있어
4e2758:12:0	買い物だったら\nカウンター越しに\n話しかけてね	물건을 사려면\n카운터 너머로\n말을 걸어 줘
4e2758:13:0	かってに\nうろついちゃダメだよ	멋대로\n돌아다니면 안 돼
4e2758:100:0	{c:07}防具屋のお姉さん\n{c:0f}	{c:07}방어구점 누나\n{c:0f}
4e2758:100:1	お買いものですか\n何になさいます？	쇼핑하시나요\n무엇으로 하시겠어요？
4e2758:100:2	何をお求めになりますか？	무엇을 찾으시나요？
4e2758:100:3	は１つ\n	은(는) １개에\n
4e2758:100:4	ルクソルです。\n	룩솔입니다.\n
4e2758:100:5	いくつ買いますか？	몇 개 사시겠어요？
4e2758:100:6	‥‥？\nお金が\n足りないようですけど‥	‥‥？\n돈이\n모자라신 것 같은데요‥
4e2758:100:7	ありがとうございます\n他には‥いかがですか？	감사합니다\n다른 건‥ 어떠세요？
4e2758:100:8	珍しい‥‥\nお客様の選ばれた品は\n持ちきれないようですわ	어머나‥‥\n손님이 고르신 물건은\n더 들 수 없으신 것 같네요
4e2758:100:9	なにを\n売って下さいますか？	무엇을\n팔아 주시겠어요？
4e2758:100:10	売れる物が\n無いみたいですけど？	팔 수 있는 물건이\n없으신 것 같은데요？
4e2758:100:11	を\nいくつ売りますか？	을(를)\n몇 개 파시겠어요？
4e2758:100:12	ありがとうございます	감사합니다
4e2758:100:13	他に何を売りますか？	그 밖에 무엇을 파시겠어요？
4e2758:100:14	‥‥？\nお金が\n足りないようですけど‥	‥‥？\n돈이\n모자라신 것 같은데요‥
4e2758:100:15	またいらしてくださいね	또 들러 주세요
4e2758:101:0	{c:07}武器屋のお兄さん\n{c:0f}	{c:07}무기점 형\n{c:0f}
4e2758:101:1	うちの品揃えは\n都の武器屋にも\n負けないよ！	우리 가게 물건은\n도성의 무기점에도\n안 뒤진다고！
4e2758:101:2	何を買ってくれるんだい？	뭘 사 줄 거야？
4e2758:101:3	は１つ\n	은(는) １개에\n
4e2758:101:4	ルクソルです。\n	룩솔입니다.\n
4e2758:101:5	いくつ買うんだい？	몇 개 살 거야？
4e2758:101:6	お金が足りないよ	돈이 모자라
4e2758:101:7	ありがとね\n他の品も見てみてよ	고마워\n다른 물건도 봐 봐
4e2758:101:8	それ以上は持てないよ	더는 못 들어
4e2758:101:9	なにを\n売ってくれる？	뭘\n팔아 줄 거야？
4e2758:101:10	売れる物が\n無いみたいだけど？	팔 수 있는 물건이\n없는 것 같은데？
4e2758:101:11	を\nいくつ売りますか？	을(를)\n몇 개 파시겠어요？
4e2758:101:12	ありがとね	고마워
4e2758:101:13	他に何を売るんだい？	또 뭘 팔 거야？
4e2758:101:14	持ち金が一杯のようだね	가진 돈이 꽉 찬 것 같네
4e2758:101:15	いつでものぞいてよね	언제든 들러
4e2758:102:0	{c:07}道具屋のお兄さん\n{c:0f}	{c:07}도구점 형\n{c:0f}
4e2758:102:1	いらっしゃい\n何にいたします？	어서 와\n뭘로 할래？
4e2758:102:2	何をお求めになりますか？	무엇을 찾으시나요？
4e2758:102:3	は１つ\n	은(는) １개에\n
4e2758:102:4	ルクソルです。\n	룩솔입니다.\n
4e2758:102:5	いくつ買いますか？	몇 개 사시겠어요？
4e2758:102:6	お金を\n払ってくれないと‥‥	돈을\n내 주지 않으면‥‥
4e2758:102:7	ありがとさん\n他に必要なものは？	고맙수\n그 밖에 필요한 건？
4e2758:102:8	それ以上は持てないよ	더는 못 들어
4e2758:102:9	どれを売りますか？	어느 걸 팔 거야？
4e2758:102:10	売れる物が\n無いみたいですけど？	팔 수 있는 물건이\n없으신 것 같은데요？
4e2758:102:11	を\nいくつ売りますか？	을(를)\n몇 개 파시겠어요？
4e2758:102:12	ありがとう	고마워
4e2758:102:13	なにを\n売ってくれる？	뭘\n팔아 줄 거야？
4e2758:102:14	持ち金が一杯ですね	가진 돈이 꽉 찼네
4e2758:102:15	いつでもどうぞ	언제든 오라고
4e2c08:47:0	{c:0b}ＭＯＮＥＹ\n{c:0f}２ルクソルを手に入れた	{c:0b}ＭＯＮＥＹ\n{c:0f}２룩솔을 손에 넣었다
4e2c08:55:0	{c:0b}ＭＯＮＥＹ\n{c:0f}４ルクソルを手に入れた	{c:0b}ＭＯＮＥＹ\n{c:0f}４룩솔을 손에 넣었다
4e2c08:54:0	{c:0b}ＴＲＥＡＳＵＲＥ\n{01:0708}{03:0008}{c:0f}を手に入れた	
4e2c08:56:0	{c:0b}ＴＯＯＬ\n{01:072b}{03:002b}{c:0f}を手に入れた	{c:0b}ＴＯＯＬ\n{01:072b}{03:002b}{c:0f}을(를) 손에 넣었다
4e2c08:72:0	{c:0b}ＭＯＮＥＹ\n{c:0f}５ルクソルを手に入れた	{c:0b}ＭＯＮＥＹ\n{c:0f}５룩솔을 손에 넣었다
4e2c08:73:0	{c:0b}ＭＯＮＥＹ\n{c:0f}１０ルクソルを手に入れた	{c:0b}ＭＯＮＥＹ\n{c:0f}１０룩솔을 손에 넣었다
4e30d0:13:0	私‥ここで待ってる‥‥	
4e30d0:14:0	へへ‥\nここのおじさん苦手なんだもん	
55c0bc:61:0	いらっしゃいませ～	어서 오세요～
55c0bc:101:0	{c:07}ヴェストリル\n{c:0f}	{c:07}베스트릴\n{c:0f}
55c0bc:105:0	{c:07}マーシュ\n{c:0f}	{c:07}마시\n{c:0f}
55c0bc:106:0	{c:07}オリベラ\n{c:0f}	{c:07}올리베라\n{c:0f}
55c0bc:107:0	{c:07}リンダ\n{c:0f}	{c:07}린다\n{c:0f}
55c0bc:108:0	{c:07}ユキ\n{c:0f}	{c:07}유키\n{c:0f}
55c0bc:109:0	{c:07}グレゴリー爺さん\n{c:0f}	{c:07}그레고리 할아범\n{c:0f}
55c0bc:110:0	{c:07}チャック\n{c:0f}	{c:07}척\n{c:0f}
55c0bc:111:0	{c:07}シスターマリア\n{c:0f}	{c:07}시스터 마리아\n{c:0f}
55c0bc:113:0	{c:07}トンちゃん\n{c:0f}	{c:07}톤\n{c:0f}
55c0bc:114:0	{c:07}デーブくん\n{c:0f}	{c:07}데브\n{c:0f}
55c0bc:115:0	{c:07}マッセくん\n{c:0f}	{c:07}마세\n{c:0f}
55c0bc:117:0	{c:07}ヤレムの司祭\n{c:0f}	{c:07}야렘의 사제\n{c:0f}
55c0bc:118:0	{c:07}カアムちゃん\n{c:0f}	{c:07}카암\n{c:0f}
55c0bc:119:0	{c:07}聖なる光\n{c:0f}	{c:07}성스러운 빛\n{c:0f}
55c0bc:120:0	{c:07}町のおねえさん\n{c:0f}	{c:07}마을 아가씨\n{c:0f}
55c0bc:121:0	{c:07}おにいさん\n{c:0f}	{c:07}오빠\n{c:0f}
55c0bc:122:0	{c:07}修道僧\n{c:0f}	{c:07}수도승\n{c:0f}
55c0bc:123:0	{c:07}おじいさん\n{c:0f}	{c:07}할아버지\n{c:0f}
55c0bc:124:0	{c:07}宿屋の旅人\n{c:0f}	{c:07}여관의 나그네\n{c:0f}
55c0bc:125:0	{c:07}酒場のお客さん\n{c:0f}	
55c0bc:126:0	{c:07}酔ってるおじさん\n{c:0f}	
55c0bc:127:0	{c:07}防具屋のお姉さん\n{c:0f}	{c:07}방어구점 누나\n{c:0f}
55c0bc:128:0	{c:07}カアムちゃんのお母さん\n{c:0f}	{c:07}카암의 어머니\n{c:0f}
55c0bc:129:0	{c:07}おねえさん\n{c:0f}	{c:07}아가씨\n{c:0f}
55c0bc:130:0	{c:07}おばさん\n{c:0f}	{c:07}아주머니\n{c:0f}
55c0bc:131:0	{c:07}召使い\n{c:0f}	{c:07}하인\n{c:0f}
55c0bc:133:0	{c:07}執事\n{c:0f}	{c:07}집사\n{c:0f}
55c0bc:134:0	{c:07}ヤレムの領主\n{c:0f}	{c:07}야렘의 영주\n{c:0f}
55c0bc:135:0	{c:07}武器屋のあんちゃん\n{c:0f}	{c:07}무기점 형씨\n{c:0f}
55c0bc:136:0	{c:07}道具屋のにいちゃん\n{c:0f}	{c:07}도구점 형\n{c:0f}
55c750:10:0	{c:0b}ＬＯＣＫＥＤ\n{c:0f}鍵が、かかっていて開かない！	{c:0b}ＬＯＣＫＥＤ\n{c:0f}자물쇠가 잠겨 있어서 열리지 않는다！
55c750:18:0	{c:0b}ＵＮＬＯＣＫ\n{c:0f}扉の錠を開いた！	{c:0b}ＵＮＬＯＣＫ\n{c:0f}문의 자물쇠를 열었다！
55c750:20:0	そう‥行ってしまうのね	
55c750:20:1	都へ戻るようにとの\n大司教トリステル様の\nご命令だ	
55c750:20:2	遠回りにはなるが\nロードリー王国の\n西方を回っていく	
55c750:20:3	オルトナッシュ‥ですか\n教祖が教皇となり\n国を興したとか‥‥	
55c750:20:4	一度‥見ておく必要が\nあるだろう‥‥	
55c750:20:5	救世主ラザレスの\n生まれ変わりを自称する\nやからの姿を‥‥	
55c750:20:6	気をつけて‥‥	
55c750:20:7	司祭様と\nあの子に\nよろしくと‥‥	
55c750:20:8	はい‥‥	
55c750:21:0	買い物だったら\nカウンター越しに\n話しかけてね	물건을 사려면\n카운터 너머로\n말을 걸어 줘
55c750:31:0	かってに\nうろついちゃダメだよ	멋대로\n돌아다니면 안 돼
55c750:33:0	おまえの生まれるずっと以前‥‥\nマリアとヴェストリルは\n恋に落ちたことがあったのです	
55c750:33:1	しかし‥ヴェストリルは\nああいう気性の男ゆえ\n信仰を選び‥マリアの元を去った	
55c750:33:2	もうすでに\n過去となってしまった話ですが‥‥	
55c750:58:0	地下室にもある風のホリクス\n{01:073b}{03:003b}{c:0f}を象徴するオブジェは\n世界の各地にいろいろとあります	
55c750:58:1	古代イシュメリアの時代には\n通信に使われていたなどと\n言う方もいらっしゃるようですね	
55c750:59:0	ヴェストリル殿は\n今朝‥早くに出立されたとのこと	
55c750:59:1	シスターマリアは\nいかばかりの思いだったことか‥‥	
55c750:61:0	あら‥おはよう\n気持ちのいい朝ね	
55c750:61:1	神様が与えてくださった\n今日という日に\n感謝いたしましょう	
55c750:61:2	ふふ‥\n不思議なことって\nあるものよね	
55c750:61:3	そして‥あなたにも\n不思議な力を感じるわ	
55c750:61:4	五大ホリクスのひとつ\n{01:073b}{03:003b}{c:0f}の\n大いなる力を‥‥	
55c750:61:5	{c:0f}は\n風のホリクスといわれ\nラザレスをあらわすもの	
55c750:61:6	町の外れに住んでいる\nグレゴリーさんを\n知っているでしょう？	
55c750:61:7	私から\nお願いしておきました	
55c750:61:8	行って\nあなたの未来を\n占ってもらいなさい	
55c750:62:0	グレゴリーのおじいさんって\n変な人よね	
55c750:62:1	でも‥おもしろいから\n私は大好きよ！	
55c750:63:0	東の川向こうにあるのが\nグレゴリーさんの家よ	
55c750:63:1	早く行ってらっしゃい	
55c750:102:0	あなたは人として\n生まれ変わることを\n望んだ‥‥	당신은 인간으로\n다시 태어나기를\n바랐지요‥‥
55c750:102:1	人が‥自らの選択で\n生きるべきか\n運めの道をたどるべきか	인간이‥ 스스로의 선택으로\n살아가야 하는가\n운명의 길을 따라야 하는가
55c750:102:2	その証を立てるため\nあなたは‥あなた自身と\n戦わなくてはなりません	그 증거를 세우기 위해\n당신은‥ 당신 자신과\n싸워야만 합니다
55c750:103:0	あなたの声を\n私に聞かせて‥‥ファウ	당신의 목소리를\n내게 들려줘요‥‥ 파우
55c750:65:0	マリアさんって\nいくつになっても\nお美しいですわね	
55c750:66:0	その昔‥偉大なる勇者ラザレスが\n“滅びの獣”を討ち果たし\nこの世界を救われたのじゃ	
55c750:67:0	ここは辺境の町だからねえ	
55c750:67:1	何かが起こっても\nこの町へ伝わるまでは\n時間がかかるんだよ	
55c750:68:0	あの坊さん‥\n帰っちゃったんだってな	
55c750:68:1	きびしかったけど\nときどき笑った顔が\nすごく優しくて好きだったのになあ	
55c750:69:0	人生とは‥ちょっとしたことで\nがらりと\n変わってしまうものなのだよ	
55c750:70:0	何度来てもなあ\n教会に寄付する金なんざ\n１ルクソルもねえぞ！	
55c750:71:0	商売がはんじょうする\n神様だったら\n信じてあげるのにねえ	
55c750:72:0	なによ！？	
55c750:72:1	お祈りして\n幸せになれるなら\n苦労しないのよ！！	
55c750:73:0	神様にお願いして\nお客さんがたくさん\n来てくれたらいいのにね	
55c750:74:0	まあ‥酒場に集まる連中ってのは\n信心なんてものとは無縁だわなあ	
55c750:75:0	昨日、夢を見てなあ\n夢の中で出てきた神さんが\n言うには‥‥	
55c750:75:1	（いつも同じ所で酒を飲んでるのは　許してね‥‥）\nってどういう意味だ！？	
55c750:76:0	てめえッ！\nそこで何やってる！？	
55c750:76:1	そこは入っちゃいかん！	
55c750:77:0	デーブったら\nどこへ行ったのかしら	
55c750:78:0	大きくなったけど\nまだまだカアムも子供ねえ	
55c750:78:1	もう何年かしたら\nステキな女性に成長してくれると\n思うんだけど‥‥	
55c750:79:0	教会の鐘は良い音がするのぉ\nガラーンガラーンとなあ	
55c750:80:0	まんぞく感と\nゆうえつ感の違い知ってる？	
55c750:80:1	お腹がいっぱいになった時に\n貧乏な人を見ると\nよくわかるんだってさ	
55c750:81:0	わざわざ‥ごくろうさま	
55c750:81:1	どうですか？\n幸せを感じられていますか？	
55c750:82:0	魔法を使うには\nホリクスっていう結晶がないと\nダメなんだってね	
55c750:83:0	ときどき\n子供達が墓石を持ち上げて\n遊んだりしてるんですよ	
55c750:83:1	チ当たりなことしますよね	
55c750:84:0	ユピトの村の神父は\nとんでもない\n生ぐさ坊主らしいですなあ	
55c750:84:1	あんな坊主を\n教会は‥ほおっておいても\nよろしいのですかな？	
55c750:85:0	最近‥物が無くなることが多いのよドロボウが入るとも思えないし‥‥	요즘‥ 물건이 없어지는 일이 많아요 도둑이 들었다고도 생각되지 않고‥‥
55c750:86:0	ほら‥英才教育っていうでしょ？\n小さい頃に経験したことは\nあとあとに大きな差がでるのよ	
55c750:87:0	{c:0f}でも開かない扉が\nあるらしいですなあ	
55c750:87:1	の鍵が必要だったり\n仕掛けで開いたりするそうで‥‥	
55c750:88:0	王国の西の辺境で\n新生イシュメリア皇国という国が\nおこされたらしい	왕국 서쪽 변경에서\n신생 이슈메리아 황국이라는 나라가\n세워졌다고 하더군
55c750:88:1	ルトナッシュとかいう\nいかがわしい宗教の国だそうだよ	
55c750:89:0	へえ～　あの変なおじさん\n帰っちゃったんだ‥‥	
55c750:89:1	うるさい小言ばっかり言うのが\nいなくなって\n良かったじゃん！	
55c750:90:0	おや‥\n変なところを\n見つかってしまったのぉ	
55c750:91:0	ほほほぉ\nわしに‥おまえさんを\n占ってもらいたいと‥‥	
55c750:91:1	よろしい！	
55c750:91:2	むむむう‥‥\nむ‥むむむ‥‥	
55c750:91:3	むにゃむにゃ‥‥	
55c750:93:0	はっ‥‥\nいかんいかん‥‥\n眠ってしもうた	
55c750:93:1	そうじゃ！\n	
55c750:92:0	おまえさんの\n運勢じゃが‥‥	
55c750:92:1	非常に珍しい星の元に\n生まれついておる！	
55c750:92:2	今までに不思議な体験を\nしたことが\nあるじゃろう？	
55c750:92:3	それが\nおまえさんを導く鍵じゃ	
55c750:92:4	おまえさんは\nもう何年かすれば\n旅に出ることになる	
55c750:92:5	つらくきびしく‥‥\nちょっと楽しい\n旅になるじゃろう	
55c750:92:6	だが‥\nくじけてはいかん！	
55c750:92:7	もう一度\n聞きたいかね？	
55c750:97:0	いいえは　い	
55c750:98:0	よろしい！	
55c750:98:1	わしからの\nささやかなプレゼントを\nさしあげよう	
55c750:98:2	{c:0b}ＳＣＲＯＬＬ\n{01:079d}{03:009d}{c:0f}を受け取った！	
55c750:94:0	よろしい！	
55c750:95:0	もうしばらくしたら\nこの町を離れようと\n思っておるんじゃ	
55c750:95:1	独り身のじじいなど\n誰も相手にゃ\nしてくれんからの	
55c750:96:0	そして‥さらに５年の歳月が流れ\n{name:0f00}が\n１５歳に成長したある日‥‥\n重大な転機となる出来事が起こった	
55d994:11:0	{c:07}　『戦う男の必需品！！\n　　ひと味違うこの切れ味』\n{c:0f}　都の剣士も使っています！！\n{c:07}　　　　　　　　　　－武器屋－{c:0f}	{c:07}　『싸우는 남자의 필수품！！\n　　한 차원 다른 이 날카로움』\n{c:0f}　도성의 검사도 쓰고 있습니다！！\n{c:07}　　　　　　　　　　－무기점－{c:0f}
55d994:12:0	{c:07}　『堅くて長持ち！！\n　　それが男ってもんだよなあ』\n{c:0f}　都の鍛冶屋から直接入荷！！\n{c:07}　　　　　　　　　　－防具屋－{c:0f}	{c:07}　『단단하고 오래간다！！\n　　그게 사나이라는 거지』\n{c:0f}　도성의 대장간에서 직접 입하！！\n{c:07}　　　　　　　　　　－방어구점－{c:0f}
55d994:13:0	{c:07}　『ああ‥買っててよかった\n　　旅のお供にしてください』\n{c:0f}　みなさんのお役に立ちます\n{c:07}　　　　　　　　　　－道具屋－{c:0f}	{c:07}　『아아‥ 사 두길 잘했다\n　　여행의 동반자로 삼아 주세요』\n{c:0f}　여러분께 도움이 됩니다\n{c:07}　　　　　　　　　　－도구점－{c:0f}
55d994:14:0	{c:07}　『旅する男のオアシス\n　　マーシュの宿屋へようこそ！』\n{c:0f}　お酒も飲めます\n{c:07}　　　　　　－マーシュの宿屋－	{c:07}　『여행하는 남자의 오아시스\n　　마시의 여관에 어서 오세요！』\n{c:0f}　술도 마실 수 있습니다\n{c:07}　　　　　　－마시의 여관－
55d994:16:0	{c:0b}ＢＯＯＫ\n{c:0f}本を手にとって開いた	{c:0b}ＢＯＯＫ\n{c:0f}책을 집어 들고 펼쳤다
55d994:50:0	{c:0b}滅びの獣\n{c:0f}救世主ラザレスによって討たれし\n大いなる災厄は一千年の刻を経て\nよみがえるであろう	{c:0b}멸망의 짐승\n{c:0f}구세주 라자레스에게 쓰러진\n크나큰 재앙은 일천 년의 시간을 지나\n되살아날 것이다
55d994:51:0	{c:0b}祈りの力\n{c:0f}心からの祈りは時として\n忌まわしき者どもを浄化する力を\n発揮するものである	{c:0b}기도의 힘\n{c:0f}진심 어린 기도는 때때로\n꺼림칙한 자들을 정화하는 힘을\n발휘하는 법이다
55d994:52:0	{c:0b}誠実であること\n{c:0f}自らの生き方に\n見返りを求めてはならない\n打算的な者ほど醜いものはなし	{c:0b}성실할 것\n{c:0f}자신의 삶의 방식에\n대가를 바라서는 안 된다\n타산적인 자만큼 추한 것은 없다
55d994:53:0	{c:0b}生命ある者\n{c:0f}人の魂を位置づけるものは\n地位でもなく名誉でもない\n天の意志を知る心である	{c:0b}생명 있는 자\n{c:0f}사람의 영혼을 자리매김하는 것은\n지위도 아니요 명예도 아니다\n하늘의 뜻을 아는 마음이다
55d994:54:0	{c:0b}神の愛\n{c:0f}天に星がきらめくように\n地に花が咲くように\n人に神の愛があるのです	{c:0b}신의 사랑\n{c:0f}하늘에 별이 반짝이듯\n땅에 꽃이 피듯\n사람에게는 신의 사랑이 있습니다
55d994:55:0	{c:0b}エイナス創世\n{c:0f}５つの偉大なるホリクスから\nエイナス世界は誕生した\nその力は五振りの霊剣に象徴される	{c:0b}에이너스 창세\n{c:0f}５개의 위대한 호릭스로부터\n에이너스 세계가 탄생했다\n그 힘은 다섯 자루의 영검으로 상징된다
55d994:56:0	{c:0b}正義とは\n{c:0f}正しきことの側面には\n常に悪しき影がつきまとう\n唯一絶対の正義とは神のみである	{c:0b}정의란\n{c:0f}옳은 일의 이면에는\n늘 악한 그림자가 따라다닌다\n유일절대의 정의란 신뿐이다
55d994:57:0	{c:0b}神の存在\n{c:0f}神を疑う前に‥自らの存在を疑え\n今この瞬間に在るべき己を知ることそれが神の存在を知ることである	{c:0b}신의 존재\n{c:0f}신을 의심하기 전에‥ 자신의 존재를 의심하라\n지금 이 순간 있어야 할 자신을 아는 것 그것이 신의 존재를 아는 것이다
55d994:58:0	{c:0b}冒険者の心得１\n{c:0f}子供には必要ない\n旅立つ若者におくる\n冒険者のための本！	{c:0b}모험가의 마음가짐１\n{c:0f}어린애한테는 필요 없다\n길을 떠나는 젊은이에게 보내는\n모험가를 위한 책！
55d994:59:0	{c:0b}冒険者の心得２\n{c:0f}一般の冒険者は‥ただ歩く\n歩いて敵と戦い‥また歩く\n本当の冒険も知らないで‥‥	{c:0b}모험가의 마음가짐２\n{c:0f}보통 모험가는‥ 그저 걷는다\n걸어서 적과 싸우고‥ 또 걷는다\n진짜 모험도 모른 채‥‥
55d994:60:0	{c:0b}冒険者の心得３\n{c:0f}ナゾを知るには注意深くなれ！\nカベや床のちょっとした違いが\n分かるようになれば一人前だ！	{c:0b}모험가의 마음가짐３\n{c:0f}수수께끼를 알려면 주의 깊어져라！\n벽이나 바닥의 사소한 차이를\n알아챌 수 있게 되면 한 사람 몫이다！
55d994:61:0	{c:0b}冒険者の心得４\n{c:0f}お金（ルクソル）は大切に使え！\n持ってるだけ全て使ってしまう者はいつも貧乏することになるだろう	{c:0b}모험가의 마음가짐４\n{c:0f}돈(룩솔)은 소중히 써라！\n가진 만큼 다 써 버리는 자는 늘 가난하게 살게 될 것이다
55d994:62:0	{c:0b}冒険者の心得５\n{c:0f}町を出る前には回復薬を\n５～１０個　持っておくと良い\n必ず役に立つことがあるはずだ	{c:0b}모험가의 마음가짐５\n{c:0f}마을을 나서기 전에는 회복약을\n５～１０개　가지고 있으면 좋다\n반드시 쓸모가 있을 것이다
55d994:63:0	{c:0b}冒険者の心得６\n{c:0f}僧侶や魔法使いのように\n魔法の使い手を志す者は\n子供のうちに本を読んでおくこと	{c:0b}모험가의 마음가짐６\n{c:0f}승려나 마법사처럼\n마법을 다루는 자가 되려는 자는\n어릴 때 책을 읽어 둘 것
55d994:64:0	{c:0b}冒険者の心得７\n{c:0f}魔法を唱えるには　呪文書と\nこの世を形作る元素ホリクス\nそして魔法の才能が必要である	{c:0b}모험가의 마음가짐７\n{c:0f}마법을 외우려면　주문서와\n이 세상을 이루는 원소 호릭스\n그리고 마법의 재능이 필요하다
55d994:65:0	{c:0b}冒険者の心得８\n{c:0f}戦いは冷静であることを心がける\n自分の戦い方が身につくまで\n単調な選択はさけ色々ためすこと	{c:0b}모험가의 마음가짐８\n{c:0f}싸움에서는 냉정함을 유지하라\n자신의 싸움 방식이 몸에 밸 때까지\n단조로운 선택은 피하고 이것저것 시험할 것
55d994:66:0	{c:0b}エイナス神話１\n{c:0f}エイナス（ＡＮＥＡＲＴＨ）世界は五振りの霊剣によって顕現されし\n五元のホリクスの力で創造された	{c:0b}에이너스 신화１\n{c:0f}에이너스(ＡＮＥＡＲＴＨ) 세계는 다섯 자루의 영검으로 현현된\n오원(五元)의 호릭스의 힘으로 창조되었다
55d994:67:0	{c:0b}エイナス神話２\n{c:0f}地の霊剣たる巨剣アッシャーは\n伝説の巨人ガイアスをして\n{01:0738}{03:0038}{c:0f}の神とした	{c:0b}에이너스 신화２\n{c:0f}땅의 영검인 거검 아셔는\n전설의 거인 가이아스를\n{01:0738}{03:0038}{c:0f}의 신으로 삼았다
55d994:68:0	{c:0b}エイナス神話３\n{c:0f}水の霊剣{03:005f}{01:075f}{c:0f}は\n精霊の長ポツレスをして\n{01:0739}{03:0039}{c:0f}の神とした	{c:0b}에이너스 신화３\n{c:0f}물의 영검 {03:005f}{01:075f}{c:0f}는\n정령의 우두머리 포츠레스를\n{01:0739}{03:0039}{c:0f}의 신으로 삼았다
55d994:69:0	{c:0b}エイナス神話４\n{c:0f}火の霊剣たる皇剣ティルトリテラは冥界の皇ビラグリスをして\n{01:073a}{03:003a}{c:0f}の神とした	{c:0b}에이너스 신화４\n{c:0f}불의 영검인 황검 티르트리테라는 명계의 황제 비라그리스를\n{01:073a}{03:003a}{c:0f}의 신으로 삼았다
55d994:70:0	{c:0b}エイナス神話５\n{c:0f}風の霊剣{03:0060}{01:0760}{c:0f}は\n人の勇者ラザレスをして\n{01:073b}{03:003b}{c:0f}の神とした	{c:0b}에이너스 신화５\n{c:0f}바람의 영검 {03:0060}{01:0760}{c:0f}는\n인간 용사 라자레스를\n{01:073b}{03:003b}{c:0f}의 신으로 삼았다
55d994:71:0	{c:0b}エイナス神話６\n{c:0f}空の霊剣たる聖剣ファルトラルは\n龍神トゥルケスをして\n{01:073c}{03:003c}{c:0f}の神とした	{c:0b}에이너스 신화６\n{c:0f}하늘의 영검인 성검 파르트랄은\n용신 투르케스를\n{01:073c}{03:003c}{c:0f}의 신으로 삼았다
55d994:72:0	{c:0b}エイナス神話７\n{c:0f}古代イシュメリア時代\n五元の神をまつる神殿が\n世界の至る所に創られたといわれる	{c:0b}에이너스 신화７\n{c:0f}고대 이슈메리아 시대\n오원의 신을 모시는 신전이\n세계 곳곳에 세워졌다고 전해진다
55d994:73:0	{c:0b}エイナス神話８\n{c:0f}隆盛をほこった古代イシュメリアも一千年前に現れた滅びの獣によって終えんをむかえた	{c:0b}에이너스 신화８\n{c:0f}융성을 자랑하던 고대 이슈메리아도 일천 년 전에 나타난 멸망의 짐승에 의해 종말을 맞이했다
55d994:100:0	お～い\n{name:0f00}！	어～이\n{name:0f00}！
55d994:100:1	トンちゃんが\nみんなに話があるから\n集まって欲しいって	톤이\n다들한테 할 얘기가 있으니까\n모여 달래
55e388:10:0	おまえさんの\n運勢じゃが‥‥	
55e388:10:1	非常に珍しい星の元に\n生まれついておる！	
55e388:10:2	今までに不思議な体験を\nしたことが\nあるじゃろう？	
55e388:10:3	それが\nおまえさんを導く鍵じゃ	
55e388:10:4	おまえさんは\nもう何年かすれば\n旅に出ることになる	
55e388:10:5	つらくきびしく‥‥\nちょっと楽しい\n旅になるじゃろう	
55e388:10:6	だが‥\nくじけてはいかん！	
55e388:10:7	もう一度\n聞きたいかね？	
55e388:11:0	いいえは　い	
55e878:14:0	{c:07}武器屋のあんちゃん\n{c:0f}	{c:07}무기점 형씨\n{c:0f}
55e878:14:1	うちの品揃えは\n都の武器屋にも\n負けないよ！	우리 가게 물건은\n도성의 무기점에도\n안 뒤진다고！
55e878:14:2	何を買ってくれるんだい？	뭘 사 줄 거야？
55e878:14:3	は１つ\n	은(는) １개에\n
55e878:14:4	ルクソルです。\n	룩솔입니다.\n
55e878:14:5	いくつ買うんだい？	몇 개 살 거야？
55e878:14:6	お金が足りないよ	돈이 모자라
55e878:14:7	ありがとね\n他の品も見てみてよ	고마워\n다른 물건도 봐 봐
55e878:14:8	それ以上は持てないよ	더는 못 들어
55e878:14:9	なにを\n売ってくれる？	뭘\n팔아 줄 거야？
55e878:14:10	売れる物が\n無いみたいだけど？	팔 수 있는 물건이\n없는 것 같은데？
55e878:14:11	を\nいくつ売りますか？	을(를)\n몇 개 파시겠어요？
55e878:14:12	ありがとね	고마워
55e878:14:13	他に何を売るんだい？	또 뭘 팔 거야？
55e878:14:14	持ち金が一杯のようだね	가진 돈이 꽉 찬 것 같네
55e878:14:15	いつでものぞいてよね	언제든 들러
55e878:21:0	{c:07}防具屋のねえちゃん\n{c:0f}	{c:07}방어구점 누나\n{c:0f}
55e878:21:1	お買いものですか\n何になさいます？	쇼핑하시나요\n무엇으로 하시겠어요？
55e878:21:2	何をお求めになりますか？	무엇을 찾으시나요？
55e878:21:3	は１つ\n	은(는) １개에\n
55e878:21:4	ルクソルです。\n	룩솔입니다.\n
55e878:21:5	いくつ買いますか？	몇 개 사시겠어요？
55e878:21:6	‥‥？\nお金が\n足りないようですけど‥	‥‥？\n돈이\n모자라신 것 같은데요‥
55e878:21:7	ありがとうございます\n他には‥いかがですか？	감사합니다\n다른 건‥ 어떠세요？
55e878:21:8	珍しい‥‥\nお客様の選ばれた品は\n持ちきれないようですわ	어머나‥‥\n손님이 고르신 물건은\n더 들 수 없으신 것 같네요
55e878:21:9	なにを\n売って下さいますか？	무엇을\n팔아 주시겠어요？
55e878:21:10	売れる物が\n無いみたいですけど？	팔 수 있는 물건이\n없으신 것 같은데요？
55e878:21:11	を\nいくつ売りますか？	을(를)\n몇 개 파시겠어요？
55e878:21:12	ありがとうございます	감사합니다
55e878:21:13	他に何を売りますか？	그 밖에 무엇을 파시겠어요？
55e878:21:14	‥‥？\nお金が\n足りないようですけど‥	‥‥？\n돈이\n모자라신 것 같은데요‥
55e878:21:15	またいらしてくださいね	또 들러 주세요
55e878:22:0	{c:07}道具屋のにいちゃん\n{c:0f}	{c:07}도구점 형\n{c:0f}
55e878:22:1	いらっしゃい\n何にいたします？	어서 와\n뭘로 할래？
55e878:22:2	何をお求めになりますか？	무엇을 찾으시나요？
55e878:22:3	は１つ\n	은(는) １개에\n
55e878:22:4	ルクソルです。\n	룩솔입니다.\n
55e878:22:5	いくつ買いますか？	몇 개 사시겠어요？
55e878:22:6	お金を\n払ってくれないと‥‥	돈을\n내 주지 않으면‥‥
55e878:22:7	ありがとさん\n他に必要なものは？	고맙수\n그 밖에 필요한 건？
55e878:22:8	それ以上は持てないよ	더는 못 들어
55e878:22:9	どれを売りますか？	어느 걸 팔 거야？
55e878:22:10	売れる物が\n無いみたいですけど？	팔 수 있는 물건이\n없으신 것 같은데요？
55e878:22:11	を\nいくつ売りますか？	을(를)\n몇 개 파시겠어요？
55e878:22:12	ありがとう	고마워
55e878:22:13	なにを\n売ってくれる？	뭘\n팔아 줄 거야？
55e878:22:14	持ち金が一杯ですね	가진 돈이 꽉 찼네
55e878:22:15	いつでもどうぞ	언제든 오라고
55ec80:47:0	{c:0b}ＭＯＮＥＹ\n{c:0f}２ルクソルを手に入れた	{c:0b}ＭＯＮＥＹ\n{c:0f}２룩솔을 손에 넣었다
55ec80:55:0	{c:0b}ＭＯＮＥＹ\n{c:0f}４ルクソルを手に入れた	{c:0b}ＭＯＮＥＹ\n{c:0f}４룩솔을 손에 넣었다
55ec80:56:0	{c:0b}ＴＲＥＡＳＵＲＥ\n{01:0708}{03:0008}{c:0f}を手に入れた	
55ec80:57:0	{c:0b}ＴＯＯＬ\n{01:072b}{03:002b}{c:0f}を手に入れた	{c:0b}ＴＯＯＬ\n{01:072b}{03:002b}{c:0f}을(를) 손에 넣었다
55ec80:72:0	{c:0b}ＭＯＮＥＹ\n{c:0f}５ルクソルを手に入れた	{c:0b}ＭＯＮＥＹ\n{c:0f}５룩솔을 손에 넣었다
55ec80:73:0	{c:0b}ＭＯＮＥＹ\n{c:0f}１０ルクソルを手に入れた	{c:0b}ＭＯＮＥＹ\n{c:0f}１０룩솔을 손에 넣었다
611548:16:0	はい\nいいえ	예\n아니오
611548:101:0	{c:07}ヴェストリル\n{c:0f}	{c:07}베스트릴\n{c:0f}
611548:102:0	{c:07}シスターマリア\n{c:0f}	{c:07}시스터 마리아\n{c:0f}
611548:103:0	{c:07}修道僧\n{c:0f}	{c:07}수도승\n{c:0f}
611548:104:0	{c:07}聖なる光\n{c:0f}	{c:07}성스러운 빛\n{c:0f}
611548:105:0	{c:0b}ＢＯＯＫ\n{c:0f}	{c:0b}ＢＯＯＫ\n{c:0f}
611548:105:1	本を手にとって開いた	책을 집어 들고 펼쳤다
611548:106:0	{c:07}ヤレムの司祭\n{c:0f}	{c:07}야렘의 사제\n{c:0f}
611548:107:0	{c:07}お兄さん\n{c:0f}	{c:07}오빠\n{c:0f}
611548:108:0	{c:07}お爺さん\n{c:0f}	{c:07}할아버지\n{c:0f}
611548:109:0	{c:07}町のお姉さん\n{c:0f}	{c:07}마을 아가씨\n{c:0f}
611548:110:0	{c:07}武器屋のお兄さん\n{c:0f}	{c:07}무기점 형\n{c:0f}
611548:111:0	{c:07}防具屋のお姉さん\n{c:0f}	{c:07}방어구점 누나\n{c:0f}
611548:112:0	{c:07}道具屋のお兄さん\n{c:0f}	{c:07}도구점 형\n{c:0f}
611548:113:0	{c:07}マーシュ\n{c:0f}	{c:07}마시\n{c:0f}
611548:114:0	{c:07}オリベラ\n{c:0f}	{c:07}올리베라\n{c:0f}
611548:115:0	{c:07}リンダ\n{c:0f}	{c:07}린다\n{c:0f}
611548:116:0	{c:07}ユキ\n{c:0f}	{c:07}유키\n{c:0f}
611548:117:0	{c:07}酔っぱらい\n{c:0f}	
611548:118:0	{c:07}旅人\n{c:0f}	
611548:119:0	{c:07}おばさん\n{c:0f}	{c:07}아주머니\n{c:0f}
611548:120:0	{c:07}トン\n{c:0f}	{c:07}톤\n{c:0f}
611548:121:0	{c:07}お姉さん\n{c:0f}	{c:07}아가씨\n{c:0f}
611548:122:0	{c:07}カアムのお母さん\n{c:0f}	{c:07}카암의 어머니\n{c:0f}
611548:123:0	{c:07}メイドさん\n{c:0f}	
611548:124:0	{c:07}執事\n{c:0f}	{c:07}집사\n{c:0f}
611548:125:0	{c:07}マッセ\n{c:0f}	{c:07}마세\n{c:0f}
611548:126:0	{c:07}ヤレムの領主\n{c:0f}	{c:07}야렘의 영주\n{c:0f}
611548:127:0	{c:07}デーブ\n{c:0f}	{c:07}데브\n{c:0f}
611548:128:0	{c:07}カアム\n{c:0f}	{c:07}카암\n{c:0f}
611948:7:0	僧侶１５歳のイベントを開始します	
611948:10:0	さあ‥\nヴェストリルのもとへ	
611948:11:0	おまえがマリアに拾われ\nここへ来たときから\nこの日が来ると思っていました	
611948:11:1	自分を信じ\n神の教えに従って歩みなさい	
611948:11:2	それが‥おまえの道を開くことに\nなるでしょう	
611948:12:0	あなたの力が\n人々に幸せをもたらすことを\n祈っております	
611948:13:0	私は信じております！	
611948:13:1	あなたが‥いつも神と共に\n歩まれることを‥‥	
611948:14:0	{name:0f00}‥‥	{name:0f00}‥‥
611948:14:1	ヴェストリルが\n帰ってきたの‥‥	
611948:14:2	あなたに\n話があるそうです	
611948:14:3	階下へ来てちょうだい	
611948:15:0	これから君に\n重大な使命を与える	
611948:15:1	心の準備ができたら\nもう一度‥来たまえ	
611948:16:0	あなたの声を\n私に聞かせて‥‥ファウ	당신의 목소리를\n내게 들려줘요‥‥ 파우
611948:30:0	困ったことになったものです‥‥\nまさか‥国王がオルトナッシュの\n布教を許されようとは‥‥	
611948:30:1	神父様‥‥\n私には信じられません！	
611948:30:2	ロスタールの都には\n大司教様も\nいらっしゃいますのに‥	
611948:30:3	それだけ‥オルトナッシュが\n王都で勢力を伸ばしている\nということなのでしょう‥‥	
611948:30:4	マリア‥‥	
611948:30:5	ヴェストリル！？\n	
611948:30:6	‥‥ッ！　ひどい傷‥‥\n何があったというのです	
611948:30:7	‥‥まもなく\nここへオルトナッシュの\n布教団がやってくる	
611948:30:8	彼らは教会の在り方を\n否定している\n君は反発するだろう	
611948:30:9	この町を出るんだ\nそれ以外に‥\n君を救う方法はない	
611948:30:10	‥‥それは‥できません\n私は神と共にあります\n貴方にもわかってるはず	
611948:30:11	そうか‥そうだな\n‥‥あの子は‥元気か	
611948:30:12	ええ‥もう１５歳‥‥\n立派な少年に成長したわ	
611948:30:13	彼に会って‥話がしたい	
611948:99:0	救世主ラザレスと\n偉大なるホリクスの\n御名のもと‥‥	
611948:99:1	汝にセイクリッド\nヴァンガードの称号を\n与える！	
611948:99:2	{c:0b}ＷＥＡＰＯＮ\n{c:0f}{01:076b}{03:006b}を装備した！\n	
611948:99:3	ロスタールの都へ行き\n大司教トリステル様に\n王国の現状を報告せよ	
611948:99:4	それが\n教会の使徒たる\nおまえの最初の使命だ	
611948:99:5	{name:0f00}‥‥	{name:0f00}‥‥
611948:99:6	あなたをひとりで\n行かせるのはつらいけど\nこれも運めであれば‥‥	
611948:99:7	あなたに\n渡す物があります	
611948:99:8	２階の寝室で\n待っていてください	
611948:37:0	１５年前‥‥\nあなたと一緒にカゴに\n納められていたものです	
611948:37:1	聖職の身では\nこれらも不要でしょうが\n持って行きなさい	
611948:37:2	あなたの生まれを知る\n手がかりになるはずです	
611948:37:3	{c:0b}ＴＲＥＡＳＵＲＥ\n{c:0f}{01:071c}{03:001c}を手に入れた！	
611948:37:4	{c:0b}ＴＲＥＡＳＵＲＥ\n{c:0f}{01:0716}{03:0016}を手に入れた！	
611948:37:5	を手に入れた	을(를) 손에 넣었다
611948:37:6	それと‥‥	
611948:37:7	魔法に役立つホリクスも\nいくつか\n渡しておきましょう	
611948:37:8	どうかこの子が\nロスタールの都へ\n無事‥着けますように	
611948:46:0	あれ‥わたし‥\nどうしてこんな所に？	
611948:46:1	二人とも大丈夫～？\n早く上がって来なよ～	
611948:51:0	た、大変だぁ～！	
611948:51:1	{name:0f00}ッ！\n大変なんだ\n一緒に来てくれよ	
611948:51:2	行ってあげなさい	
611948:52:0	カアムちゃんが\n井戸の中に\n落ちちゃったんだよ	
611948:52:1	どうしよう‥\n大丈夫かなぁ‥‥	
611948:52:2	{name:0f00}\nはやく\nなんとかしないと！	
611948:54:0	{name:0f00}\n急いでっ！	
611948:56:0	カアムちゃんがね\nもう大丈夫だって\n言ってたよ	
611948:56:1	さすが{name:0f00}\nカアムちゃんの怪我\n直しちゃったんだね	
611948:56:2	{name:0f00}が\n助けてくれたんだ	
611948:56:3	え～っと\nぼくも‥‥	
611948:56:4	二人とも‥ありがとッ！	
612690:27:0	そこの扉を開けると柱が\n変わるけど気にしないで\n下さいね‥‥ホホホ\n	
612690:31:0	　　　マ　　　　　　　　　　　ッ	
612690:31:1	　　マ　　　　　　　　　ッ	
612690:31:2	　マ　　　　　　ッ	
612690:31:3	マ　　　　　ッ	
612690:31:4	マ　　　ッ	
612690:31:5	マ　　　ッ　　　　　　　　　　セ	
612690:31:6	マ　　ッ　　　　　　　　　セ	
612690:31:7	マ　ッ　　　　　　セ	
612690:31:8	マッ　　　　　セ	
612690:31:9	マッ　　　セ	
612690:31:10	マッ　　セ	
612690:31:11	マッ　セ	
612690:31:12	マッセ	
612690:31:13	マッセ　　　　　　　　　　　　■	
612690:31:14	マッセ　　　　　　　　　　■	
612690:31:15	マッセ　　　　　　　　■	
612690:31:16	マッセ　　　　　　■	
612690:31:17	マッセ　　　　■	
612690:31:18	マッセ　　■	
612690:31:19	マッセ■	
612690:31:20	マッ■	
612690:31:21	マ■セ	
612690:31:22	■ッセ	
612690:51:0	{c:07}　『ああ‥買ってて良かった\n　　旅のお供にしてください』\n{c:0f}　皆さんのお役に立ちます\n{c:07}　　　　　　　　　　－道具屋－	{c:07}　『아아‥ 사 두길 잘했다\n　　여행의 동반자로 삼아 주세요』\n{c:0f}　여러분께 도움이 됩니다\n{c:07}　　　　　　　　　　－도구점－
612690:52:0	{c:07}　『堅くて長持ち！！\n　　それが男ってもんだよなあ』\n{c:0f}　都の鍛冶屋から直接入荷！！\n{c:07}　　　　　　　　　　－防具屋－	{c:07}　『단단하고 오래간다！！\n　　그게 사나이라는 거지』\n{c:0f}　도성의 대장간에서 직접 입하！！\n{c:07}　　　　　　　　　　－방어구점－
612690:53:0	{c:07}　『戦う男の必需品！！\n　　ひと味違うこの切れ味！！』\n{c:0f}　都の剣士も使っています\n{c:07}　　　　　　　　　　－武器屋－	{c:07}　『싸우는 남자의 필수품！！\n　　한 차원 다른 이 날카로움！！』\n{c:0f}　도성의 검사도 쓰고 있습니다\n{c:07}　　　　　　　　　　－무기점－
612690:54:0	{c:07}　『旅する男のオアシス\n　　マーシュの宿屋へようこそ！』\n{c:0f}　お酒も飲めます\n{c:07}　　　　　　－マーシュの宿屋－	{c:07}　『여행하는 남자의 오아시스\n　　마시의 여관에 어서 오세요！』\n{c:0f}　술도 마실 수 있습니다\n{c:07}　　　　　　－마시의 여관－
612690:63:0	{c:0b}冒険者の心得１\n{c:0f}子供には必要ない\n旅立つ若者におくる\n冒険者のための本！	{c:0b}모험가의 마음가짐１\n{c:0f}어린애한테는 필요 없다\n길을 떠나는 젊은이에게 보내는\n모험가를 위한 책！
612690:64:0	{c:0b}冒険者の心得２\n{c:0f}一般の冒険者は‥ただ歩く\n歩いて敵と戦い‥また歩く\n本当の冒険も知らないで‥‥	{c:0b}모험가의 마음가짐２\n{c:0f}보통 모험가는‥ 그저 걷는다\n걸어서 적과 싸우고‥ 또 걷는다\n진짜 모험도 모른 채‥‥
612690:65:0	{c:0b}冒険者の心得３\n{c:0f}ナゾを知るには注意深くなれ！\nカベや床のちょっとした違いが\n分かるようになれば一人前だ！	{c:0b}모험가의 마음가짐３\n{c:0f}수수께끼를 알려면 주의 깊어져라！\n벽이나 바닥의 사소한 차이를\n알아챌 수 있게 되면 한 사람 몫이다！
612690:66:0	{c:0b}冒険者の心得４\n{c:0f}お金（ルクソル）は大切に使え！\n持ってるだけ全て使ってしまう者はいつも貧乏することになるだろう	{c:0b}모험가의 마음가짐４\n{c:0f}돈(룩솔)은 소중히 써라！\n가진 만큼 다 써 버리는 자는 늘 가난하게 살게 될 것이다
612690:67:0	{c:0b}冒険者の心得５\n{c:0f}町を出る前には回復薬を\n５～１０個　持っておくと良い\n必ず役に立つことがあるはずだ	{c:0b}모험가의 마음가짐５\n{c:0f}마을을 나서기 전에는 회복약을\n５～１０개　가지고 있으면 좋다\n반드시 쓸모가 있을 것이다
612690:68:0	{c:0b}冒険者の心得６\n{c:0f}僧侶や魔法使いのように\n魔法の使い手を志す者は\n子供のうちに本を読んでおくこと	{c:0b}모험가의 마음가짐６\n{c:0f}승려나 마법사처럼\n마법을 다루는 자가 되려는 자는\n어릴 때 책을 읽어 둘 것
612690:69:0	{c:0b}冒険者の心得７\n{c:0f}魔法を唱えるには　呪文書と\nこの世を形作る元素ホリクス\nそして魔法の才能が必要である	{c:0b}모험가의 마음가짐７\n{c:0f}마법을 외우려면　주문서와\n이 세상을 이루는 원소 호릭스\n그리고 마법의 재능이 필요하다
612690:70:0	{c:0b}冒険者の心得８\n{c:0f}戦いは冷静であることを心がける\n自分の戦い方が身につくまで\n単調な選択はさけ色々ためすこと	{c:0b}모험가의 마음가짐８\n{c:0f}싸움에서는 냉정함을 유지하라\n자신의 싸움 방식이 몸에 밸 때까지\n단조로운 선택은 피하고 이것저것 시험할 것
612690:71:0	{c:0b}エイナス神話１\n{c:0f}エイナス（ＡＮＥＡＲＴＨ）世界は五振りの霊剣によって顕現されし\n五元のホリクスの力で創造された	{c:0b}에이너스 신화１\n{c:0f}에이너스(ＡＮＥＡＲＴＨ) 세계는 다섯 자루의 영검으로 현현된\n오원(五元)의 호릭스의 힘으로 창조되었다
612690:72:0	{c:0b}エイナス神話２\n{c:0f}地の霊剣たる巨剣アッシャーは\n伝説の巨人ガイアスをして\n{01:0738}{03:0038}{c:0f}の神とした	{c:0b}에이너스 신화２\n{c:0f}땅의 영검인 거검 아셔는\n전설의 거인 가이아스를\n{01:0738}{03:0038}{c:0f}의 신으로 삼았다
612690:73:0	{c:0b}エイナス神話３\n{c:0f}水の霊剣{03:005f}{01:075f}{c:0f}は\n精霊の長ポツレスをして\n{01:0739}{03:0039}{c:0f}の神とした	{c:0b}에이너스 신화３\n{c:0f}물의 영검 {03:005f}{01:075f}{c:0f}는\n정령의 우두머리 포츠레스를\n{01:0739}{03:0039}{c:0f}의 신으로 삼았다
612690:74:0	{c:0b}エイナス神話４\n{c:0f}火の霊剣たる皇剣ティルトリテラは冥界の皇ビラグリスをして\n{01:073a}{03:003a}{c:0f}の神とした	{c:0b}에이너스 신화４\n{c:0f}불의 영검인 황검 티르트리테라는 명계의 황제 비라그리스를\n{01:073a}{03:003a}{c:0f}의 신으로 삼았다
612690:75:0	{c:0b}エイナス神話５\n{c:0f}風の霊剣{03:0060}{01:0760}{c:0f}は\n人の勇者ラザレスをして\n{01:073b}{03:003b}{c:0f}の神とした	{c:0b}에이너스 신화５\n{c:0f}바람의 영검 {03:0060}{01:0760}{c:0f}는\n인간 용사 라자레스를\n{01:073b}{03:003b}{c:0f}의 신으로 삼았다
612690:76:0	{c:0b}エイナス神話６\n{c:0f}空の霊剣たる聖剣ファルトラルは\n龍神トゥルケスをして\n{01:073c}{03:003c}{c:0f}の神とした	{c:0b}에이너스 신화６\n{c:0f}하늘의 영검인 성검 파르트랄은\n용신 투르케스를\n{01:073c}{03:003c}{c:0f}의 신으로 삼았다
612690:77:0	{c:0b}エイナス神話７\n{c:0f}古代イシュメリア時代\n五元の神をまつる神殿が\n世界の至る所に創られたといわれる	{c:0b}에이너스 신화７\n{c:0f}고대 이슈메리아 시대\n오원의 신을 모시는 신전이\n세계 곳곳에 세워졌다고 전해진다
612690:78:0	{c:0b}エイナス神話８\n{c:0f}隆盛をほこった古代イシュメリアも一千年前に現れた滅びの獣によって終えんをむかえた	{c:0b}에이너스 신화８\n{c:0f}융성을 자랑하던 고대 이슈메리아도 일천 년 전에 나타난 멸망의 짐승에 의해 종말을 맞이했다
612690:79:0	{c:0b}神の愛\n{c:0f}天に星がきらめくように\n地に花が咲くように\n人に神の愛があるのです	{c:0b}신의 사랑\n{c:0f}하늘에 별이 반짝이듯\n땅에 꽃이 피듯\n사람에게는 신의 사랑이 있습니다
612690:80:0	{c:0b}エイナス創世\n{c:0f}５つの偉大なるホリクスから\nエイナス世界は誕生した\nその力は五振りの霊剣に象徴される	{c:0b}에이너스 창세\n{c:0f}５개의 위대한 호릭스로부터\n에이너스 세계가 탄생했다\n그 힘은 다섯 자루의 영검으로 상징된다
612690:81:0	{c:0b}滅びの獣\n{c:0f}救世主ラザレスによって討たれし\n大いなる災厄は一千年の刻を経て\nよみがえるであろう	{c:0b}멸망의 짐승\n{c:0f}구세주 라자레스에게 쓰러진\n크나큰 재앙은 일천 년의 시간을 지나\n되살아날 것이다
612690:82:0	{c:0b}祈りの力\n{c:0f}心からの祈りは時として\n呪わしき者どもを浄化する力を\n発揮するものである	{c:0b}기도의 힘\n{c:0f}진심 어린 기도는 때때로\n저주받은 자들을 정화하는 힘을\n발휘하는 법이다
612690:83:0	{c:0b}誠実であること\n{c:0f}自らの生き方に\n見返りを求めてはならない\n打算的な者ほど醜いものはなし	{c:0b}성실할 것\n{c:0f}자신의 삶의 방식에\n대가를 바라서는 안 된다\n타산적인 자만큼 추한 것은 없다
612690:84:0	{c:0b}生命ある者\n{c:0f}人の魂を位置づけるものは\n地位でもなく名誉でもない\n天の意志を知る心である	{c:0b}생명 있는 자\n{c:0f}사람의 영혼을 자리매김하는 것은\n지위도 아니요 명예도 아니다\n하늘의 뜻을 아는 마음이다
612690:85:0	{c:0b}正義とは\n{c:0f}正しきことの側面には\n常に悪しき影がつきまとう\n唯一絶対の正義とは神のみである	{c:0b}정의란\n{c:0f}옳은 일의 이면에는\n늘 악한 그림자가 따라다닌다\n유일절대의 정의란 신뿐이다
612690:86:0	{c:0b}神の存在\n{c:0f}神を疑う前に‥自らの存在を疑え\n今この瞬間に在るべき己を知ることそれが神の存在を知ることである	{c:0b}신의 존재\n{c:0f}신을 의심하기 전에‥ 자신의 존재를 의심하라\n지금 이 순간 있어야 할 자신을 아는 것 그것이 신의 존재를 아는 것이다
613048:1:0	カアムちゃんが\nこの中に\n落ちちゃったんだよ	
613048:1:1	どうしよう‥\n大丈夫かなぁ‥‥	
613048:2:0	{name:0f00}\nはやく\nなんとかしないと！	
613048:3:0	ぼくロープを探して来る！	
613048:6:0	う～ん‥‥	
613048:6:1	{name:0f00}‥\n帰ってきたのねッ！	
613048:6:2	ゆめ‥？	
613048:6:3	‥わたしね最近\n同じ夢ばかり見るの	
613048:6:4	あなたがどこか遠くに\n行っちゃう\nそんな夢ばかり	
613048:6:5	これって‥まさ夢なのよね\n{name:0f00}\nどこかに行っちゃうんでしょ？	
613048:7:0	行かない　行く　	
613048:8:0	それって	
613048:8:1	二人とも大丈夫～？\nいまロープを降ろすからね	
613048:8:2	それって本当？\n約束できるの‥？	
613048:8:3	うそいわないでよ\nわたし聞いたんだからッ！	
613048:8:4	あなたが\nもうすぐこの町から\n出て行っちゃうって‥！	
613048:8:5	痛いッ‥！\n	
613048:8:6	だいじょうぶよッ\n	
613048:8:7	自分一人で帰れるんだから	
613048:8:8	‥‥‥‥‥‥	
613048:8:9	‥いくら優しくたって\nダメなんだから\n	
613048:8:10	うそついたりしたら\n偉いお坊さんになんて\nなれないんだから‥	
613048:8:11	‥がんばってねッ\n{name:0f00}	
613048:8:12	まったくあなたって子は\nいつになったら\n女の子らしくなるのかしら	
613048:8:13	あんまりこの子に\n優しくしすぎてると\n後で知らないわよ‥フフッ	
613048:9:0	‥そうだよね\n仕方ないよね	
613048:9:1	{name:0f00}は\n偉い僧侶になるんだもんね	
613048:9:2	私もちゃんと\nわかっているんだよ\n	
613048:9:3	でも‥	
613048:9:4	二人とも大丈夫～？\nいまロープを降ろすからね	
613048:9:5	痛いッ‥！\n	
613048:9:6	どうしよう\n怪我しちゃたみたい	
613048:10:0	{c:07}ヒーリング{c:0f}	
613048:11:0	ありがとッ‥	
613048:11:1	あれ‥わたし‥\nどうしてこんな所に？	
613048:11:2	二人とも大丈夫～？\n早く上がって来なよ～	
613048:20:0	{c:0b}Ｌｅｔｔｅｒ\n{c:0f}カアムの手紙を読んだ	
613048:20:1	{c:07}カアムからの手紙\n{c:0f}がんばって来てね\nずっと応援してるから\n　　　　　　　　　　　　カアム	
613b6c:0:0	いらっしゃいませ～	어서 오세요～
613b6c:11:0	デーブにお店を\n手伝わせてるのよ	데브한테 가게를\n돕게 하고 있어
613b6c:12:0	買い物だったら\nカウンター越しに\n話しかけてね	물건을 사려면\n카운터 너머로\n말을 걸어 줘
613b6c:13:0	かってに\nうろついちゃダメだよ	멋대로\n돌아다니면 안 돼
613b6c:100:0	{c:07}防具屋のねえちゃん\n{c:0f}	{c:07}방어구점 누나\n{c:0f}
613b6c:100:1	お買いものですか\n何になさいます？	쇼핑하시나요\n무엇으로 하시겠어요？
613b6c:100:2	何をお求めになりますか？	무엇을 찾으시나요？
613b6c:100:3	は１つ\n	은(는) １개에\n
613b6c:100:4	ルクソルです。\n	룩솔입니다.\n
613b6c:100:5	いくつ買いますか？	몇 개 사시겠어요？
613b6c:100:6	‥‥？\nお金が\n足りないようですけど‥	‥‥？\n돈이\n모자라신 것 같은데요‥
613b6c:100:7	ありがとうございます\n他には‥いかがですか？	감사합니다\n다른 건‥ 어떠세요？
613b6c:100:8	珍しい‥‥\nお客様の選ばれた品は\n持ちきれないようですわ	어머나‥‥\n손님이 고르신 물건은\n더 들 수 없으신 것 같네요
613b6c:100:9	なにを\n売って下さいますか？	무엇을\n팔아 주시겠어요？
613b6c:100:10	売れる物が\n無いみたいですけど？	팔 수 있는 물건이\n없으신 것 같은데요？
613b6c:100:11	を\nいくつ売りますか？	을(를)\n몇 개 파시겠어요？
613b6c:100:12	ありがとうございます	감사합니다
613b6c:100:13	他に何を売りますか？	그 밖에 무엇을 파시겠어요？
613b6c:100:14	‥‥？\nお金が\n足りないようですけど‥	‥‥？\n돈이\n모자라신 것 같은데요‥
613b6c:100:15	またいらしてくださいね	또 들러 주세요
613b6c:101:0	{c:07}武器屋のあんちゃん\n{c:0f}	{c:07}무기점 형씨\n{c:0f}
613b6c:101:1	うちの品揃えは\n都の武器屋にも\n負けないよ！	우리 가게 물건은\n도성의 무기점에도\n안 뒤진다고！
613b6c:101:2	何を買ってくれるんだい？	뭘 사 줄 거야？
613b6c:101:3	は１つ\n	은(는) １개에\n
613b6c:101:4	ルクソルです。\n	룩솔입니다.\n
613b6c:101:5	いくつ買うんだい？	몇 개 살 거야？
613b6c:101:6	お金が足りないよ	돈이 모자라
613b6c:101:7	ありがとね\n他の品も見てみてよ	고마워\n다른 물건도 봐 봐
613b6c:101:8	それ以上は持てないよ	더는 못 들어
613b6c:101:9	なにを\n売ってくれる？	뭘\n팔아 줄 거야？
613b6c:101:10	売れる物が\n無いみたいだけど？	팔 수 있는 물건이\n없는 것 같은데？
613b6c:101:11	を\nいくつ売りますか？	을(를)\n몇 개 파시겠어요？
613b6c:101:12	ありがとね	고마워
613b6c:101:13	他に何を売るんだい？	또 뭘 팔 거야？
613b6c:101:14	持ち金が一杯のようだね	가진 돈이 꽉 찬 것 같네
613b6c:101:15	いつでものぞいてよね	언제든 들러
613b6c:102:0	{c:07}道具屋のにいちゃん\n{c:0f}	{c:07}도구점 형\n{c:0f}
613b6c:102:1	いらっしゃい\n何にいたします？	어서 와\n뭘로 할래？
613b6c:102:2	何をお求めになりますか？	무엇을 찾으시나요？
613b6c:102:3	は１つ\n	은(는) １개에\n
613b6c:102:4	ルクソルです。\n	룩솔입니다.\n
613b6c:102:5	いくつ買いますか？	몇 개 사시겠어요？
613b6c:102:6	お金を\n払ってくれないと‥‥	돈을\n내 주지 않으면‥‥
613b6c:102:7	ありがとさん\n他に必要なものは？	고맙수\n그 밖에 필요한 건？
613b6c:102:8	それ以上は持てないよ	더는 못 들어
613b6c:102:9	どれを売りますか？	어느 걸 팔 거야？
613b6c:102:10	売れる物が\n無いみたいですけど？	팔 수 있는 물건이\n없으신 것 같은데요？
613b6c:102:11	を\nいくつ売りますか？	을(를)\n몇 개 파시겠어요？
613b6c:102:12	ありがとう	고마워
613b6c:102:13	なにを\n売ってくれる？	뭘\n팔아 줄 거야？
613b6c:102:14	持ち金が一杯ですね	가진 돈이 꽉 찼네
613b6c:102:15	いつでもどうぞ	언제든 오라고
614018:100:0	お～い\n待ってくれよ！	어～이\n기다려 줘！
614018:100:1	これをみて	이것 좀 봐
614018:100:2	気がついたら\nみんなの宝石が\n光ってたんだ	정신을 차려 보니\n다들 가진 보석이\n빛나고 있었어
614018:100:3	それから　これも‥	그리고　이것도‥
614018:100:4	ねえ{name:0f00}\nあなたのも見せてよ	있잖아 {name:0f00}\n네 것도 보여 줘
614018:100:5	なんだこれ！	이게 뭐야！
614018:100:6	これはあなたが持っていって\nきっとなにかの\n役に立つと思うの	이건 네가 가져가\n분명 뭔가\n쓸모가 있을 거야
614018:100:7	ＴＲＥＡＳＵＲＥ\n{c:0f}{c:07}誓いのホリクス{03:0037}{c:0f}を手に入れた	ＴＲＥＡＳＵＲＥ\n{c:0f}{c:07}맹세의 호릭스{03:0037}{c:0f}을(를) 손에 넣었다
614018:100:8	また逢おうね	또 만나자
614018:100:9	それじゃあね	그럼 안녕
614018:100:10	元気でな	잘 지내
614018:100:11	‥‥元気で‥ね	‥‥잘 지내‥ 야
61441c:46:0	ＭＯＮＥＹ\n２ルクソルを手に入れた	ＭＯＮＥＹ\n２룩솔을 손에 넣었다
61441c:53:0	ＴＲＥＡＳＵＲＥ\nヒールポーションを手に入れた	
61441c:59:0	ＭＯＮＥＹ\n２ルクソルを手に入れた	ＭＯＮＥＹ\n２룩솔을 손에 넣었다
61441c:60:0	ＴＲＥＡＳＵＲＥ\nヒールポーションを手に入れた	
61441c:111:0	{c:07}聖なる光\n{c:0f}	{c:07}성스러운 빛\n{c:0f}
61441c:112:0	あなたの声を\n私に聞かせて‥‥ファウ	당신의 목소리를\n내게 들려줘요‥‥ 파우
67e2a4:3:0	　　　シレスト山麓	
67e2a4:101:0	{c:07}マクガイア\n{c:0f}	{c:07}맥과이어\n{c:0f}
67e2a4:102:0	{c:07}聖なる光\n{c:0f}	{c:07}성스러운 빛\n{c:0f}
67e578:10:0	ん‥‥！	
67e578:10:1	どうした‥‥？	
67e578:10:2	眼ぇ覚めたろ？	
67e578:10:3	男はなあ‥‥	
67e578:10:4	剣ッ！	
67e578:10:5	俺も\nじ～ッくり考えたさ\nそういうことをなあ	
67e578:10:6	この剣はなあ‥‥\n高いッ！\nそれもハンパじゃない！	
67e578:10:7	ヴァッカードって\n有名な刀鍛冶（かじ）が\nこさえた剣でな	
67e578:10:8	これは‥やれん！	
67e578:10:9	いや‥今はな‥‥	
67e578:10:10	おまえが腕をみがいて\n認められる男になったら\nやってもいい	
67e578:10:11	そういうことだ	
67e578:10:12	代わりにな‥\nそいつをやる	
67e578:10:13	{c:0b}ＷＥＡＰＯＮ\n{c:0f}{01:0756}{03:0056}を装備した	
67e578:10:14	使うこたねえだろうが\n身につけとけ\nそれも剣の修行だ	
67e578:11:0	拾われた赤ん坊は\n{name:0700}と名付けられ\nまたたく間に５年の歳月が流れた	주워진 아기는\n{name:0700}(이)라 이름 붙여지고\n눈 깜짝할 새에 ５년의 세월이 흘렀다
67e578:16:0	{c:0b}ＴＲＥＡＳＵＲＥ\n{c:0f}{01:0708}{03:0008}を手に入れた	
67e578:17:0	ああ‥‥\n終末の時が\n近づいています	아아‥‥\n종말의 때가\n다가오고 있습니다
67e578:17:1	滅びの波動に立ち向かう\n力をにないし者として\n為すべきを知りなさい	멸망의 파동에 맞설\n힘을 짊어진 자로서\n해야 할 일을 깨달으세요
67e578:17:2	そう‥\nあなただけが\n残されし唯一の希望‥	그래요‥\n당신만이\n남겨진 유일한 희망‥
67e578:17:3	信じてる‥‥\n世界を救って‥ファウ	믿고 있어요‥‥\n세계를 구해 줘요‥ 파우
67e578:22:0	{c:0b}ＬＯＣＫＥＤ\n{c:0f}鍵が、かかっていて開かない！	{c:0b}ＬＯＣＫＥＤ\n{c:0f}자물쇠가 잠겨 있어서 열리지 않는다！
67e578:24:0	{c:0b}ＵＮＬＯＣＫ\n{c:0f}扉の錠を開いた！	{c:0b}ＵＮＬＯＣＫ\n{c:0f}문의 자물쇠를 열었다！
710e2c:16:0	{c:07}聖なる光\n{c:0f}	{c:07}성스러운 빛\n{c:0f}
710e2c:17:0	{c:07}マクガイア\n{c:0f}	{c:07}맥과이어\n{c:0f}
710e2c:18:0	{c:07}くそボウズ\n{c:0f}	
710e2c:19:0	{c:07}じじい\n{c:0f}	
710e2c:20:0	{c:07}ばばあ\n{c:0f}	
710e2c:21:0	{c:07}おばさん\n{c:0f}	{c:07}아주머니\n{c:0f}
710e2c:22:0	{c:07}ねえちゃん\n{c:0f}	
710e2c:23:0	{c:07}おっさん\n{c:0f}	
710e2c:24:0	{c:07}旅人\n{c:0f}	
710e2c:25:0	{c:07}老婆剣士オルガ\n{c:0f}	
710e2c:26:0	{c:07}おんなの子\n{c:0f}	
710e2c:41:0	{c:0b}ＬＯＣＫＥＤ\n{c:0f}鍵が、かかっていて開かない！	{c:0b}ＬＯＣＫＥＤ\n{c:0f}자물쇠가 잠겨 있어서 열리지 않는다！
710e2c:49:0	{c:0b}ＦＡＩＬＥＤ\n{c:0f}解錠に失敗した！	{c:0b}ＦＡＩＬＥＤ\n{c:0f}자물쇠 따기에 실패했다！
710e2c:50:0	{c:0b}ＢＲＯＫＥＮ\n{c:0f}{01:0707}{03:0007}が壊れた！	{c:0b}ＢＲＯＫＥＮ\n{c:0f}{01:0707}{03:0007}이(가) 부서졌다！
710e2c:51:0	{c:0b}ＵＮＬＯＣＫ\n{c:0f}扉の錠を開いた！	{c:0b}ＵＮＬＯＣＫ\n{c:0f}문의 자물쇠를 열었다！
711348:2:0	あなたは人として\n生まれ変わることを\n望んだ‥‥	당신은 인간으로\n다시 태어나기를\n바랐지요‥‥
711348:2:1	人が‥自らの選択で\n生きるべきか\n運めの道をたどるべきか	인간이‥ 스스로의 선택으로\n살아가야 하는가\n운명의 길을 따라야 하는가
711348:2:2	その証を立てるため\nあなたは‥あなた自身と\n戦わなくてはなりません	그 증거를 세우기 위해\n당신은‥ 당신 자신과\n싸워야만 합니다
711348:3:0	{c:0b}ＳＡＶＥ\n{c:0f}ここまでの状況を記録してください	{c:0b}ＳＡＶＥ\n{c:0f}지금까지의 상황을 기록해 주세요
711348:5:0	やあっと村に着いたぜ\n子連れだと\n無理できねえからな‥‥	
711348:5:1	さてと\nどうすっかな‥‥	
711348:5:2	どうする\n遊んできてもいいぞ	
711348:6:0	うんッううん	
711348:7:0	いいだろう	
711348:7:1	じゃあ‥俺は\n宿屋で休んでるからな	
711348:8:0	いいから行って来いって\n俺は\n宿屋で休んでるからよ	
711348:9:0	ひゃあーッ\nビックリしちまった\n強姦されるかと思ったよ	
711348:9:1	‥ったく\nざあとらしいんだよ\nくそババア！	
711348:9:2	ふふん‥それで？\nあたしのイロになる\n決心はついたのかい？	
711348:9:3	な‥何ぬかしてやがる！\n誰がてめえなんかに‥‥	
711348:9:4	ふ～ん‥そうかい\n皆伝を授かるのは\nあきらめたんだ	
711348:9:5	はあ‥これじゃあ\n弟子がつかねえはずだぜ	
711348:9:6	おやおや‥‥\nイッチョ前に剣もって‥\nあんたの弟子かい？	
711348:9:7	うう～ん‥弟子と言うか‥‥俺の‥ガキだ	
711348:9:8	ひぇーーーッ！\n‥‥あたしというものが\nありながら‥‥ひどい男	
711348:9:9	‥‥ダメだこりゃ	
711348:9:10	うふッ‥じゃあ\nお姉さまが剣士の心得を\n教えてあげましょうね	
711348:9:11	こうして‥{name:0700}は\nオルガに剣を習うことになった‥‥かこくな試練‥それは\nオルガの‥“愛”だった‥‥？？？	
711348:9:12	さて\nあたしゃ‥もうひと眠り\nさせてもらうよ	
711348:20:0	シレスト山には\nまだ着かないの	
711348:20:1	私疲れちゃったー	
711348:20:2	この村の先だってば	
711348:21:0	{c:07}男の子\n{c:0f}	
711348:87:0	{c:07}男の子\n{c:0f}	
711348:88:0	{c:07}男の子\n{c:0f}	
711348:89:0	{c:07}女の子\n{c:0f}	
711c2c:2:0	ここはユピトの村\n神父様が‥だらしないので有名なの	
711c2c:2:1	村の外れに住んでるオルガさんと\n同じくらい\nだらしないそうよ	
711c2c:6:0	北にあるヤレムの町の教会にね\nマリアしゃんって\nしゅご～くシュテキなひとがいるの	
711c2c:6:1	お祈りしてもらうと\nしあわしぇになれるのよ！	
711c2c:10:0	村の外へ出ても‥子供の足じゃあ\n遠くへは行けねえだよ	
711c2c:15:0	村のあほう共は‥わしのことを\nだらしないとか‥ふけつだとか\nバチ当たりだとか‥ほざきおる！	
711c2c:15:1	おまえさん‥どう思うかね？	
711c2c:16:0	そうかい‥\nわしに祝福してもらいたいとねえ	
711c2c:16:1	よろしい！	
711c2c:16:2	ええ～っと‥‥祈りの言葉は‥‥‥なんじゃったっけ？\nまあ良かろう	
711c2c:16:3	よっしゃッ！\n祝福はおしまい！！	
711c2c:16:4	なんじゃ？\nわしを‥うたぐっとるのか？	
711c2c:16:5	だいじょうぶじゃよ\n安心しなさい！	
711c2c:16:6	そうじゃ‥\nここの本を読んでいくと良い\nためになる本ばかりじゃぞ	
711c2c:16:7	{c:0b}ＴＲＥＡＳＵＲＥ\n{01:0708}{03:0008}{c:0f}をもらった！	
711c2c:18:0	ああ‥‥あのお客さん\n泊めるんじゃなかったよ	
711c2c:18:1	へたくそな歌を\n一日中‥聞かされ続けて\n頭がおかしくなりそうだ‥‥	
711c2c:22:0	ラ～ラララッララッラッララ～	
711c2c:22:1	えいえんなるものよ～\nそれはホリクスーーーッ\nわれらをみちびきたまえ～	
711c2c:22:2	‥‥うう～ん‥ダメだなあ\n“えいえんなる”じゃなくて\n“とわなる”にしてみよう！	
711c2c:23:0	とわなるものよ～\nそれはホリクスーーーッ\nわれらをみちびきたまえ～	
711c2c:23:1	うん‥いいかもッ！！	
711c2c:26:0	教会の書庫には鍵がかかってるの\nあそこの神父が\n何か隠してるのよ‥絶対ッ！	
711c2c:30:0	いかにも‥わしはジジイじゃよ\nしかし！　もうろくはしとらんぞ！‥‥あれは１０年前のことじゃった	
711c2c:30:1	‥‥‥‥‥‥‥‥‥‥‥‥‥‥‥‥‥‥‥‥‥‥‥‥‥‥‥‥‥‥‥‥‥‥‥それで何が聞きたいんじゃ？	
711c2c:34:0	口の悪い子だね！\n教会へ行って\n神父様に説教してもらっといで！	
711c2c:55:0	なんだ‥もういいのか？	
711c2c:55:1	うんッううん	
711c2c:39:0	ここにいるから\nあきたら\n戻ってきな	
711c2c:40:0	よしッ！\nそれじゃあ\nババアに会いに行くか！	
711c2c:41:0	俺は\nもうしばらく\nここにいるよ	
711c2c:41:1	教会へ行って‥牧師に\n祝福でもしてもらえ	
711c2c:42:0	い‥言っとくがなあ！\n俺とババアは\nそんな関係じゃねえぞ！	
711c2c:42:1	さっさと教会行けよ	
711c2c:43:0	あんッ‥ダメよぉ‥\nそんなとこ触っちゃ‥‥	
711c2c:43:1	う～ん‥むにゃむにゃ	
711c2c:44:0	歳とると\n激しい運動のあとは\nとっても眠くなるのよん	
711c2c:45:0	{c:0b}ＢＯＯＫ\n{c:0f}本を手にとって開いた	{c:0b}ＢＯＯＫ\n{c:0f}책을 집어 들고 펼쳤다
711c2c:45:1	{c:0b}ＩＬＬＩＴＥＲＡＴＥ\n{c:0f}{name:0f00}は字が読めない！	
711c2c:46:0	{c:0b}ＢＯＯＫ\n{c:0f}本を手にとって開いた	{c:0b}ＢＯＯＫ\n{c:0f}책을 집어 들고 펼쳤다
711c2c:46:1	こッ‥これは‥‥ッ！！！\nムフフな本ではあ～りませんか！？	
711c2c:50:0	{c:07}武具屋のあんちゃん\n{c:0f}	
711c2c:51:0	{c:07}道具屋のにいちゃん\n{c:0f}	{c:07}도구점 형\n{c:0f}
711c2c:53:0	はは‥‥小さな剣士さん	
711c2c:53:1	大きくなったら\n{01:0758}{03:0058}でも\n買っておくれよ	
711c2c:54:0	冒険に出るなら\n薬の５つでも買うように\n勧めるんだけどなあ	
711c2c:54:1	君には\nまだ必要なさそうだね	
711c2c:56:0	はは‥俺の用事がまだだッ\nもう少し遊んでてくれ\nそこらにガキがいただろう	
711c2c:57:0	{c:0b}ＩＬＬＩＴＥＲＡＴＥ\n{c:0f}{name:0f00}は字が読めない！	
711c2c:58:0	{c:0b}ＲＵＳＴＹ　ＮＡＢＥ\n{c:07}さびたナベ{c:0f}には何も入ってない！	
7c04cc:10:0	は　いいいえ	예　　아니오
7c04cc:98:0	{c:07}マーシュ\n{c:0f}	{c:07}마시\n{c:0f}
7c04cc:112:0	{c:07}オリベラ\n{c:0f}	{c:07}올리베라\n{c:0f}
7c04cc:113:0	{c:07}リンダ\n{c:0f}	{c:07}린다\n{c:0f}
7c04cc:114:0	{c:07}ユキ\n{c:0f}	{c:07}유키\n{c:0f}
7c04cc:115:0	{c:07}グレゴリー爺さん\n{c:0f}	{c:07}그레고리 할아범\n{c:0f}
7c04cc:116:0	{c:07}マクガイア\n{c:0f}	{c:07}맥과이어\n{c:0f}
7c04cc:117:0	{c:07}シスターマリア\n{c:0f}	{c:07}시스터 마리아\n{c:0f}
7c04cc:118:0	{c:07}道具屋のにいちゃん\n{c:0f}	{c:07}도구점 형\n{c:0f}
7c04cc:121:0	{c:07}武器屋のあんちゃん\n{c:0f}	{c:07}무기점 형씨\n{c:0f}
7c04cc:122:0	{c:07}防具屋のねえちゃん\n{c:0f}	{c:07}방어구점 누나\n{c:0f}
7c04cc:123:0	{c:07}デーブ\n{c:0f}	{c:07}데브\n{c:0f}
7c04cc:124:0	{c:07}カアム\n{c:0f}	{c:07}카암\n{c:0f}
7c04cc:125:0	{c:07}マッセ\n{c:0f}	{c:07}마세\n{c:0f}
7c04cc:126:0	{c:07}トン\n{c:0f}	{c:07}톤\n{c:0f}
7c04cc:127:0	{c:07}聖なる光\n{c:0f}	{c:07}성스러운 빛\n{c:0f}
7c04cc:128:0	{c:07}鋼武人バートラム\n{c:0f}	
7c07ec:2:0	{c:07}　『ああ‥買ってて良かった\n　　旅のお供にしてください』\n{c:0f}　皆さんのお役に立ちます\n{c:07}　　　　　　　　　　－道具屋－	{c:07}　『아아‥ 사 두길 잘했다\n　　여행의 동반자로 삼아 주세요』\n{c:0f}　여러분께 도움이 됩니다\n{c:07}　　　　　　　　　　－도구점－
7c07ec:53:0	{c:07}　『戦う男の必需品！！\n　　ひと味違うこの切れ味！！』\n{c:0f}　都の剣士も使っています\n{c:07}　　　　　　　　　　－武器屋－	{c:07}　『싸우는 남자의 필수품！！\n　　한 차원 다른 이 날카로움！！』\n{c:0f}　도성의 검사도 쓰고 있습니다\n{c:07}　　　　　　　　　　－무기점－
7c07ec:54:0	{c:07}　『堅くて長持ち！！\n　　それが男ってもんだよなあ』\n{c:0f}　都の鍛冶屋から直接入荷！！\n{c:07}　　　　　　　　　　－防具屋－	{c:07}　『단단하고 오래간다！！\n　　그게 사나이라는 거지』\n{c:0f}　도성의 대장간에서 직접 입하！！\n{c:07}　　　　　　　　　　－방어구점－
7c07ec:55:0	{c:07}　『旅する男のオアシス\n　　マーシュの宿屋へようこそ！』\n{c:0f}　お酒も飲めます\n{c:07}　　　　　　－マーシュの宿屋－	{c:07}　『여행하는 남자의 오아시스\n　　마시의 여관에 어서 오세요！』\n{c:0f}　술도 마실 수 있습니다\n{c:07}　　　　　　－마시의 여관－
7c0f7c:2:0	{c:0b}ＳＡＶＥ\n{c:0f}ここまでの状況を記録してください	{c:0b}ＳＡＶＥ\n{c:0f}지금까지의 상황을 기록해 주세요
7c0f7c:3:0	覚えちゃいないだろうが\nここは‥おまえが‥‥‥	
7c0f7c:3:1	おまえが‥生まれた町だ	
7c0f7c:3:2	ここをまっすぐ行くと\n教会があって‥そこに\nおまえの母ちゃんがいる	
7c0f7c:3:3	マリアって名前だ	
7c0f7c:3:4	俺が行くと\n驚くかもしれないから\nおまえ様子を見てこい	
7c0f7c:3:5	いいか！\n様子を見るだけだぞ！	
7c0f7c:3:6	マリアさんに\n“かあちゃん”とか\n言うんじゃねえぞお！！	
7c0f7c:3:7	俺は‥この先の\n宿屋にいるからなあッ！	
7c0f7c:4:0	{c:07}オルトナッシュ上級信者\n{c:0f}	{c:07}오르트나슈 상급 신자\n{c:0f}
7c0f7c:5:0	{c:07}オルトナッシュ一般信者\n{c:0f}	{c:07}오르트나슈 일반 신자\n{c:0f}
7c0f7c:10:0	ごめんなさ～い\n今日はお休みしま～す\n\n{c:07}　　　　　　　　　　－防具屋－	죄송해요～\n오늘은 쉽니다～\n\n{c:07}　　　　　　　　　　－방어구점－
7c0f7c:12:0	お客さま‥申し訳ありません\n本日は休みとさせていただきます\n\n{c:07}　　　　　　　　　　－武器屋－	손님‥ 죄송합니다\n오늘은 휴업하겠습니다\n\n{c:07}　　　　　　　　　　－무기점－
7c0f7c:13:0	またのご来店を\nお待ちいたしております\n\n{c:07}　　　　　　　　　　－道具屋－	다시 찾아 주시기를\n기다리겠습니다\n\n{c:07}　　　　　　　　　　－도구점－
7c0f7c:14:0	{c:0b}ＮＯＴＩＣＥ\n{c:0f}ドアに張り紙が張ってある！	
7c0f7c:15:0	これより\n布教活動を開始する	
7c0f7c:15:1	さまたげになるならば\n教会を排除せよ	
7c0f7c:15:2	ふっふふふ‥‥	
7c0f7c:110:0	どけぃッ！！	
7c0f7c:110:1	何をするのですか！？\n放しなさい！！	
7c0f7c:110:2	‥‥うるさい！\nさっさと歩け！！	
7c0f7c:110:3	待ちな‥‥	
7c0f7c:110:4	その女を\n連れていくことは\nできない	
7c0f7c:110:5	おもしろい\nここでオルガの弟子に\n会えるとは思わなんだぞ	
7c0f7c:110:6	‥‥来い\nわしが相手をしてやる	
7c0f7c:110:7	て‥てめえッ\nその構えは‥‥	
7c0f7c:110:8	フフ‥どうした？\n来ないなら\nこちらからまいるッ！	
7c0f7c:110:9	フフ‥よくぞかわした	
7c0f7c:110:10	今度は‥\nこちらからいくぜ！	
7c0f7c:110:11	くらえ‥飛龍撃ッ！！	
7c0f7c:110:12	甘いわ！	
7c0f7c:110:13	なにィ！？	
7c0f7c:110:14	こんなものか‥‥\nたわいもない	
7c0f7c:110:15	ツヴァイフィストも\n地に落ちたもの‥‥	
7c0f7c:110:16	ふんッ　ヒヨッ子がッ\nそれで剣士のつもりか！	
7c0f7c:110:17	オルガに伝えよ\n弟子を助けたくば\nユーソミルへ来いとな	
7c0f7c:110:18	連れてゆけいッ！！	
7c0f7c:18:0	あなたの声を\n私に聞かせて‥‥ファウ	당신의 목소리를\n내게 들려줘요‥‥ 파우
7c18fc:11:0	あれ‥{name:0f00}\n今日はどうしたの？	
7c18fc:16:0	ガキの頃は\nここで‥よく遊んだよなあ	
7c18fc:21:0	ホリクスは大切にしたほうがいいよ\nホリクスがないと\n魔法が使えないんだってさ	
7c18fc:22:0	ぼくが大きくなったら\nパパからこの町をもらうんだ\nそれでこの町をもっと良くするんだ	
7c18fc:31:0	{c:07}カアムのお母さん\n{c:0f}	{c:07}카암의 어머니\n{c:0f}
7c18fc:40:0	おめえの親父も\n大したことねえなあ\nわっはっはっはっはっ！	
7c18fc:41:0	こらっ！\nそこに入るんじゃねえ！	
7c18fc:44:0	は\nロブアーティストにしか\n使えないんだよ	
7c18fc:48:0	カウンターで飲んでる客\n‥‥いやらしいのよ	
7c18fc:48:1	あたしに\nあんなことしたり‥‥\nこんなことしたり‥‥	
7c18fc:48:2	ああいうのを\nむっつりスケベって\n言うのよね	
7c18fc:52:0	うふふふ‥‥\nまた今度ね	
7c18fc:57:0	{c:07}宿屋の泊まり客\n{c:0f}	
7c18fc:58:0	もうすぐ‥この町にも\nやつらがやってくる‥‥\nもう‥どこにも逃げる所などない	
7c18fc:61:0	教会の様子は\nどうだった？\nマリアさんはいたか？	
7c18fc:61:1	なんだよ\n早く行ってこいよ！	
7c18fc:65:0	まあ‥かわいいぼうやね	
7c18fc:65:1	そういえば‥\nあの赤ちゃんは\nどうしたかしら‥‥	
7c18fc:65:2	あなたに似て\n風色した銀の髪が\nステキな赤ちゃんだった	
7c18fc:65:3	元気に育っていれば\nあなたと同じくらいの\n年頃でしょう‥‥	
7c18fc:65:4	あの剣士様が\n立派に育ててくれてると\n良いけれど‥‥	
7c18fc:65:5	そうだわ\n私が\n	
7c18fc:68:0	祝福してあげましょうか	
7c18fc:68:1	祝福してッかあちゃん	
7c18fc:67:0	フフフ‥\nおもしろい子ね	
7c18fc:66:0	自然の理をつかさどる\n聖なるホリクスよ	자연의 섭리를 다스리는\n성스러운 호릭스여
7c18fc:66:1	救世主ラザレスの御名に\nおいて‥この者に聖なる\n祝福をお与えください	구세주 라자레스의 이름으로‥\n이 자에게 성스러운\n축복을 내려 주소서
7c18fc:66:2	（これは‥‥\nこの子は不思議な力を\nまとっているわ‥‥）	（이건‥‥\n이 아이는 신비한 힘을\n두르고 있어‥‥）
7c18fc:66:3	（ラザレスを象徴する\n風のホリクス\n{01:073b}{03:003b}の力‥‥）	（라자레스를 상징하는\n바람의 호릭스\n{01:073b}{03:003b}의 힘‥‥）
7c18fc:66:4	これでいいでしょう\n神様があなたと共に\nいらっしゃいますように	이제 됐어요\n신께서 당신과 함께\n하시기를
7c18fc:69:0	ふふ‥‥\n剣士様によろしくと\n伝えてください	
7c18fc:71:0	（う‥‥やべぇ‥‥）	
7c18fc:71:1	‥‥？\nちょっと！？\nどうしたのよう	
7c18fc:71:2	（あっち行け！\n　あっち‥‥ッ！！）	
7c18fc:71:3	なによ‥もうッ！\nばあか！	
7c18fc:73:0	待ちなッ	
7c18fc:73:1	あんたひとりで\n太刀打ちできるとでも\n思ってんのかい！	
7c18fc:73:2	あんたが育った\nシレスト山麓にある\n洞窟へおいで	
7c18fc:73:3	それまで\nこの{01:0f5b}{03:005b}は\nあずかっとくよ	
7c18fc:75:0	{c:07}老婆剣士オルガ\n{c:0f}	
7c2070:2:0	{c:07}ヤレムの司祭\n{c:0f}	{c:07}야렘의 사제\n{c:0f}
7c2070:9:0	教会は弱き人々を\n支えるためにあります	교회는 약한 이들을\n지탱하기 위해 있습니다
7c2070:9:1	神のことを知りたければ\n教会の本を読んでいきなさい	신에 대해 알고 싶다면\n교회의 책을 읽고 가세요
7c2070:10:0	おお‥神よ‥‥	오오‥ 신이시여‥‥
7c2070:10:1	あなたの忠実なしもべたるマリアになぜ‥このような試練を\nお与えになるのですか！？	
7c2070:11:0	{c:07}修道僧\n{c:0f}	{c:07}수도승\n{c:0f}
7c2070:14:0	神は‥あなたのおこないを\nいつも見守っておいでになります	신께서는‥ 당신의 행실을\n언제나 지켜보고 계십니다
7c2070:15:0	シスターは‥教会を否定する\nオルトナッシュに異論を唱えたため連れ去られてしまったのです	
7c2070:16:0	{c:07}修道僧\n{c:0f}	{c:07}수도승\n{c:0f}
7c2070:19:0	いつも感謝の気持ちを\n忘れないように	언제나 감사하는 마음을\n잊지 않도록
7c2070:20:0	こんな時に\nセイクリッドのヴェストリル様が\nいらしてくれれば‥‥	
7c2070:24:0	{c:07}ヤレムの領主\n{c:0f}	{c:07}야렘의 영주\n{c:0f}
7c2070:25:0	王国の西の辺境で\n新生イシュメリア皇国という国が\nおこされたらしい	왕국 서쪽 변경에서\n신생 이슈메리아 황국이라는 나라가\n세워졌다고 하더군
7c2070:25:1	オルトナッシュとかいう\nいかがわしい宗教の国だそうだよ	오르트나슈인가 하는\n수상쩍은 종교의 나라라는군
7c2070:27:0	{c:07}執事\n{c:0f}	{c:07}집사\n{c:0f}
7c2070:28:0	でも開かない扉が\nあるらしいですなあ	하지만 열리지 않는 문이\n있다고 하더군요
7c2070:28:1	専用の鍵が必要だったり\n仕掛けで開いたりするそうで‥‥	전용 열쇠가 필요하거나\n장치로 열린다고 하던데‥‥
7c2070:30:0	{c:07}召使い\n{c:0f}	{c:07}하인\n{c:0f}
7c2070:31:0	いやな予感がしますわ\nなにか‥\nとても悪いことが起こるような‥‥	
7c2070:33:0	{c:07}召使い\n{c:0f}	{c:07}하인\n{c:0f}
7c2070:34:0	ほら‥英才教育っていうでしょ？\n小さい頃に経験したことは\nあとあとに大きな差がでるのよ	
7c2070:36:0	{c:07}おじいさん\n{c:0f}	{c:07}할아버지\n{c:0f}
7c2070:37:0	都へ出たわしの息子も\nオルトナッシュに\n入信したらしくてな‥‥	도성에 나간 내 아들도\n오르트나슈에\n입신했다는 모양이라‥‥
7c2070:37:1	息子が入信したわけが\n少しだけわかった気がするよ	아들이 입신한 이유를\n조금은 알 것 같구먼
7c2070:38:0	オルトナッシュとかいう教団が\n今日あたり布教に来るらしいのぉ	
7c2070:39:0	{c:07}おにいさん\n{c:0f}	{c:07}오빠\n{c:0f}
7c2070:40:0	思っていたより\nまともそうじゃないか	생각했던 것보다\n멀쩡해 보이잖아
7c2070:40:1	王国の聖教は堅苦しいし\nオルトナッシュに\n入信してもいいかな	왕국의 성교는 딱딱하고\n오르트나슈에\n입신해 볼까
7c2070:41:0	今日は休日で\n酒場をやってる宿屋以外\n店はお休みなんだ	
7c2070:42:0	{c:07}おじいさん\n{c:0f}	{c:07}할아버지\n{c:0f}
7c2070:43:0	まったく‥バチ当たりな連中じゃ！	정말이지‥ 벌 받을 놈들이구먼！
7c2070:44:0	その昔‥偉大なる勇者ラザレスが\n“滅びの獣”を討ち果たし\nこの世界を救われたのじゃ	
7c2070:45:0	{c:07}町のおねえさん\n{c:0f}	{c:07}마을 아가씨\n{c:0f}
7c2070:46:0	あの人たち‥教会へ入っていたけどマリアさんとか大丈夫かしら‥‥	저 사람들‥ 교회에 들어갔는데 마리아 씨는 괜찮을까‥‥
7c2070:47:0	教会へ行くなら\nマリアさんに\nお祈りしてもらうといいわ	
7c2070:48:0	{c:07}おにいさん\n{c:0f}	{c:07}오빠\n{c:0f}
7c2070:49:0	俺の決心はかたい！\nこの世界のために\n命を投げうつ覚悟はできてるんだ！	내 결심은 굳다！\n이 세계를 위해\n목숨을 내던질 각오는 되어 있어！
7c2070:50:0	町の東の外れに住んでた爺さん\nどこかへ行っちまったらしい	
7c2070:50:1	貧乏だったけど\nきさくないい爺さんだったのになあ	
7c2070:51:0	{c:07}おばさん\n{c:0f}	{c:07}아주머니\n{c:0f}
7c2070:52:0	なんだか‥うさん臭い連中ね	왠지‥ 수상쩍은 놈들이네
7c2070:53:0	ヴァユ（風のホリクス）を象徴するオブジェは‥いろいろ造られていて世界の各地に散らばってるの	
7c2070:53:1	古代イシュメリアの時代には\n通信に使われたなんて\n言われているわ	
7c2070:54:0	{c:07}おじいさん\n{c:0f}	{c:07}할아버지\n{c:0f}
7c2070:55:0	おかしな連中が\n教会の前に集まっておるらしいのぉ神を恐れぬふとどき者どもめが！	
7c2070:56:0	教会の鐘は良い音がするのぉ\nガラーンガラーンとなあ	
7c2070:57:0	{c:07}おねえさん\n{c:0f}	{c:07}아가씨\n{c:0f}
7c2070:58:0	たしかに‥教会の教えって\nあれもダメ‥これもダメって\nかたっ苦しいわよね	확실히‥ 교회 가르침은\n이것도 안 돼‥ 저것도 안 돼\n너무 딱딱하잖아
7c2070:59:0	人の家に勝手に入って\nいろんなところ開けて\nほんとズウズウしい子ね！	
7c2070:60:0	{c:07}おばさん\n{c:0f}	{c:07}아주머니\n{c:0f}
7c2070:61:0	カアムったら\n布教団なんて見に行って\n大丈夫かしら‥‥	
7c2070:62:0	ヤレムは過ごしやすくて\nとっても良い町でしょう？	
7c2070:63:0	{c:07}宿屋の旅人\n{c:0f}	{c:07}여관의 나그네\n{c:0f}
7c2070:64:0	この宿の女中さんは\n３人とも‥すご～く美人だねえ	
7c2070:65:0	{c:07}酔っぱらい\n{c:0f}	
7c2070:66:0	大人になるといろいろあるよなあ‥やせガマンしなきゃならないのも\nつらいよなあ‥‥	
7c2834:2:0	お～い\n待ってくれよ！	어～이\n기다려 줘！
7c2834:2:1	これをみて	이것 좀 봐
7c2834:2:2	気がついたら\nみんなの宝石が\n光ってたんだ	정신을 차려 보니\n다들 가진 보석이\n빛나고 있었어
7c2834:2:3	それから　これも‥	그리고　이것도‥
7c2834:2:4	ねえ{name:0f00}\nあなたのも見せてよ	있잖아 {name:0f00}\n네 것도 보여 줘
7c2834:2:5	なんだこれ！	이게 뭐야！
7c2834:2:6	これはあなたが持っていって\nきっとなにかの\n役に立つと思うの	이건 네가 가져가\n분명 뭔가\n쓸모가 있을 거야
7c2834:2:7	{c:0b}ＴＲＥＡＳＵＲＥ\n{01:0737}{03:0037}{c:0f}を手に入れた！	
7c2834:2:8	また逢おうね	또 만나자
7c2834:2:9	それじゃあね	그럼 안녕
7c2834:2:10	元気でな	잘 지내
7c2834:2:11	‥‥元気で‥ね	‥‥잘 지내‥ 야
7c2d70:21:0	{c:0b}ＢＯＯＫ\n{c:0f}本を手にとって開いた	{c:0b}ＢＯＯＫ\n{c:0f}책을 집어 들고 펼쳤다
7c2d70:100:0	{c:0b}冒険者の心得１\n	{c:0b}모험가의 마음가짐１\n
7c2d70:101:0	{c:0b}冒険者の心得２\n	{c:0b}모험가의 마음가짐２\n
7c2d70:102:0	{c:0b}冒険者の心得３\n	{c:0b}모험가의 마음가짐３\n
7c2d70:103:0	{c:0b}冒険者の心得４\n	{c:0b}모험가의 마음가짐４\n
7c2d70:104:0	{c:0b}冒険者の心得５\n	{c:0b}모험가의 마음가짐５\n
7c2d70:105:0	{c:0b}冒険者の心得６\n	{c:0b}모험가의 마음가짐６\n
7c2d70:106:0	{c:0b}冒険者の心得７\n	{c:0b}모험가의 마음가짐７\n
7c2d70:107:0	{c:0b}冒険者の心得８\n	{c:0b}모험가의 마음가짐８\n
7c2d70:108:0	{c:0b}エイナス神話１\n	{c:0b}에이너스 신화１\n
7c2d70:109:0	{c:0b}エイナス神話２\n	{c:0b}에이너스 신화２\n
7c2d70:110:0	{c:0b}エイナス神話３\n	{c:0b}에이너스 신화３\n
7c2d70:111:0	{c:0b}エイナス神話４\n	{c:0b}에이너스 신화４\n
7c2d70:112:0	{c:0b}エイナス神話５\n	{c:0b}에이너스 신화５\n
7c2d70:113:0	{c:0b}エイナス神話６\n	{c:0b}에이너스 신화６\n
7c2d70:114:0	{c:0b}エイナス神話７\n	{c:0b}에이너스 신화７\n
7c2d70:115:0	{c:0b}エイナス神話８\n	{c:0b}에이너스 신화８\n
7c2d70:128:0	{c:0f}子供には必要ない\n旅立つ若者におくる\n冒険者のための本！	{c:0f}어린애한테는 필요 없다\n길을 떠나는 젊은이에게 보내는\n모험가를 위한 책！
7c2d70:132:0	{c:0f}一般の冒険者は‥ただ歩く\n歩いて敵と戦い‥また歩く\n本当の冒険も知らないで‥‥	{c:0f}보통 모험가는‥ 그저 걷는다\n걸어서 적과 싸우고‥ 또 걷는다\n진짜 모험도 모른 채‥‥
7c2d70:133:0	{c:0f}ナゾを知るには注意深くなれ！\nカベや床のちょっとした違いが\n分かるようになれば一人前だ！	{c:0f}수수께끼를 알려면 주의 깊어져라！\n벽이나 바닥의 사소한 차이를\n알아챌 수 있게 되면 한 사람 몫이다！
7c2d70:134:0	{c:0f}お金（ルクソル）は大切に使え！\n持ってるだけ全て使ってしまう者はいつも貧乏することになるだろう	{c:0f}돈(룩솔)은 소중히 써라！\n가진 만큼 다 써 버리는 자는 늘 가난하게 살게 될 것이다
7c2d70:135:0	{c:0f}町を出る前には回復薬を\n５～１０個　持っておくと良い\n必ず役に立つことがあるはずだ	{c:0f}마을을 나서기 전에는 회복약을\n５～１０개　가지고 있으면 좋다\n반드시 쓸모가 있을 것이다
7c2d70:136:0	{c:0f}僧侶や魔法使いのように\n魔法の使い手を志す者は\n子供のうちに本を読んでおくこと	{c:0f}승려나 마법사처럼\n마법을 다루는 자가 되려는 자는\n어릴 때 책을 읽어 둘 것
7c2d70:137:0	{c:0f}魔法を唱えるには　呪文書と\nこの世を形作る元素ホリクス\nそして魔法の才能が必要である	{c:0f}마법을 외우려면　주문서와\n이 세상을 이루는 원소 호릭스\n그리고 마법의 재능이 필요하다
7c2d70:138:0	{c:0f}戦いは冷静であることを心がける\n自分の戦い方が身につくまで\n単調な選択はさけ色々ためすこと	{c:0f}싸움에서는 냉정함을 유지하라\n자신의 싸움 방식이 몸에 밸 때까지\n단조로운 선택은 피하고 이것저것 시험할 것
7c2d70:139:0	{c:0f}エイナス（ＡＮＥＡＲＴＨ）世界は五振りの霊剣によって顕現されし\n五元のホリクスの力で創造された	{c:0f}에이너스(ＡＮＥＡＲＴＨ) 세계는 다섯 자루의 영검으로 현현된\n오원(五元)의 호릭스의 힘으로 창조되었다
7c2d70:142:0	{c:0f}地の霊剣たる巨剣アッシャーは\n伝説の巨人ガイアスをして\n{01:0738}{03:0038}の神とした	{c:0f}땅의 영검인 거검 아셔는\n전설의 거인 가이아스를\n{01:0738}{03:0038}의 신으로 삼았다
7c2d70:143:0	{c:0f}水の霊剣{03:005f}{01:075f}は\n精霊の長ポツレスをして\n{01:0739}{03:0039}の神とした	{c:0f}물의 영검 {03:005f}{01:075f}는\n정령의 우두머리 포츠레스를\n{01:0739}{03:0039}의 신으로 삼았다
7c2d70:144:0	{c:0f}火の霊剣たる皇剣ティルトリテラは冥界の皇ビラグリスをして\n{01:073a}{03:003a}の神とした	{c:0f}불의 영검인 황검 티르트리테라는 명계의 황제 비라그리스를\n{01:073a}{03:003a}의 신으로 삼았다
7c2d70:145:0	{c:0f}風の霊剣{03:0060}{01:0760}は\n人の勇者ラザレスをして\n{01:073b}{03:003b}の神とした	{c:0f}바람의 영검 {03:0060}{01:0760}는\n인간 용사 라자레스를\n{01:073b}{03:003b}의 신으로 삼았다
7c2d70:146:0	{c:0f}空の霊剣たる聖剣ファルトラルは\n龍神トゥルケスをして\n{01:073c}{03:003c}の神とした	{c:0f}하늘의 영검인 성검 파르트랄은\n용신 투르케스를\n{01:073c}{03:003c}의 신으로 삼았다
7c2d70:147:0	{c:0f}古代イシュメリア時代\n五元の神をまつる神殿が\n世界の至る所に創られたといわれる	{c:0f}고대 이슈메리아 시대\n오원의 신을 모시는 신전이\n세계 곳곳에 세워졌다고 전해진다
7c2d70:148:0	{c:0f}隆盛をほこった古代イシュメリアも一千年前に現れた滅びの獣によって終えんをむかえた	{c:0f}융성을 자랑하던 고대 이슈메리아도 일천 년 전에 나타난 멸망의 짐승에 의해 종말을 맞이했다
7c2d70:149:0	{c:0b}神の愛\n{c:0f}天に星がきらめくように\n地に花が咲くように\n人に神の愛があるのです	{c:0b}신의 사랑\n{c:0f}하늘에 별이 반짝이듯\n땅에 꽃이 피듯\n사람에게는 신의 사랑이 있습니다
7c2d70:151:0	{c:0b}エイナス創世\n{c:0f}５つの偉大なるホリクスから\nエイナス世界は誕生した\nその力は五振りの霊剣に象徴される	{c:0b}에이너스 창세\n{c:0f}５개의 위대한 호릭스로부터\n에이너스 세계가 탄생했다\n그 힘은 다섯 자루의 영검으로 상징된다
7c2d70:152:0	{c:0b}滅びの獣\n{c:0f}救世主ラザレスによって討たれし\n大いなる災厄は一千年の刻を経て\nよみがえるであろう	{c:0b}멸망의 짐승\n{c:0f}구세주 라자레스에게 쓰러진\n크나큰 재앙은 일천 년의 시간을 지나\n되살아날 것이다
7c2d70:153:0	{c:0b}祈りの力\n{c:0f}心からの祈りは時として\n忌まわしき者どもを浄化する力を\n発揮するものである	{c:0b}기도의 힘\n{c:0f}진심 어린 기도는 때때로\n꺼림칙한 자들을 정화하는 힘을\n발휘하는 법이다
7c2d70:154:0	{c:0b}誠実であること\n{c:0f}自らの生き方に\n見返りを求めてはならない\n打算的な者ほど醜いものはなし	{c:0b}성실할 것\n{c:0f}자신의 삶의 방식에\n대가를 바라서는 안 된다\n타산적인 자만큼 추한 것은 없다
7c2d70:155:0	{c:0b}生命ある者\n{c:0f}人の魂を位置づけるものは\n地位でもなく名誉でもない\n天の意志を知る心である	{c:0b}생명 있는 자\n{c:0f}사람의 영혼을 자리매김하는 것은\n지위도 아니요 명예도 아니다\n하늘의 뜻을 아는 마음이다
7c2d70:156:0	{c:0b}正義とは\n{c:0f}正しきことの側面には\n常に悪しき影がつきまとう\n唯一絶対の正義とは神のみである	{c:0b}정의란\n{c:0f}옳은 일의 이면에는\n늘 악한 그림자가 따라다닌다\n유일절대의 정의란 신뿐이다
7c2d70:157:0	{c:0b}神の存在\n{c:0f}神を疑う前に‥自らの存在を疑え\n今この瞬間に在るべき己を知ることそれが神の存在を知ることである	{c:0b}신의 존재\n{c:0f}신을 의심하기 전에‥ 자신의 존재를 의심하라\n지금 이 순간 있어야 할 자신을 아는 것 그것이 신의 존재를 아는 것이다
7c3590:65:0	{c:0b}ＭＯＮＥＹ\n{c:0f}４ルクソルを手に入れた！	{c:0b}ＭＯＮＥＹ\n{c:0f}４룩솔을 손에 넣었다！
7c3590:67:0	{c:0b}ＴＯＯＬ\n{01:072b}{03:002b}{c:0f}を手に入れた！	{c:0b}ＴＯＯＬ\n{01:072b}{03:002b}{c:0f}을(를) 손에 넣었다！
7c3590:69:0	{c:0b}ＭＯＮＥＹ\n{c:0f}５ルクソルを手に入れた！	{c:0b}ＭＯＮＥＹ\n{c:0f}５룩솔을 손에 넣었다！
7c3590:71:0	{c:0b}ＭＯＮＥＹ\n{c:0f}１０ルクソルを手に入れた！	{c:0b}ＭＯＮＥＹ\n{c:0f}１０룩솔을 손에 넣었다！
7c3590:73:0	{c:0b}ＭＯＮＥＹ\n{c:0f}２ルクソルを手に入れた！	{c:0b}ＭＯＮＥＹ\n{c:0f}２룩솔을 손에 넣었다！
7c3590:151:0	{c:0b}ＵＳＥＬＥＳＳ\n{c:0f}何の反応もなかった‥‥	{c:0b}ＵＳＥＬＥＳＳ\n{c:0f}아무 반응도 없었다‥‥
7c3ab0:44:0	{c:0b}ＬＯＣＫＥＤ\n{c:0f}鍵が、かかっていて開かない！	{c:0b}ＬＯＣＫＥＤ\n{c:0f}자물쇠가 잠겨 있어서 열리지 않는다！
854e04:106:0	{c:07}マーシュ\n{c:0f}	{c:07}마시\n{c:0f}
854e04:112:0	{c:07}オリベラ\n{c:0f}	{c:07}올리베라\n{c:0f}
854e04:113:0	{c:07}リンダ\n{c:0f}	{c:07}린다\n{c:0f}
854e04:114:0	{c:07}ユキ\n{c:0f}	{c:07}유키\n{c:0f}
854e04:115:0	{c:07}ヴェストリル\n{c:0f}	{c:07}베스트릴\n{c:0f}
854e04:117:0	{c:07}シスターマリア\n{c:0f}	{c:07}시스터 마리아\n{c:0f}
854e04:118:0	{c:07}道具屋のにいちゃん\n{c:0f}	{c:07}도구점 형\n{c:0f}
854e04:121:0	{c:07}武器屋のあんちゃん\n{c:0f}	{c:07}무기점 형씨\n{c:0f}
854e04:122:0	{c:07}防具屋のねえちゃん\n{c:0f}	{c:07}방어구점 누나\n{c:0f}
854e04:127:0	{c:07}聖なる光\n{c:0f}	{c:07}성스러운 빛\n{c:0f}
854e04:246:0	バートラム死後	
8553b0:39:0	{c:07}　『ああ‥買ってて良かった\n　　旅のお供にしてください』\n{c:0f}　皆さんのお役に立ちます\n{c:07}　　　　　　　　　　－道具屋－	{c:07}　『아아‥ 사 두길 잘했다\n　　여행의 동반자로 삼아 주세요』\n{c:0f}　여러분께 도움이 됩니다\n{c:07}　　　　　　　　　　－도구점－
8553b0:53:0	{c:07}　『堅くて長持ち！！\n　　それが男ってもんだよなあ』\n{c:0f}　都の鍛冶屋から直接入荷！！\n{c:07}　　　　　　　　　　－防具屋－	{c:07}　『단단하고 오래간다！！\n　　그게 사나이라는 거지』\n{c:0f}　도성의 대장간에서 직접 입하！！\n{c:07}　　　　　　　　　　－방어구점－
8553b0:54:0	{c:07}　『戦う男の必需品！！\n　　ひと味違うこの切れ味！！』\n{c:0f}　都の剣士も使っています\n{c:07}　　　　　　　　　　－武器屋－	{c:07}　『싸우는 남자의 필수품！！\n　　한 차원 다른 이 날카로움！！』\n{c:0f}　도성의 검사도 쓰고 있습니다\n{c:07}　　　　　　　　　　－무기점－
8553b0:55:0	{c:07}　『旅する男のオアシス\n　　マーシュの宿屋へようこそ！』\n{c:0f}　お酒も飲めます\n{c:07}　　　　　　－マーシュの宿屋－	{c:07}　『여행하는 남자의 오아시스\n　　마시의 여관에 어서 오세요！』\n{c:0f}　술도 마실 수 있습니다\n{c:07}　　　　　　－마시의 여관－
8553b0:102:0	ＭＡＰ４０\nどこも行かない	
856a64:34:0	あなたの声を\n私に聞かせて‥‥ファウ	당신의 목소리를\n내게 들려줘요‥‥ 파우
856a64:37:0	あなたの声を\n私に聞かせて‥‥ファウ	당신의 목소리를\n내게 들려줘요‥‥ 파우
856ef4:12:0	{c:07}カアム\n{c:0f}	{c:07}카암\n{c:0f}
856ef4:11:0	気をつけてね‥{name:0f00}	
856ef4:11:1	旅の無事を\n毎日お祈りしているわ	
856ef4:13:0	へえ‥やっぱり剣士になったんだ\nかわいい顔してるから\nあまり強そうには見えないけど	
856ef4:14:0	{c:07}デーブ\n{c:0f}	{c:07}데브\n{c:0f}
856ef4:16:0	旅を続けるのって大変だろう？\nみんなで集めたんだ\nこれ持ってけよ	
856ef4:16:1	{c:0b}ＭＯＮＥＹ\n{c:0f}２００ルクソルをもらった！	
856ef4:16:2	じゃあ‥気をつけていけよ	
856ef4:18:0	ガキの頃は\nここで‥よく遊んだよなあ	
856ef4:19:0	ガキの頃は\nみんなで‥よく遊んだよなあ	
856ef4:20:0	{c:07}トン\n{c:0f}	{c:07}톤\n{c:0f}
856ef4:21:0	ぼくも身体きたえなきゃ‥‥\n今度あんな連中が来たら\n追い払えるようにね	
856ef4:22:0	{name:0f00}は\n剣士だからホリクスの事は\nあまり気にしなくてもいいんだね	
856ef4:24:0	{c:07}マッセ\n{c:0f}	{c:07}마세\n{c:0f}
856ef4:26:0	{name:0f00}って\n捨て子だったんだってね\n本当のお母さんが見つかるといいね	
856ef4:28:0	領主になるって言ってもね\n僕はたくさん本を読んでいるから\n特別な勉強する必要はないんだ	
856ef4:29:0	{name:0f00}！\n君のことは一生忘れないよ	
856ef4:29:1	カアムちゃんのことは\nまかせといて！\nぼくが幸せにしてみせるから！	
856ef4:31:0	ベッドで休むやめておく　	
856ef4:33:0	{c:0b}ＲＥＣＯＶＥＲＹ\n{c:0f}パーティー全員の体力が回復した！	
856ef4:35:0	泊まりてえなら\n１０ルクソルだ！	
856ef4:35:1	払　う　払えない	
856ef4:36:0	ちっ‥‥しけてやがる	
856ef4:37:0	‥‥いつでもどうぞ	
856ef4:41:0	こらっ！\nそこに入るんじゃねえ！	
856ef4:40:0	ちッ‥ギアの野郎‥‥\n好き勝手しやがって！	
856ef4:42:0	なんだ？\nもう帰ってきたのか？	
856ef4:42:1	もう少し骨のある奴だと\n思ってたがな	
856ef4:44:0	は\nロブアーティストにしか\n使えないんだよ	
856ef4:45:0	ほら‥持ってお行き	
856ef4:45:1	{c:0b}ＴＲＥＡＳＵＲＥ\n{01:0707}{03:0007}{c:0f}を５つもらった！	
856ef4:45:2	みんなには内緒だよ	
856ef4:46:0	あんたならやれる！\nきっとやれる！\n自分を信じるんだよ！	
856ef4:48:0	あ～あ‥‥\nどっかに\nいい男いないかしら	
856ef4:49:0	あ～ら‥\n泣きべそかいちゃって	
856ef4:49:1	すぐに帰るんだったら\nあんなにお金ださなきゃ\n良かったわ	
856ef4:52:0	お泊まりでしたら\n酒場の\nカウンターへどうぞ	
856ef4:53:0	疲れてるなら\n２階のベッドで\n休んでいくといいわ	
856ef4:57:0	{c:07}宿屋の泊まり客\n{c:0f}	
856ef4:58:0	ウランタヤという大きな森がある\n昔‥空をおおうような大きな木が\n生えていたそうだ	
856ef4:58:1	今では枯れてしまって\n根っこしか残っていないがな	
856ef4:73:0	{c:0b}ＵＳＥＬＥＳＳ\n{c:0f}何の反応もなかった‥‥	{c:0b}ＵＳＥＬＥＳＳ\n{c:0f}아무 반응도 없었다‥‥
856ef4:75:0	{c:07}オルガ\n{c:0f}	{c:07}올가\n{c:0f}
856ef4:75:1	おや{name:0f00}は\nどこに行っちまったんだい	
856ef4:75:2	{c:07}カシム\n{c:0f}	{c:07}카심\n{c:0f}
856ef4:75:3	どうせ\nすぐに戻ってくるさ	
856ef4:75:4	宿屋にでも行って\n待っていましょう	
8576a8:2:0	{c:0b}神の愛\n{c:0f}天に星がきらめくように\n地に花が咲くように\n人に神の愛があるのです	{c:0b}신의 사랑\n{c:0f}하늘에 별이 반짝이듯\n땅에 꽃이 피듯\n사람에게는 신의 사랑이 있습니다
8576a8:3:0	{c:0b}エイナス創世\n{c:0f}５つの偉大なるホリクスから\nエイナス世界は誕生した\nその力は五振りの霊剣に象徴される	{c:0b}에이너스 창세\n{c:0f}５개의 위대한 호릭스로부터\n에이너스 세계가 탄생했다\n그 힘은 다섯 자루의 영검으로 상징된다
8576a8:4:0	{c:0b}滅びの獣\n{c:0f}救世主ラザレスによって討たれし\n大いなる災厄は一千年の刻を経て\nよみがえるであろう	{c:0b}멸망의 짐승\n{c:0f}구세주 라자레스에게 쓰러진\n크나큰 재앙은 일천 년의 시간을 지나\n되살아날 것이다
8576a8:5:0	{c:0b}祈りの力\n{c:0f}心からの祈りは時として\n忌まわしき者どもを浄化する力を\n発揮するものである	{c:0b}기도의 힘\n{c:0f}진심 어린 기도는 때때로\n꺼림칙한 자들을 정화하는 힘을\n발휘하는 법이다
8576a8:6:0	{c:0b}誠実であること\n{c:0f}自らの生き方に\n見返りを求めてはならない\n打算的な者ほど醜いものはなし	{c:0b}성실할 것\n{c:0f}자신의 삶의 방식에\n대가를 바라서는 안 된다\n타산적인 자만큼 추한 것은 없다
8576a8:7:0	{c:0b}生命ある者\n{c:0f}人の魂を位置づけるものは\n地位でもなく名誉でもない\n天の意志を知る心である	{c:0b}생명 있는 자\n{c:0f}사람의 영혼을 자리매김하는 것은\n지위도 아니요 명예도 아니다\n하늘의 뜻을 아는 마음이다
8576a8:17:0	{c:0b}正義とは\n{c:0f}正しきことの側面には\n常に悪しき影がつきまとう\n唯一絶対の正義とは神のみである	{c:0b}정의란\n{c:0f}옳은 일의 이면에는\n늘 악한 그림자가 따라다닌다\n유일절대의 정의란 신뿐이다
8576a8:22:0	{c:0b}神の存在\n{c:0f}神を疑う前に‥自らの存在を疑え\n今この瞬間に在るべき己を知ることそれが神の存在を知ることである	{c:0b}신의 존재\n{c:0f}신을 의심하기 전에‥ 자신의 존재를 의심하라\n지금 이 순간 있어야 할 자신을 아는 것 그것이 신의 존재를 아는 것이다
8576a8:23:0	{c:0b}ＢＯＯＫ\n{c:0f}本を手にとって開いた	{c:0b}ＢＯＯＫ\n{c:0f}책을 집어 들고 펼쳤다
8576a8:8:0	{c:07}ヤレムの司祭\n{c:0f}	{c:07}야렘의 사제\n{c:0f}
8576a8:10:0	{name:0f00}よ\nおまえが出立してまもなく\nオルトナッシュの布教団が来ました	
8576a8:10:1	私が止めるのも聞かず\nマリアは彼らに異を唱え‥‥	
8576a8:11:0	おお‥神よ‥‥	오오‥ 신이시여‥‥
8576a8:11:1	あなたの忠実なしもべたるマリアになぜ‥このような試練を\nお与えになるのですか！？	
8576a8:12:0	おまえの活躍は\nマリアから聞いています\nご苦労でしたね	
8576a8:13:0	{c:07}修道僧\n{c:0f}	{c:07}수도승\n{c:0f}
8576a8:14:0	なんとしたことでしょう\nシスターがオルトナッシュに\n連れ去られてしまったのです	
8576a8:15:0	オルティストにつれて行かれた\nシスターが無事戻って来ました	
8576a8:16:0	神は‥あなたのおこないを\nいつも見守っておいでになります	신께서는‥ 당신의 행실을\n언제나 지켜보고 계십니다
8576a8:18:0	{c:07}修道僧\n{c:0f}	{c:07}수도승\n{c:0f}
8576a8:19:0	こんな時に\nセイクリッドのヴェストリル様が\nいらしてくれれば‥‥	
8576a8:20:0	ヴェストリル様は\nシスターを守ろうとしたのですが\n力及ばず‥‥	
8576a8:20:1	傷ついた身体を引きずりながら\n彼らのあとを追ってゆかれました	
8576a8:21:0	申し訳ございません\nヴェストリル様‥‥	
8576a8:21:1	シスターマリアが\nオルトナッシュの連中に‥‥	
8576a8:24:0	{c:07}ヤレムの領主\n{c:0f}	{c:07}야렘의 영주\n{c:0f}
8576a8:25:0	なんて連中だ！\n私の許可もなく\nこの町に押しかけてきおって！	
8576a8:25:1	国王様にご報告して\n取り締まってもらわなくては！	
8576a8:27:0	{c:07}執事\n{c:0f}	{c:07}집사\n{c:0f}
8576a8:28:0	ロードリー王国の西方は\n大昔に古代イシュメリアなる国が\n栄えていたそうでして‥‥	
8576a8:28:1	少し変わった文化色が\n今でも強く残っているのです	
8576a8:30:0	{c:07}召使い\n{c:0f}	{c:07}하인\n{c:0f}
8576a8:31:0	神様は何をしてるのかしら\nあんな連中を野放しにして！！	
8576a8:34:0	世の中で何が起こってるのか\n私には‥わからないけど\n貴方しかできないことがあるはずよ	
8576a8:34:1	がんばってね！	
8576a8:36:0	{c:07}おじいさん\n{c:0f}	{c:07}할아버지\n{c:0f}
8576a8:37:0	王都ロスタールへ行くなら\n一度‥マロアの港町へ出て\n船に乗る必要があるじゃろうな	
8576a8:38:0	{c:07}おにいさん\n{c:0f}	{c:07}오빠\n{c:0f}
8576a8:40:0	オルトナッシュの布教団が\n来たと思ったら\nあっという間に引き上げてった‥‥	
8576a8:40:1	いったい何しに来たんだろう？	
8576a8:42:0	{c:07}おじいさん\n{c:0f}	{c:07}할아버지\n{c:0f}
8576a8:43:0	教会の地下のシンボルは\nなんでも{01:073b}{03:003b}の力を\nあらわしているそうじゃ	
8576a8:45:0	{c:07}町のおねえさん\n{c:0f}	{c:07}마을 아가씨\n{c:0f}
8576a8:46:0	オルトナッシュの布教団が\nこの町を出ていく時に\nマリアさんも連れていったのよ！	
8576a8:46:1	ああ‥心配だわ\nどうして\nこんなことになってしまったの！？	
8576a8:47:0	オルトナッシュの布教団に\n連れ去られたマリアさんが\n無事に戻って来たらしいわ	
8576a8:48:0	{c:07}おにいさん\n{c:0f}	{c:07}오빠\n{c:0f}
8576a8:49:0	町の東の外れに住んでた爺さん\nどこかへ行っちまったらしい	
8576a8:49:1	貧乏だったけど\nきさくないい爺さんだったのになあ	
8576a8:50:0	{c:07}おばさん\n{c:0f}	{c:07}아주머니\n{c:0f}
8576a8:52:0	を象徴する\nシンボルは‥いろいろあって\n世界の各地に散らばってるの	
8576a8:52:1	古代イシュメリアの時代には\nシンボルを通して遠くの人と\n話ができたなんて言われているわ	
8576a8:53:0	{c:07}おじいさん\n{c:0f}	{c:07}할아버지\n{c:0f}
8576a8:55:0	無敵の剣法ツヴァイフィストの\n伝承者オルガは\nユピトの村に住んでおるそうじゃ	
8576a8:57:0	{c:07}おねえさん\n{c:0f}	{c:07}아가씨\n{c:0f}
8576a8:58:0	お金を手に入れるには\n宝石や金塊を見つけてお店で売るか都で働いて稼ぐしかないわね	
8576a8:60:0	{c:07}カアムのお母さん\n{c:0f}	{c:07}카암의 어머니\n{c:0f}
8576a8:61:0	布教団だか何だか知らないけど\n二度とこの町に来て欲しくないわ	
8576a8:62:0	カアムが無事に帰ってきて\n本当に良かったわ\nありがとう‥{name:0f00}	
8576a8:63:0	{c:07}宿屋の旅人\n{c:0f}	{c:07}여관의 나그네\n{c:0f}
8576a8:64:0	マロアの港町には\n海賊どもが\nたむろしてるんですよ	
8576a8:64:1	悪いことは言いません\n絶対にかかわり合いにならないよう気をつけなさい	
8576a8:65:0	{c:07}酔っぱらい\n{c:0f}	
8576a8:66:0	俺ぁ酔っぱらいだからなあ\n大したこたあ知らねえんだ	
8576a8:66:1	たとえば‥森なんかを歩いていて\n変に整ったサークルなんかを\n見つけたとする	
8576a8:66:2	あやしいと思ったら\nいろいろと調べてみることだな\nなぜか元気がでる	
8576a8:66:3	他の場所も似たようなもんだ\n疲れて逃げ出したい時こそ\nあちこち調べてみるといい	
8576a8:66:4	まっ‥酔っぱらいのたわごとだな	
8576a8:67:0	{c:0b}冒険者の心得１\n	{c:0b}모험가의 마음가짐１\n
8576a8:71:0	{c:0b}冒険者の心得２\n	{c:0b}모험가의 마음가짐２\n
8576a8:72:0	{c:0b}冒険者の心得３\n	{c:0b}모험가의 마음가짐３\n
8576a8:73:0	{c:0b}冒険者の心得４\n	{c:0b}모험가의 마음가짐４\n
8576a8:74:0	{c:0b}冒険者の心得５\n	{c:0b}모험가의 마음가짐５\n
8576a8:75:0	{c:0b}冒険者の心得６\n	{c:0b}모험가의 마음가짐６\n
8576a8:76:0	{c:0b}冒険者の心得７\n	{c:0b}모험가의 마음가짐７\n
8576a8:77:0	{c:0b}冒険者の心得８\n	{c:0b}모험가의 마음가짐８\n
8576a8:78:0	{c:0b}エイナス神話１\n	{c:0b}에이너스 신화１\n
8576a8:79:0	{c:0b}エイナス神話２\n	{c:0b}에이너스 신화２\n
8576a8:80:0	{c:0b}エイナス神話３\n	{c:0b}에이너스 신화３\n
8576a8:81:0	{c:0b}エイナス神話４\n	{c:0b}에이너스 신화４\n
8576a8:82:0	{c:0b}エイナス神話５\n	{c:0b}에이너스 신화５\n
8576a8:83:0	{c:0b}エイナス神話６\n	{c:0b}에이너스 신화６\n
8576a8:84:0	{c:0b}エイナス神話７\n	{c:0b}에이너스 신화７\n
8576a8:85:0	{c:0b}エイナス神話８\n	{c:0b}에이너스 신화８\n
8576a8:92:0	おまえが初めて\nこの教会へ来た時は\n雪の降る静かな夜でした	
8576a8:96:0	あの時のマリアときたら\nそれはもう\n嬉しそうにはしゃいで‥	
8576a8:96:1	マリア‥\n今ごろどうしているのか‥	
8582d4:2:0	いらっしゃいませ～	어서 오세요～
8582d4:3:0	買い物なら\nカウンターごしに\n話しかけてね	
8582d4:4:0	お買いものですか\n何になさいます？	쇼핑하시나요\n무엇으로 하시겠어요？
8582d4:5:0	買い物だったら\nカウンター越しに\n話しかけてね	물건을 사려면\n카운터 너머로\n말을 걸어 줘
8582d4:21:0	うちの品揃えは\n都の武器屋にも\n負けないよ！	우리 가게 물건은\n도성의 무기점에도\n안 뒤진다고！
8582d4:31:0	かってに\nうろついちゃダメだよ	멋대로\n돌아다니면 안 돼
8582d4:32:0	いらっしゃい\n何にいたします？	어서 와\n뭘로 할래？
8582d4:100:0	{c:07}武器屋のあんちゃん\n{c:0f}	{c:07}무기점 형씨\n{c:0f}
8582d4:100:1	うちの品揃えは\n都の武器屋にも\n負けないよ！	우리 가게 물건은\n도성의 무기점에도\n안 뒤진다고！
8582d4:100:2	何を買ってくれるんだい？	뭘 사 줄 거야？
8582d4:100:3	は１つ\n	은(는) １개에\n
8582d4:100:4	ルクソルです\n	
8582d4:100:5	いくつ買うんだい？	몇 개 살 거야？
8582d4:100:6	お金が足りないよ	돈이 모자라
8582d4:100:7	ありがとね\n他の品も見てみてよ	고마워\n다른 물건도 봐 봐
8582d4:100:8	それ以上は持てないよ	더는 못 들어
8582d4:100:9	なにを\n売ってくれる？	뭘\n팔아 줄 거야？
8582d4:100:10	売れる物が\n無いみたいだけど？	팔 수 있는 물건이\n없는 것 같은데？
8582d4:100:11	を\nいくつ売りますか？	을(를)\n몇 개 파시겠어요？
8582d4:100:12	ありがとね	고마워
8582d4:100:13	他に何を売るんだい？	또 뭘 팔 거야？
8582d4:100:14	持ち金が一杯のようだね	가진 돈이 꽉 찬 것 같네
8582d4:100:15	いつでものぞいてよね	언제든 들러
8582d4:101:0	{c:07}防具屋のねえちゃん\n{c:0f}	{c:07}방어구점 누나\n{c:0f}
8582d4:101:1	お買いものですか\n何になさいます？	쇼핑하시나요\n무엇으로 하시겠어요？
8582d4:101:2	何をお求めになりますか？	무엇을 찾으시나요？
8582d4:101:3	は１つ\n	은(는) １개에\n
8582d4:101:4	ルクソルです\n	
8582d4:101:5	いくつ買いますか？	몇 개 사시겠어요？
8582d4:101:6	‥‥？\nお金が\n足りないようですけど‥	‥‥？\n돈이\n모자라신 것 같은데요‥
8582d4:101:7	ありがとうございます\n他には‥いかがですか？	감사합니다\n다른 건‥ 어떠세요？
8582d4:101:8	珍しい‥‥\nお客様の選ばれた品は\n持ちきれないようですわ	어머나‥‥\n손님이 고르신 물건은\n더 들 수 없으신 것 같네요
8582d4:101:9	なにを\n売って下さいますか？	무엇을\n팔아 주시겠어요？
8582d4:101:10	売れる物が\n無いみたいですけど？	팔 수 있는 물건이\n없으신 것 같은데요？
8582d4:101:11	を\nいくつ売りますか？	을(를)\n몇 개 파시겠어요？
8582d4:101:12	ありがとうございます	감사합니다
8582d4:101:13	他に何を売りますか？	그 밖에 무엇을 파시겠어요？
8582d4:101:14	‥‥？\nお金が\n足りないようですけど‥	‥‥？\n돈이\n모자라신 것 같은데요‥
8582d4:101:15	またいらしてくださいね	또 들러 주세요
8582d4:102:0	{c:07}道具屋のにいちゃん\n{c:0f}	{c:07}도구점 형\n{c:0f}
8582d4:102:1	いらっしゃい\n何にいたします？	어서 와\n뭘로 할래？
8582d4:102:2	何をお求めになりますか？	무엇을 찾으시나요？
8582d4:102:3	は１つ\n	은(는) １개에\n
8582d4:102:4	ルクソルです\n	
8582d4:102:5	いくつ買いますか？	몇 개 사시겠어요？
8582d4:102:6	お金を\n払ってくれないと‥‥	돈을\n내 주지 않으면‥‥
8582d4:102:7	ありがとさん\n他に必要なものは？	고맙수\n그 밖에 필요한 건？
8582d4:102:8	それ以上は持てないよ	더는 못 들어
8582d4:102:9	どれを売りますか？	어느 걸 팔 거야？
8582d4:102:10	売れる物が\n無いみたいですけど？	팔 수 있는 물건이\n없으신 것 같은데요？
8582d4:102:11	を\nいくつ売りますか？	을(를)\n몇 개 파시겠어요？
8582d4:102:12	ありがとう	고마워
8582d4:102:13	なにを\n売ってくれる？	뭘\n팔아 줄 거야？
8582d4:102:14	持ち金が一杯ですね	가진 돈이 꽉 찼네
8582d4:102:15	いつでもどうぞ	언제든 오라고
8588c8:2:0	オルトナッシュに\n惑わされていた人が\nザンゲにきているのよ	
8588c8:2:1	私はお祈りしてあげるわ\n心の内の神様に\n気がつくように	
8588c8:3:0	おまえの成長した姿を\nこの目にすることは\nかなわぬが	
8588c8:3:1	その逞しき力\n清らかな心を\n感じる事はできる	
8588c8:3:2	セイクリッドの名に\n恥じぬ男に\n成長したようだな	
8588c8:4:0	私はこれから先\nこの人の目として\n生きて行くつもりです	
8588c8:4:1	あなたは心配などせず\nさだめに従い使命を\n果たしていらっしゃい	
8588c8:4:2	新たなセイクリッドとして\nそして\n神の子として‥‥	
8588c8:5:0	{c:07}懺悔に来た兄貴\n{c:0f}	
8588c8:5:1	すみませんが\n懺悔のとちゅうなものでして\nお話はのちほど	
8588c8:6:0	{c:07}おばさん\n{c:0f}	{c:07}아주머니\n{c:0f}
8588c8:6:1	あんな宗教に\n惑わされたなんて‥‥	
8588c8:7:0	{c:07}おっさん\n{c:0f}	
8588c8:7:1	あ～～ぁ\nおれもどうかしてたよ！\nまったく‥‥	
8588c8:8:0	{c:0f}子供には必要ない\n旅立つ若者におくる\n冒険者のための本！	{c:0f}어린애한테는 필요 없다\n길을 떠나는 젊은이에게 보내는\n모험가를 위한 책！
8588c8:52:0	{c:0f}一般の冒険者は‥ただ歩く\n歩いて敵と戦い‥また歩く\n本当の冒険も知らないで‥‥	{c:0f}보통 모험가는‥ 그저 걷는다\n걸어서 적과 싸우고‥ 또 걷는다\n진짜 모험도 모른 채‥‥
8588c8:53:0	{c:0f}ナゾを知るには注意深くなれ！\nカベや床のちょっとした違いが\n分かるようになれば一人前だ！	{c:0f}수수께끼를 알려면 주의 깊어져라！\n벽이나 바닥의 사소한 차이를\n알아챌 수 있게 되면 한 사람 몫이다！
8588c8:54:0	{c:0f}お金（ルクソル）は大切に使え！\n持ってるだけ全て使ってしまう者はいつも貧乏することになるだろう	{c:0f}돈(룩솔)은 소중히 써라！\n가진 만큼 다 써 버리는 자는 늘 가난하게 살게 될 것이다
8588c8:55:0	{c:0f}町を出る前には回復薬を\n５～１０個　持っておくと良い\n必ず役に立つことがあるはずだ	{c:0f}마을을 나서기 전에는 회복약을\n５～１０개　가지고 있으면 좋다\n반드시 쓸모가 있을 것이다
8588c8:56:0	{c:0f}僧侶や魔法使いのように\n魔法の使い手を志す者は\n子供のうちに本を読んでおくこと	{c:0f}승려나 마법사처럼\n마법을 다루는 자가 되려는 자는\n어릴 때 책을 읽어 둘 것
8588c8:57:0	{c:0f}魔法を唱えるには　呪文書と\nこの世を形作る元素ホリクス\nそして魔法の才能が必要である	{c:0f}마법을 외우려면　주문서와\n이 세상을 이루는 원소 호릭스\n그리고 마법의 재능이 필요하다
8588c8:58:0	{c:0f}戦いは冷静であることを心がける\n自分の戦い方が身につくまで\n単調な選択はさけ色々ためすこと	{c:0f}싸움에서는 냉정함을 유지하라\n자신의 싸움 방식이 몸에 밸 때까지\n단조로운 선택은 피하고 이것저것 시험할 것
8588c8:59:0	{c:0f}エイナス（ＡＮＥＡＲＴＨ）世界は五振りの霊剣によって顕現されし\n五元のホリクスの力で創造された	{c:0f}에이너스(ＡＮＥＡＲＴＨ) 세계는 다섯 자루의 영검으로 현현된\n오원(五元)의 호릭스의 힘으로 창조되었다
8588c8:60:0	{c:0f}地の霊剣たる巨剣アッシャーは\n伝説の巨人ガイアスをして\n{01:0738}{03:0038}の神とした	{c:0f}땅의 영검인 거검 아셔는\n전설의 거인 가이아스를\n{01:0738}{03:0038}의 신으로 삼았다
8588c8:61:0	{c:0f}水の霊剣{03:005f}{01:075f}は\n精霊の長ポツレスをして\n{01:0739}{03:0039}の神とした	{c:0f}물의 영검 {03:005f}{01:075f}는\n정령의 우두머리 포츠레스를\n{01:0739}{03:0039}의 신으로 삼았다
8588c8:62:0	{c:0f}火の霊剣たる皇剣ティルトリテラは冥界の皇ビラグリスをして\n{01:073a}{03:003a}の神とした	{c:0f}불의 영검인 황검 티르트리테라는 명계의 황제 비라그리스를\n{01:073a}{03:003a}의 신으로 삼았다
8588c8:63:0	{c:0f}風の霊剣{03:0060}{01:0760}は\n人の勇者ラザレスをして\n{01:073b}{03:003b}の神とした	{c:0f}바람의 영검 {03:0060}{01:0760}는\n인간 용사 라자레스를\n{01:073b}{03:003b}의 신으로 삼았다
8588c8:64:0	{c:0f}空の霊剣たる聖剣ファルトラルは\n龍神トゥルケスをして\n{01:073c}{03:003c}の神とした	{c:0f}하늘의 영검인 성검 파르트랄은\n용신 투르케스를\n{01:073c}{03:003c}의 신으로 삼았다
8588c8:65:0	{c:0f}古代イシュメリア時代\n五元の神をまつる神殿が\n世界の至る所に創られたといわれる	{c:0f}고대 이슈메리아 시대\n오원의 신을 모시는 신전이\n세계 곳곳에 세워졌다고 전해진다
8588c8:66:0	{c:0f}隆盛をほこった古代イシュメリアも一千年前に現れた滅びの獣によって終えんをむかえた	{c:0f}융성을 자랑하던 고대 이슈메리아도 일천 년 전에 나타난 멸망의 짐승에 의해 종말을 맞이했다
858ee4:47:0	{c:0b}ＭＯＮＥＹ\n{c:0f}２ルクソルを手に入れた	{c:0b}ＭＯＮＥＹ\n{c:0f}２룩솔을 손에 넣었다
858ee4:55:0	{c:0b}ＭＯＮＥＹ\n{c:0f}４ルクソルを手に入れた	{c:0b}ＭＯＮＥＹ\n{c:0f}４룩솔을 손에 넣었다
858ee4:54:0	{c:0b}ＴＯＯＬ\n{01:072b}{03:002b}{c:0f}を手に入れた	{c:0b}ＴＯＯＬ\n{01:072b}{03:002b}{c:0f}을(를) 손에 넣었다
858ee4:72:0	{c:0b}ＭＯＮＥＹ\n{c:0f}５ルクソルを手に入れた	{c:0b}ＭＯＮＥＹ\n{c:0f}５룩솔을 손에 넣었다
858ee4:73:0	{c:0b}ＭＯＮＥＹ\n{c:0f}１０ルクソルを手に入れた	{c:0b}ＭＯＮＥＹ\n{c:0f}１０룩솔을 손에 넣었다
8dcce4:16:0	{c:07}聖なる光\n{c:0f}	{c:07}성스러운 빛\n{c:0f}
8dcce4:17:0	{c:07}ユピトの神父\n{c:0f}	
8dcce4:19:0	{c:07}おじいさん\n{c:0f}	{c:07}할아버지\n{c:0f}
8dcce4:20:0	{c:07}おばあさん\n{c:0f}	
8dcce4:21:0	{c:07}おばさん\n{c:0f}	{c:07}아주머니\n{c:0f}
8dcce4:22:0	{c:07}おねえさん\n{c:0f}	{c:07}아가씨\n{c:0f}
8dcce4:23:0	{c:07}おじさん\n{c:0f}	
8dcce4:24:0	{c:07}旅人\n{c:0f}	
8dcce4:25:0	{c:07}老婆剣士オルガ\n{c:0f}	
8dcce4:26:0	{c:07}おんなの子\n{c:0f}	
8dcce4:27:0	{c:07}宿屋の主人\n{c:0f}	
8dcce4:28:0	{c:07}マロアから来た商人\n{c:0f}	
8dcce4:29:0	{c:07}ウパウパ\n{c:0f}	
8dcce4:41:0	{c:0b}ＬＯＣＫＥＤ\n{c:0f}鍵が、かかっていて開かない！	{c:0b}ＬＯＣＫＥＤ\n{c:0f}자물쇠가 잠겨 있어서 열리지 않는다！
8dcce4:49:0	{c:0b}ＦＡＩＬＥＤ\n{c:0f}解錠に失敗した！	{c:0b}ＦＡＩＬＥＤ\n{c:0f}자물쇠 따기에 실패했다！
8dcce4:50:0	{c:0b}ＢＲＯＫＥＮ\n{c:0f}{01:0707}{03:0007}が壊れた！	{c:0b}ＢＲＯＫＥＮ\n{c:0f}{01:0707}{03:0007}이(가) 부서졌다！
8dcce4:51:0	{c:0b}ＵＮＬＯＣＫ\n{c:0f}扉の錠を開いた！	{c:0b}ＵＮＬＯＣＫ\n{c:0f}문의 자물쇠를 열었다！
8dcce4:58:0	　　　　ユピトの村	
8dcce4:68:0	{c:0b}ＢＯＯＫ\n{c:0f}本を手にとって開いた	{c:0b}ＢＯＯＫ\n{c:0f}책을 집어 들고 펼쳤다
8dcce4:86:0	{c:0b}ＴＲＥＡＳＵＲＥ\n{01:0708}{03:0008}{c:0f}を手に入れた！	{c:0b}ＴＲＥＡＳＵＲＥ\n{01:0708}{03:0008}{c:0f}을(를) 손에 넣었다！
8dcce4:92:0	　　　ユピト装具店	
8dcce4:93:0	　　　ユピト道具店	
8dcce4:94:0	　　　ユピトの教会	
8dcce4:96:0	　　旅の宿ヌクヌク亭	
8dcce4:97:0	　　　ユピトの民家	
8dcce4:98:0	　　　おばあさんの家	
8dcce4:99:0	　　　　オルガの家	
8dd3b4:2:0	あなたの声を\n私に聞かせて‥‥ファウ	당신의 목소리를\n내게 들려줘요‥‥ 파우
8dd3b4:5:0	ありゃ‥ごめんよッ	
8dd3b4:5:1	おや？　よく見りゃ\nまだ子供じゃないか\n理由ありな顔して‥‥	
8dd3b4:5:2	話を聞いてやりたいけど\nウランタヤの森に\n急用があってね	
8dd3b4:5:3	気が向いたら\nウーリクーリの集落へ\nおいで	
8dd3b4:5:4	金以外のことなら\n相談に乗ってやるよ	
8dd3b4:6:0	{c:0b}ＮＯＴＥ\n{c:0f}ウーリクーリからの手紙	
8dd3b4:6:1	おるがどの！\nたいへんたいへん！\nまこうのひみつさぐりに\nにんげんどもたくさんきて‥‥	
8dd3b4:6:2	わたしたちことわった\nさいきん{c:0b}かっこんどう\n{c:07}まくびい{c:0f}すみついた\nむらおそうおおきなはち	
8dd3b4:6:3	おねがい\nたすけはやくくるくる\n\n{c:07}　　　　　　　　　　　　サトライ	
8dd3b4:8:0	{c:0b}ＴＯＯＬ\n{01:0724}{03:0024}{c:0f}を手に入れた！	
8dd3b4:14:0	お店で品物を買いたいなら\nまず金塊や宝石を売って\nお金に換えないといけませんよ	
8dd3b4:32:0	ぼくウパウパ\nウランタヤに住んでる\nウーリクーリの子供	
8dd3b4:32:1	長老さまのお使いで\nオルガさんに\n手紙持てきた	
8dd3b4:32:2	オルガさんいない\nウパウパ悲しい‥‥	
8dd3b4:33:0	いらっしゃい\nお泊まりは\n１０ルクソルになります	
8dd3b4:33:1	払う　　払わない	
8dd3b4:34:0	‥お客さん\nお金が足りません‥	
8dd3b4:35:0	{c:0b}ＲＥＣＯＶＥＲＹ\n{c:0f}パーティー全員の体力が回復した！	
8dd3b4:35:1	またどうぞ	
8dd3b4:36:0	‥また、おこしください	
8dda1c:2:0	ここはユピトの村\n神父様が‥だらしないので有名なの	
8dda1c:2:1	村の外れに住んでるオルガさんと\n同じくらい\nだらしないそうよ	
8dda1c:3:0	変な人たちがいっぱいきたの\n教会に入っていったけど\nしゅぐ出て行っちゃった	
8dda1c:3:1	神父しゃまが\nしゅごくいいかげんだから\nあきれて帰っちゃったんでしゅ！	
8dda1c:7:0	山さ越えると広い森に出るだよ\nウランタヤって大きな木が\nはえていた森だ	
8dda1c:7:1	今は枯れちまって\n根っこしか残ってないらしいけどよ	
8dda1c:11:0	かわいらしい\n	
8dda1c:11:1	ラッツ（盗人）さんじゃな	
8dda1c:55:0	フォクシー（魔法使い）さんじゃな	
8dda1c:56:0	スラスター（剣士）さんじゃな	
8dda1c:58:0	このボウズに\n聞きたいことでもおありかな？	
8dda1c:15:0	お祈り　話を聞く	
8dda1c:54:0	感心な子じゃ！\nじゃあ‥お祈りしてやろう	
8dda1c:54:1	１０ルクソルじゃ！！	
8dda1c:54:2	は　いいいえ	예　　아니오
8dda1c:60:0	ええ～っと‥‥祈りの言葉は‥‥‥	
8dda1c:60:1	まあ‥適当で良かろう	
8dda1c:60:2	ごほうびにホリクスの力を\n回復してやろう	
8dda1c:60:3	{c:0b}ＳＵＰＰＬＹ\n{c:0f}ホリクスの力を回復してもらった	
8dda1c:57:0	すこ～し前に\nオルトナッシュの布教団が来てな	
8dda1c:57:1	わしが説教してやったら\nシッポまいて逃げていきおったわい情けないやつらじゃ！	
8dda1c:21:0	ホリクスは\n魔法に必要なだけあれば充分じゃよ	
8dda1c:20:0	オルガ婆さんの家には\n行ってみたかね？	
8dda1c:20:1	あそこには\n何か秘密がありそうな気がして\nならんのじゃよ	
8dda1c:16:0	セイクリッド（聖職者）さんじゃな	
8dda1c:16:1	王都の大聖堂へ行きなさるなら\nお祈りのひとつもできたほうが\n良かろう	
8dda1c:16:2	わしが教えてしんぜようか？	
8dda1c:16:3	は　いいいえ	예　　아니오
8dda1c:59:0	残念じゃのぉ‥‥	
8dda1c:17:0	ええ～っと‥‥祈りの言葉は‥‥‥なんじゃったっけ？\nまあ良かろう	
8dda1c:17:1	{c:0b}ＢＡＴＴＬＥ　ＡＢＩＬＩＴＹ\n{c:07}戦闘コマンド「祈る」{c:0f}を授かった！	
8dda1c:17:2	ずっと先でしか必要ないじゃろうが{c:0b}レムレス{c:0f}とかいうモンスターには\n物理攻撃がきかんらしいからな	
8dda1c:17:3	気をつけなされ	
8dda1c:18:0	ああ‥‥あのお客さん\n泊めるんじゃなかったよ	
8dda1c:18:1	へたくそな歌を\n一日中‥聞かされ続けて\n頭がおかしくなりそうだ‥‥	
8dda1c:22:0	ル～ルルルッルルッルッルル～	
8dda1c:22:1	ウリテクスは知～っているぅ\n隠されしぃ聖像の秘密を～ぉ\nその真の意味を～～～うぉううぉう	
8dda1c:24:0	教会の書庫には鍵がかかってるの\nあそこの神父が\n何か隠してるのよ‥絶対ッ！	
8dda1c:27:0	ウーリクーリという種族を\n知ってなさるかの？	
8dda1c:27:1	は　いいいえ	예　　아니오
8dda1c:31:0	あのチッコイ連中は\n森を守って暮らしておるんじゃよ	
8dda1c:31:1	聖なる小竜ウリテクスを\n崇拝しておるそうじゃ	
8dda1c:32:0	ウランタヤの森に住んでおる\n小さな種族を知らんのかい？	
8dda1c:33:0	この村の神父ときたら\nお祈り一つできやしないんだから\n困ったもんだよ	
8dda1c:35:0	しくしくしく‥‥\n近頃の若い子は\nヒドイことするもんだねえ	
8dda1c:36:0	ベッドで休むやめておく　	
8dda1c:40:0	{c:0b}ＲＥＣＯＶＥＲＹ\n{c:0f}パーティー全員の体力が回復した！	
8dda1c:41:0	{c:07}『我が剣に敵なし！\n　我が美ぼうに敵なし！』\n\n　　ツヴァイフィスト伝承者オルガ	
8dda1c:42:0	{c:07}　『戦いの身支度は\n　　当店にておそろえください』\n{c:0f}　一度‥のぞいてみてください\n{c:07}　　　　　　　－ユピト装具店－	
8dda1c:43:0	　『傷薬からバクダンまで‥‥\n　　きっとご満足いただけます』\n{c:0f}　アルバイト募集中！\n{c:07}　　　　　　　－ユピト道具店－	
8dda1c:44:0	{c:07}　『旅の疲れもスッキリとれる\n　　ふかふかのベッドをご用意！』{c:0f}　女連れの方も大歓迎！\n{c:07}　　　　　－旅の宿ヌクヌク亭－	
8dda1c:45:0	{c:0b}ＩＬＬＩＴＥＲＡＴＥ\n{c:0f}{name:0f00}は字が読めない！	
8dda1c:46:0	こッ‥これは‥‥ッ！！！\nムフフな本ではあ～りませんか！？	
8dda1c:47:0	{c:0b}勇者ラザレス３\n{c:0f}一千年の時を経て\n滅びの獣がよみがえる時\n勇者ラザレスも目覚めるであろう	
8dda1c:48:0	{c:0b}勇者ラザレス２\n{c:0f}滅びの獣との戦いで傷を負い\nいずことも知れぬ風ヴァユの神殿でラザレスは眠りについた	
8dda1c:49:0	{c:0b}勇者ラザレス１\n{c:0f}魔剣アヴァタークに選ばれし\n風ヴァユの神‥勇者ラザレスは\n滅びの獣を討ち果たした	
8dda1c:50:0	{c:0b}よくわかる魔法２\n{c:0f}ＩＮＴＥＬＬＩＧＥＮＣＥと\nＭＡＧＩＣ・ＰＯＷＥＲで\n魔法の威力が決定される	
8dda1c:51:0	{c:0b}剣士の心得\n{c:0f}攻撃力は武器によって決定される\nＳＴＲＥＮＧＴＨ（筋力）は\n武器攻撃の命中率に影響する	
8dda1c:52:0	{c:0b}すばらしき盗人\n{c:0f}ＡＧＩＬＩＴＹ（すばやさ）は\n戦闘中の行動速度や\n武器攻撃の命中／回避率に影響する	
8dda1c:53:0	{c:0b}ホリクスとは‥\n{c:0f}ホリクスは魔法の源だ\nその力が失われて来たときには\n早めに休息をとった方が良い	
8de634:3:0	{c:0b}ＳＥＣＲＥＴ\n{c:0f}隠された紙切れを見つけた！	
8de634:3:1	読む　　読まない	
8de634:4:0	{c:0b}ＳＩＲＥＳＴ\n{c:07}シレスト山麓{c:0f}の位置が書かれていた	
8de634:5:0	{c:0b}ＲＵＳＴＹ　ＮＡＢＥ\n{c:07}さびたナベ{c:0f}には何も入ってない！	
8de634:7:0	相手に与えるダメージは\n武器の\n攻撃力で決まるのさ	
8de634:21:0	うちの品揃えは\n都の武器屋にも\n負けないよ！	우리 가게 물건은\n도성의 무기점에도\n안 뒤진다고！
8de634:22:0	{c:07}武具屋のあんちゃん\n{c:0f}	
8de634:23:0	{c:07}道具屋のにいちゃん\n{c:0f}	{c:07}도구점 형\n{c:0f}
8de634:24:0	いらっしゃいませ	어서 오세요
8de634:32:0	それじゃあ\n頼まれてくれるかな	
8de634:32:1	この{01:072d}{03:002d}を\nマロアの宿屋の主人に\n届けてほしいんだ	
8de634:32:2	{c:0b}ＴＯＯＬ\n{01:072d}{03:002d}{c:0f}をあずかった！	
8de634:32:3	じゃ\n気をつけて行っといで	
8de634:33:0	う～ん\n今はとくに\n頼めることがないなぁ	
8de634:34:0	もたもたしないで\n早いとこ届けてくれよ	
8de634:35:0	お使いを\n頼みたいんだけど\n今は無理みたいだなぁ‥	
8de634:36:0	ごくろうさま	
8de634:36:1	{c:0b}ＭＯＮＥＹ\n{c:0f}１００ルクソルを受け取った！	
8de634:36:2	また　よろしく頼むよ！	
8de634:100:0	{c:07}武具屋のあんちゃん\n{c:0f}	
8de634:100:1	うちの品揃えは\n都の武器屋にも\n負けないよ！	우리 가게 물건은\n도성의 무기점에도\n안 뒤진다고！
8de634:100:2	何がほしいんだ？	
8de634:100:3	は１つ\n	은(는) １개에\n
8de634:100:4	ルクソルだよ\n	
8de634:100:5	いくつ買うんだい？	몇 개 살 거야？
8de634:100:6	お金が足りないよ	돈이 모자라
8de634:100:7	ほかには何か？	
8de634:100:8	それ以上は持てないよ	더는 못 들어
8de634:100:9	どれが売りたい？	
8de634:100:10	売れる物が\n無いみたいだけど？	팔 수 있는 물건이\n없는 것 같은데？
8de634:100:11	を\nいくつ売るんだい？	
8de634:100:12	ありがとね	고마워
8de634:100:13	他に何を売るんだい？	또 뭘 팔 거야？
8de634:100:14	持ち金が一杯のようだね	가진 돈이 꽉 찬 것 같네
8de634:100:15	いつでものぞいてよね	언제든 들러
8de634:101:0	{c:07}道具屋のにいちゃん\n{c:0f}	{c:07}도구점 형\n{c:0f}
8de634:101:1	いらっしゃい！\n	
8de634:101:2	何がほしいんだ？	
8de634:101:3	は１つ\n	은(는) １개에\n
8de634:101:4	ルクソルだね\n	
8de634:101:5	いくつ買うんだ？	
8de634:101:6	お金がないよ！	
8de634:101:7	ありがとさん\n他には何か？	
8de634:101:8	もう持てないよ	
8de634:101:9	どれを売りたいんだ？	
8de634:101:10	売れる物が\n無いようだが	
8de634:101:11	を\nいくつ売りたいんだ？	
8de634:101:12	ありがとう	고마워
8de634:101:13	ほかに何を\n売ってくれる？	
8de634:101:14	持ち金が一杯ですね	가진 돈이 꽉 찼네
8de634:101:15	いつでも来てくんな	
977e94:28:0	　　　シレスト山麓	
977e94:12:0	{c:07}マクガイア\n{c:0f}	{c:07}맥과이어\n{c:0f}
9785f0:16:0	あなたの{05:12}声を\n{14:003c000000}{05:09}私に聞かせて‥‥{14:0037000000}{05:06}ファウ	
9785f0:17:0	{c:07}聖なる光\n{c:0f}	{c:07}성스러운 빛\n{c:0f}
9785f0:24:0	{c:0b}ＴＲＥＡＳＵＲＥ\n{01:0716}{03:0016}{c:0f}を手に入れた！	
9785f0:25:0	{c:0b}ＴＲＥＡＳＵＲＥ\n{01:071c}{03:001c}{c:0f}を手に入れた！	
9785f0:26:0	{c:0f}を手に入れた	{c:0f}을(를) 손에 넣었다
9785f0:41:0	{c:0b}ＬＯＣＫＥＤ\n{c:0f}鍵が、かかっていて開かない！	{c:0b}ＬＯＣＫＥＤ\n{c:0f}자물쇠가 잠겨 있어서 열리지 않는다！
9785f0:47:0	{c:0b}ＵＮＡＢＬＥ\n{c:0f}ロブアーティストしか使えない！	
9785f0:49:0	{c:0b}ＦＡＩＬＥＤ\n{c:0f}解錠に失敗した！	{c:0b}ＦＡＩＬＥＤ\n{c:0f}자물쇠 따기에 실패했다！
9785f0:50:0	{c:0b}ＢＲＯＫＥＮ\n{c:0f}{01:0707}{03:0007}が壊れた！	{c:0b}ＢＲＯＫＥＮ\n{c:0f}{01:0707}{03:0007}이(가) 부서졌다！
9785f0:51:0	{c:0b}ＵＮＬＯＣＫ\n{c:0f}扉の錠を開いた！	{c:0b}ＵＮＬＯＣＫ\n{c:0f}문의 자물쇠를 열었다！
9785f0:58:0	{c:0b}ＡＲＭＯＲ\n{01:0771}{03:0071}{c:0f}を手に入れた	
9785f0:64:0	{c:0b}ＡＲＭＯＲ\n{01:077c}{03:007c}{c:0f}を手に入れた	
9785f0:70:0	{c:0b}ＴＯＯＬ\n{01:0723}{03:0023}{c:0f}を手に入れた	
9785f0:76:0	{c:0b}ＴＯＯＬ\n{01:072a}{03:002a}{c:0f}を手に入れた	
9785f0:83:0	{c:0b}ＨＯＬＩＸ\n{01:073f}{03:003f}{c:0f}を手に入れた	
978c94:2:0	{c:07}老婆剣士オルガ\n{c:0f}	
978c94:3:0	きたね‥\n待ってたよ	
978c94:3:1	マクガイアから\nあんたに渡すように\n頼まれた物がある	
978c94:3:2	ここの奥へいって\nそいつを手に入れて来な\n話はそれからだよ	
978c94:4:0	ここの奥に\nあんたに渡す物がある\n行って取って来るんだよ	
978c94:6:0	奥の宝箱に入ってた物は\nあんたの身の上に\n関わる物だそうだ	
978c94:6:1	オルトナッシュの連中が\n何をたくらんでるのかは\nわからない‥‥	
978c94:6:2	‥‥とにかくだ！	
978c94:6:3	今日から‥あたしが\nあんたの師匠だよ\nわかったかい？	
978c94:7:0	お師匠様ババア　	
978c94:8:0	ふんッ‥\nしようがない子だね	
978c94:8:1	マクガイアを助けたきゃ\nあたしに剣を教わるしか\nないだろうに‥‥	
978c94:8:2	ツヴァイフィストの\n奥義を授かりたいとは\n思わないのかい？	
978c94:9:0	いいだろう‥‥	
978c94:9:1	おまえを伝承者と認め\n奥義を授けてやるよ！	
978c94:9:2	よしっ！！\n剣をふってみな	
978c94:9:3	う～ん\nイマイチかねえ‥‥	
978c94:9:4	もう一度やってみな！	
978c94:9:5	よしッ‥もう一度だ！！	
978c94:9:6	フフンッ\nなかなか\nサマになってるよ	
978c94:9:7	今のが飛龍撃！！	
978c94:9:8	斬撃の２倍の威力がある\nツヴァイフィスト剣士の\n必殺技だよ！！	
978c94:9:9	ただしッ！\n命中率が\n半分になっちまうからね	
978c94:9:10	腕に自信がなきゃ\n使えない技さ！	
978c94:9:11	{c:0b}ツヴァイフィスト奥義\n{c:07}飛龍撃{c:0f}を授かった！	
978c94:26:0	ウランタヤの森で\nウーリクーリたちが\n困ってるらしい	
978c94:26:1	あんたが行って\n連中を助けてやんな	
978c94:26:2	気になることがあるんで\nあたしは一足先に\nロスタールの都へ行く	
978c94:26:3	ロスタールの宿屋で\n落ち合うことにしよう	
978c94:26:4	わかったかい？	
978c94:26:5	は　いいいえ	예　　아니오
978c94:14:0	じゃあ‥あたしは\n行くとするよ	
978c94:14:1	‥‥がんばんな！	
978c94:16:0	{c:0b}ツヴァイフィスト奥義\n{c:07}穏行術{c:0f}を身につけた！	
978c94:23:0	{c:0b}ＬＥＴＴＥＲ\n{c:0f}マクガイアからの手紙	
978c94:23:1	困ってるらしいな。\nおまえがこれを読んでるってことは俺の身に何かが起こったんだろう。	
978c94:23:2	どんな事態になったにせよ\nおまえに伝えておかなければ\nならないことがある。\n以下の文面は心して読んでくれ！	
978c94:23:3	おまえは俺の息子じゃない。\n生まれて間もない赤ん坊を\nヤレムの教会前で俺が拾ったんだ。しかも、ただの捨て子じゃなかった	
978c94:23:4	何者かが、\nおまえのことを狙っている。\nオルトナッシュという新しくできた教団らしい。	
978c94:23:5	理由はわからんが、\nおまえの生まれに関わることだろう後の事はオルガ婆さんに頼んでおく少～し、心配だがな。	
978c94:23:6	おまえが捨てられていた時に\nカゴの中に一緒に入っていた物を\n洞窟に保管してある。\n必ず持って行くんだ！	
978c94:23:7	おまえの生まれを知るための\n手がかりになるはずだから。\n\n{c:07}　　　　　　　　　　　マクガイア	
978c94:25:0	オレはマリアさんと二人きりで\n誰にも邪魔されねぇ所に行って来る	
978c94:25:1	まぁ～なんだ\n二人きりの旅行といやぁ\n新婚旅行‥婚前旅行とでも\nいったところだ	
978c94:25:2	いやぁおまえには感謝してるぜ\nこんなに素晴らしい女性に\n巡り会わせてくれたんだからな	
978c94:25:3	それじゃあ‥\n気をつけて行ってくるぜ！\n\n{c:07}　　　　　　　　　　　マクガイア	
979ba4:98:0	{c:07}マクガイア\n{c:0f}	{c:07}맥과이어\n{c:0f}
979ba4:99:0	{c:07}マリア\n{c:0f}	{c:07}마리아\n{c:0f}
979ba4:100:0	ん‥‥！	
979ba4:100:1	ちっ！\n気のきかねえのが\n来やがった	
979ba4:100:2	おまえ何しにきやがった\nやらなきゃいけねえ事が\n残ってるだろうが	
979ba4:100:3	そんなひどい言い方を\nしなくても‥	
979ba4:100:4	いやっ‥ついその‥‥\n	
979ba4:100:5	うんっ‥よくきたなあ！\nハハハ‥‥	
979ba4:104:0	今日はね\nクリームシチューを\n作ってるのよ	
979ba4:104:1	味見してみる？	
979ba4:104:2	　おいしい　おいしくない	
979ba4:101:0	ふふっ‥\nありがとう	
979ba4:102:0	おまえ\nなんて事いいやがる！	
979ba4:102:1	いいのよ‥‥\n今度はおいしく作るわね	
979ba4:103:0	おまえだって\nわからない年じゃないだろ\n少しくらい気ィ使えよ	
979ba4:103:1	オレなら大丈夫だ\nマリアさんがしっかりと\nついててくれるしな	
979ba4:103:2	はっはっはっはっはっ	
979ba4:106:0	あなたは心配などせず\nさだめに従い使命を\n果たしていらっしゃい	
979ba4:107:0	オレなら大丈夫だ\nマリアさんがしっかりと\nついててくれるしな	
979ba4:112:0	あ～あ\nえらいモン\n押しつけられちまったなあ	
979ba4:112:1	男ひとりで\nどうすりゃいいんだよ	
979ba4:112:2	でもなあ‥\nシスターのマリアさん\n美人だったしなあ	
979ba4:112:3	はあ‥\nしょうがねえかぁ	
979ba4:118:0	メシぐらいちゃんと\n食ってくれよなあ‥ったく	
979ba4:118:1	これだからガキは‥‥	
979ba4:118:2	イヤイヤ‥‥\nいったん引き受けたんだ\nガマン‥ガマン‥‥	
979ba4:125:0	いいか体の力を抜いて\nまっすぐ振り下ろすんだ	
979ba4:125:1	よしっ‥いいぞ！\nその調子だ‥‥	
979ba4:130:0	ここには凶暴な\n熊がいるんだ\nぜったいに入るなよ	
979ba4:130:1	いいな	
979ba4:130:2	なんだその目は‥‥？\nウソじゃないぞ	
97a430:13:0	{c:07}聖なる光\n{c:0f}	{c:07}성스러운 빛\n{c:0f}
97a430:34:0	あなたの声を\n私に聞かせて‥‥ファウ	당신의 목소리를\n내게 들려줘요‥‥ 파우
97a64c:41:0	{c:0b}ＬＯＣＫＥＤ\n{c:0f}鍵が、かかっていて開かない！	{c:0b}ＬＯＣＫＥＤ\n{c:0f}자물쇠가 잠겨 있어서 열리지 않는다！
97a64c:60:0	{c:0b}ＴＯＯＬ\n{01:072a}{03:002a}{c:0f}を手に入れた	
97a64c:72:0	{c:0b}ＴＯＯＬ\n{01:0723}{03:0023}{c:0f}を手に入れた	
97a64c:74:0	{c:0b}ＡＲＭＯＲ\n{01:077c}{03:007c}{c:0f}を手に入れた	
97a64c:80:0	{c:0b}ＡＲＭＯＲ\n{01:0771}{03:0071}{c:0f}を手に入れた	
97a64c:82:0	　　　シレスト山麓	
97aad4:53:0	{c:07}ＴＲＥＡＳＵＲＥ\n{c:0f}バトルキャップを手に入れた	
97aad4:150:0	{c:0b}ＨＯＬＩＸ\n{01:0738}{03:0038}{c:0f}を手に入れた！	
97aad4:151:0	{c:0b}ＨＯＬＩＸ\n{01:0739}{03:0039}{c:0f}を手に入れた！	
97aad4:152:0	{c:0b}ＨＯＬＩＸ\n{01:073a}{03:003a}{c:0f}を手に入れた！	
97aad4:153:0	{c:0b}ＨＯＬＩＸ\n{01:073b}{03:003b}{c:0f}を手に入れた！	{c:0b}ＨＯＬＩＸ\n{01:073b}{03:003b}{c:0f}을(를) 손에 넣었다！
97aad4:154:0	{c:0b}ＨＯＬＩＸ\n{01:073c}{03:003c}{c:0f}を手に入れた！	
a0a6d4:0:0	　　　ウランタヤの森	
a0a6d4:4:0	　　　ウランタヤの森	
a0a6d4:56:0	は　いいいえ	예　　아니오
a0a6d4:162:0	ＭＡＰ００	
a0a6d4:188:0	{c:07}老婆剣士オルガ\n{c:0f}	
a0a6d4:191:0	{c:07}ウパウパ\n{c:0f}	
a0a6d4:192:0	{c:07}長老サトライ\n{c:0f}	
a0a6d4:193:0	{c:07}ウーリクーリの男\n{c:0f}	
a0a6d4:194:0	{c:07}ウーリクーリの女\n{c:0f}	
a0a6d4:195:0	{c:07}ウーリクーリの子供\n{c:0f}	
a0a6d4:196:0	{c:07}聖なる光\n{c:0f}	{c:07}성스러운 빛\n{c:0f}
a0a6d4:197:0	{c:07}ヴェストリル\n{c:0f}	{c:07}베스트릴\n{c:0f}
a0af88:2:0	助けて！\nマクビー襲ってくる！	
a0af88:11:0	助けてくれて\nありがとう	
a0af88:11:1	ウパウパ‥お願いある！\nウーリクーリの村へ\nきてほしい！	
a0af88:11:2	ここから\nウーリクーリの村へいく	
a0af88:11:3	ウパウパ‥\n先に行って待ってる！	
a0af88:14:0	おお‥\nウパウパを助けていただいたそうでありがとうございます	
a0af88:14:1	どうぞ‥おかけになって\n私たちの話を聞いてくだされ	
a0af88:23:0	私はサトライ\nこの森に住むウーリクーリの長を\nつとめております	
a0af88:23:1	実は‥最近になってマクビーが\nこの森の奥にすみつき\n私たちを苦しめているのです	
a0af88:23:2	どうかお願いいたします\nマクビーを退治して\nいただけませんでしょうか？	
a0af88:25:0	そこをなんとか\nまげてお願いできませぬか？\n私たちを助けてくだされ	
a0af88:26:0	おお‥ありがたい\nなにとぞ\nマクビーを退治してくだされ	
a0af88:26:1	それでは‥オルガ殿も\nよろしくお願いいたしますぞ	
a0af88:26:2	ああ‥まかせときな	
a0af88:27:0	ウパウパも一緒に行く！\nマクビーやっつける！	
a0af88:27:1	バカを言うでない！\nおまえなど‥たちどころに\n殺されてしまうぞ！	
a0af88:27:2	へいきへいき！\nウパウパがんばる！	
a0af88:27:3	ダメだっ！\nおまえは家の中に入ってなさい！	
a0af88:27:4	大変だあ～！\nサトライ様‥大変だあ！	
a0af88:27:5	マクビーが襲ってきたあ！	
a0af88:27:6	さっそく\nおいでなすったね！	
a0af88:27:7	それじゃあ\n気合い入れて行くよ！	
a0af88:27:8	ＳＷＯＲＤ　ＭＡＳＴＥＲ\n{c:0f}老婆剣士オルガが仲間に加わった	
a0af88:28:0	これは一大事！\nささ‥家の中へ急いでくだされ！	
a0af88:29:0	ありがとうございました\nこれで我々も安心して\nくらすことができます	
a0af88:29:1	オルガ殿‥‥	
a0af88:41:0	{name:0f00}殿‥‥	
a0af88:41:1	ウーリクーリは\n勇者の名を語りつぎ\n決して忘れることはないでしょう	
a0af88:41:2	ごちそうを用意しました\n今夜はゆっくりと\nおくつろぎくだされ	
a0af88:41:3	ウーリクーリのもてなしを受け\n{name:0f00}は\n楽しい一夜をすごした‥‥	
a0b788:11:0	ウーリクーリ\nとても困ってる\nお願い‥助けて	
a0b788:21:0	村の東側から\nウランタヤの枯根洞に\n行ける	
a0b788:22:0	ウランタヤの森ぬけると\nマロアの港町にいける\n大きな船がつく港町	
a0b788:22:1	でも悪いこと起こってる\nみんな困ってる\nとっても悪いこと！	
a0b788:23:0	ロスタールでかった薬！\n{name:0f00}\n持ってく！	
a0b788:23:1	ＴＯＯＬ\n{c:0f}{01:0729}{03:0029}をもらった！	
a0b788:24:0	{name:0f00}\nがんばる！\nウパウパおうえんする！	
a0b788:32:0	ささ‥イスに腰かけられて\n私たちの話を聞いてくだされ	
a0b788:41:0	あやつらも家の中までは\n襲ってきません\nここにいれば安心ですじゃ	
a0b788:41:1	じいちゃん弱虫ぃッ！	
a0b788:41:2	ウパウパ戦う！\nマクビーこわくない！	
a0b788:41:3	こ‥これッ\n待ちなさいッ‥ウパウパ！	
a0b788:42:0	なんてことですじゃ\nお願いします\nウパウパを連れ戻してきてくだされ	
a0b788:43:0	本当にありがとうございました	
a0b788:44:0	これはこれは‥\n{name:0f00}殿！	
a0b788:44:1	ウパウパをロスタールへ\n使いにやらせたのですが\n伝言は聞いていただけましたかな？	
a0b788:45:0	聖なる小竜ウリテクスは\n我らウーリクーリの守り神！	
a0b788:45:1	必ずや‥{name:0f00}殿を\n助けてくれましょうぞ！！	
a0b788:46:0	聖なる小竜ウリテクスが\n{name:0f00}殿に\nベゴリアンの島へ向かえと‥‥	
a0b788:46:1	‥‥わかりました	
a0b788:46:2	島の位置は\n我らウーリクーリの秘密ですじゃが他ならぬ{name:0f00}殿の頼み	
a0b788:46:3	喜んでお教えしましょう！！	
a0b788:46:4	ＢＥＧＯＬＩＡＮ\n{c:0f}ベゴリアンの島の位置を教わった！	
a0b788:47:0	{name:0f00}殿！\nベゴリアンは凶暴な亜人種ですじゃ	
a0b788:47:1	じゅうぶんに気をつけてくだされ！	
a0b788:48:0	ところで‥\n{name:0f00}殿	
a0b788:48:1	ウパウパを知りませぬか？\nまだ‥帰ってきませんのですじゃ	
a0b788:49:0	ウパウパを知りませぬか？\n使いに出たきり\nまだ帰ってきませんのじゃ	
a0b788:50:0	ユーソミルの町を陸沿いに抜けた先大きな滝の中に\n水神ポツレスの神殿がありますじゃ	
a0b788:56:0	この森で何やら\n良からぬことが\n起こっているらしいねえ	
a0b788:61:0	おや‥ほんとに\n来ちゃったのかい？	
a0b788:61:1	ふふん‥いいだろう\nこの件に協力するなら\nお前の話も聞いてやるよ	
a0b788:62:0	わかってる‥‥\nひとりじゃ\n心細いってんだろ？	
a0b788:62:1	あたしも\nオルトナッシュの奴らに\n関わり合いがあってね	
a0b788:62:2	一緒に\n付いて行ってやるよ	
a0b788:71:0	い～た～～～～い！たいたいたい！もりで‥マクビー‥‥おそわれた\nきのみ‥あつめてただけなのに‥‥	
a0b788:76:0	ウパウパたすけたもりのみち‥‥\nあそこからにしへ‥みなみへいく\nにんげんのおっきなまちがある！	
a0b788:81:0	そらをおおう‥おおきなき\nウランタヤとよばれた‥おおきなきかれて‥ねっこだけのこってる	
a0b788:86:0	ドクハライの薬草	
a0b788:86:1	５つと\n{03:0026}{03:0027}{03:0028}を１つずつ！\nウーリクーリのしってるクスリ！	
a0b788:91:0	こことおる‥だめだめ\nちょうろうサトライ‥ゆるさない	
a0b788:96:0	ウパウパ‥そといった\nとめたのに‥そといった\nあぶない‥あぶない！	
a0b788:97:0	かっこんどう！\nもうなにもない！\nあんしんあんしん！！	
a0b788:101:0	ウパウパ‥くわしい\nウランタヤの　かっこんどう\nマクビー‥くるまえ‥あそんでた！	
a0b788:106:0	これあげる！！	
a0b788:106:1	ＴＲＥＡＳＵＲＥ\n{c:0f}{01:071a}{03:001a}をもらった！	
a0b788:107:0	ふしぎなコイン！\nもってると　しあわせになる！	
a0b788:111:0	ローブのにんげん\nサトライたずねてきた\nなにかさがして‥たずねてきた	
a0b788:111:1	ローブのにんげん‥ほしがる\nサトライ‥ことわった\n‥‥マクビーあらわれた！	
a0b788:116:0	これ‥‥\nマクビーたいじしてくれたおれい！	
a0b788:116:1	ＴＲＥＡＳＵＲＥ\n{c:0f}{01:0717}{03:0017}をもらった！	
a0b788:117:0	うみのどこか\nベゴリアンのすむしまある	
a0b788:117:1	おおむかし‥たからかくされ\nしまのいちサトライだけしってる！	
a0c058:0:0	あなたの声を\n私に聞かせて‥‥ファウ	당신의 목소리를\n내게 들려줘요‥‥ 파우
a0c058:2:0	あなたの声を\n私に聞かせて‥‥ファウ	당신의 목소리를\n내게 들려줘요‥‥ 파우
a0c058:25:0	ＩＴＥＭ　ＯＶＥＲ\n{c:0f}それ以上持てません	
a0c058:60:0	ＴＯＯＬ\n{c:0f}	
a0c058:60:1	手に入れた！	
a0c058:101:0	ＨＯＬＩＸ\n{c:0f}{01:0738}{03:0038}を手に入れた！	
a0c058:102:0	ＨＯＬＩＸ\n{c:0f}{01:0739}{03:0039}を手に入れた！	
a0c058:103:0	ＨＯＬＩＸ\n{c:0f}{01:073a}{03:003a}を手に入れた！	
a0c058:104:0	ＨＯＬＩＸ\n{c:0f}{01:073b}{03:003b}を手に入れた！	
a0c058:105:0	ＨＯＬＩＸ\n{c:0f}{01:073c}{03:003c}を手に入れた！	
a0c45c:11:0	よくきてくれた\nあなたにこれあげる\nマクビーたおしてくれたおれい	
a0c45c:11:1	ＴＯＯＬ\n{c:0f}	
a0c45c:11:2	もらった！	
a0c45c:12:0	くきく\nマクビーに刺されたところ\nもうすっかりよくなった	
a0c45c:12:1	マクビーに刺されるとは\n{14:0128000000}{05:06}それは{14:0132000000}{05:07}厄日ぃ{14:011e000000}{05:06}でしたね‥	
a0c45c:29:0	{c:0b}ＲＥＣＯＶＥＲＹ\n{c:0f}パーティー全員の体力が回復した！	
a0c45c:51:0	きんぎょ\n{c:0f}	
a0c45c:51:1	タスケテクレヨゥ\nコノママジャシンジャウヨゥ	
a0c45c:101:0	きんぎょ\n{c:0f}	
a0c45c:101:1	イヂワルゥ	
a0c45c:101:2	きんぎょ\n{c:0f}	
a0c45c:101:3	オマエナンカ、コウダゥ！	
a0c45c:102:0	きんぎょ\n{c:0f}	
a0c45c:102:1	アリガトウゥ	
a0c45c:102:2	きんぎょ\n{c:0f}	
a0c45c:102:3	タスカッタヨゥ\nオレイニコレヲアゲルゥ	
a0c45c:102:4	ＴＲＥＡＳＵＲＥ\n{c:0f}{01:0719}{03:0019}をもらった！	
a0c45c:102:5	ＴＲＩＮＫＥＴ\n{c:0f}{01:078e}{03:008e}をもらった！	
aa1c64:2:0	　　　　　枯根洞	
aa1c64:181:0	{c:07}老婆剣士オルガ\n{c:0f}	
aa1c64:191:0	{c:07}ウパウパ\n{c:0f}	
aa1c64:192:0	{c:07}聖なる光\n{c:0f}	{c:07}성스러운 빛\n{c:0f}
aa2184:36:0	さあて‥‥\nかたはついたけど\nどうやって帰ろうかね	
aa2184:36:1	上からロープでも\nふってこないことには\n地上に戻れないよ	
aa2184:36:2	‥‥おや？	
aa2184:36:3	あっひゃ～あ\nこいつはおどろいた！	
aa2184:36:4	こんなことが\nあるのかねえ‥‥	
aa2184:32:0	ウパウパ！\n助けにきた！	
aa2184:32:1	早く早く\nあがってくるくる！	
aa2184:32:2	なんとまあ‥‥\nあの子に助けられるとは\n思いもしなかったよ	
aa2184:32:3	よしッ\n行くとしよう！	
aa2184:37:0	ウパウパ\nここ‥かくれてた！	
aa2184:37:1	じいちゃん心配してる？\nウパウパ悪い子\n村帰る‥だいじょうぶ！	
aa2184:37:2	あっ	
aa2184:37:3	気をつける！\nこの通路‥右行く\n穴抜けた先！	
aa2184:37:4	おっきなマクビー\nいるいる！	
aa2184:51:0	マクビーどもの\n親玉の所へ行くには\nここを通るしかない	
aa2184:51:1	後戻りはできないからね\n準備におこたりがないか\nよく確かめときな	
aa2184:52:0	穴の底から\nおぞましい息づかいが聞こえてくるここから先は後戻りできない‥‥\nそんな予感がした	
aa26f8:9:0	{c:0b}ＲＥＣＯＶＥＲＹ\n{c:0f}パーティー全員の体力が回復した！	
aa26f8:10:0	あなたの声を\n私に聞かせて‥‥ファウ	당신의 목소리를\n내게 들려줘요‥‥ 파우
aa26f8:35:0	ＩＴＥＭ　ＯＶＥＲ\n{c:0f}それ以上持てません	
aa26f8:65:0	ＴＲＥＡＳＵＲＥ\n{c:0f}{01:0716}{03:0016}を手に入れた！	
aa26f8:151:0	ＴＲＥＡＳＵＲＥ\n{c:0f}{01:071a}{03:001a}を手に入れた！	
aa26f8:152:0	ＨＯＬＩＸ\n{c:0f}{01:0738}{03:0038}を手に入れた！	
aa26f8:153:0	ＨＯＬＩＸ\n{c:0f}{01:0739}{03:0039}を手に入れた！	
aa26f8:154:0	ＨＯＬＩＸ\n{c:0f}{01:073a}{03:003a}を手に入れた！	
aa26f8:155:0	ＨＯＬＩＸ\n{c:0f}{01:073b}{03:003b}を手に入れた！	
aa26f8:156:0	ＨＯＬＩＸ\n{c:0f}{01:073c}{03:003c}を手に入れた！	
aa26f8:157:0	ＴＯＯＬ\n{c:0f}{01:0723}{03:0023}を手に入れた！	
aa26f8:158:0	ＴＯＯＬ\n{c:0f}	
aa26f8:158:1	手に入れた！	
b56b00:10:0	は　いいいえ	예　　아니오
b56b00:52:0	{c:07}カシム\n{c:0f}	{c:07}카심\n{c:0f}
b56b00:102:0	{c:07}ナーシャ\n{c:0f}	{c:07}나샤\n{c:0f}
b56b00:103:0	{c:07}オルガ\n{c:0f}	{c:07}올가\n{c:0f}
b56b00:104:0	{c:07}ヴェストリル\n{c:0f}	{c:07}베스트릴\n{c:0f}
b56b00:105:0	{c:07}シスターマリア\n{c:0f}	{c:07}시스터 마리아\n{c:0f}
b56b00:106:0	{c:07}聖なる光\n{c:0f}	{c:07}성스러운 빛\n{c:0f}
b56b00:107:0	{c:07}武器屋のあんちゃん\n{c:0f}	{c:07}무기점 형씨\n{c:0f}
b56b00:108:0	{c:07}防具屋のねえちゃん\n{c:0f}	{c:07}방어구점 누나\n{c:0f}
b56b00:109:0	{c:07}道具屋のにいちゃん\n{c:0f}	{c:07}도구점 형\n{c:0f}
b56b00:110:0	{c:07}お姉さん\n{c:0f}	{c:07}아가씨\n{c:0f}
b56b00:111:0	{c:07}お兄さん\n{c:0f}	{c:07}오빠\n{c:0f}
b56b00:112:0	{c:07}おじさん\n{c:0f}	
b56b00:113:0	{c:07}ノビスナージュ\n{c:0f}	
b56b00:114:0	{c:07}おばさん\n{c:0f}	{c:07}아주머니\n{c:0f}
b56b00:115:0	{c:07}マロアの修道僧\n{c:0f}	
b56b00:116:0	{c:07}マロアの司祭\n{c:0f}	
b56b00:117:0	{c:07}商船の船長\n{c:0f}	
b56b00:118:0	{c:07}派手な化粧のお姉さん\n{c:0f}	
b56b00:119:0	{c:07}商船の水夫\n{c:0f}	
b56b00:120:0	{c:07}宿屋の主人\n{c:0f}	
b56b00:121:0	{c:07}旅の詩人\n{c:0f}	
b56b00:122:0	{c:07}宿屋の客\n{c:0f}	{c:07}여관 손님\n{c:0f}
b56b00:123:0	{c:07}マロアの町の商人\n{c:0f}	
b56b00:124:0	{c:07}税関の役人\n{c:0f}	
b56b00:125:0	{c:07}酒場の客\n{c:0f}	
b56b00:126:0	あなたの声を\n私に聞かせて‥‥ファウ	당신의 목소리를\n내게 들려줘요‥‥ 파우
b56b00:128:0	{c:0b}ＴＲＥＡＳＵＲＥ\n{c:0f}{01:0710}{03:0010}を手に入れた！	
b56b00:131:0	{c:0b}ＣＡＵＴＩＯＮ\n{c:0f}アイテムがいっぱいで持てない！	
b56b00:185:0	{c:0b}ＢＯＯＫ\n{c:0f}本を手にとって開いた	{c:0b}ＢＯＯＫ\n{c:0f}책을 집어 들고 펼쳤다
b57010:3:0	この館への立ち入りは\n信者以外禁止されております	
b57010:3:1	信者の証　{01:0715}{03:0015}を\n持っていない方は\nお通しできませんぞ	
b57010:6:0	これは‥失礼しました	
b57010:7:0	{c:0b}ＮＯＴＩＣＥ\n{c:0f}ドアに張り紙が張ってある！	
b57010:7:1	売り家\n１００，０００ルクソルで\nこの家をお売りします\n{c:07}　　　　　　　　　マロアの商人	
b57010:8:0	こんなことになってしまって\nこの世紀末に滅びの獣が\n復活することを信じる人もいるのよ	
b57010:9:0	昔‥祖父に聞いたんです	
b57010:9:1	海賊島には洞窟があって\nたくさんの財宝が隠されてるって！	
b57010:10:0	お祈りして救われるとは思えないが他に手のうちようもないからねえ	
b57010:11:0	この町は古代王国の遺跡の上に\n建てられたとか‥‥	
b57010:12:0	もうじき商船が港に着くんだ\nこの町を出て\nロスタールの都へでも行こうかなあ	
b57010:13:0	ユピトの村の道具屋で\n薬を届けるように頼まれたんだけど自分で使っちゃったんだ	
b57010:14:0	河の流れはこんなにキレイなのに\nあんな怪物がすみついちゃ\nこの町もおしまいね	
b57010:15:0	きれいな川の流れるこの町が\n私は大好きなの！	
b57010:16:0	唯一の救いがいなくなっちまった\nこの町はいったい\nどうなってしまうんだ	
b57010:120:0	あいつらが言うには\nオルトナッシュとか言う宗教を\n信じれば町が救われるらしい	
b57010:17:0	売りに出された領主の住んでいた家何かがありそうですな	
b57010:18:0	さっき出てきた綺麗な人も\n奴らの仲間なのかなぁ	
b57010:121:0	なんだか‥あやしい連中だよね	
b57010:19:0	船があればね～	
b57010:19:1	自由に海を渡れるのにね～	
b57010:19:2	海には島がたくさんあるよね～	
b57010:19:3	いろんな冒険が待ってそうだね～	
b57010:20:0	あの人たち大きな船で\n慌てて出ていったけど\nいったいどうしたのかしら‥‥	
b57010:122:0	オルトナッシュに入信しないかってさそわれてるのよ\nどうしようかしら‥‥	
b57010:21:0	やっぱり聖教がイチバンだね	
b57010:22:0	信ずる者は救われる‥‥‥‥	
b57010:23:0	聖教など信じてもムダだ‥‥\nオルトナッシュの教祖\nヴェルメッサ様だけが救い主なのだ	
b57010:24:0	井戸の底で何かが動いてるんだ\nザワザワって音も聞こえて\nすごく気味悪いんだ	
b57010:25:0	タトゥータと同じ時期に現れて\nタトゥータと一緒に居なくなった\nオルトナッシュって怪しいよね	
b57010:26:0	あの大ムカデは\nタトゥータと呼ばれています	
b57010:27:0	この先はたいへん危険です\n十分に注意なさってください	
b57010:28:0	タトゥータは水辺が好きらしく\nここまでは上がってこないのです	
b57010:29:0	地下水路の鍵は\nヴェストリル様が\n持ってゆかれました	
b57010:30:0	がないと\n地下水路へは入れません	
b57010:31:0	大変なときにやってきたものね\n地下水路に化け物が出て\nマロアの町は大さわぎなのよ	
b57010:32:0	{name:0f00}様の名前は\nマロアを救った勇者として\n都でも評判でしょう	
b57010:33:0	地下水路から化け物が出てきて\n家に帰れないのよ	
b57010:34:0	町が平和になって安心したわ	
b57010:35:0	武器を買って戦うべきか\nすごく悩んでいるのだよ\nどう思うかね‥君は？	
b57010:36:0	領主の館だった家が\nとんでもない値段で売りに出てるねあれじゃあ暴利もいいとこだよ	
b57010:37:0	町の地下水路に\nタトゥータと呼ばれる大ムカデが\nすみついたのです	
b57010:38:0	セイクリッドは\nすばらしい魔法の使い手であると\n同時に有能な戦士でもあります	
b57010:38:1	魔法にばかり気を取られることなく棍の経験も積ませてください	
b57010:39:0	タトゥータに追い出された人々を\n教会にかくまっているのです	
b57010:40:0	ロスタールの教会では\n献金で貢献度を高められるとか‥‥	
b57010:41:0	タトゥータがいなくなったら\nオルトナッシュの信者達も\n消えてしまいました	
b57010:42:0	どこかで{01:079a}{03:009a}を見つけて\n地下水路にもどってくると\n良いことがありますよ	
b57010:43:0	もうしばらくすれば\n王都からセイクリッドの\nヴェストリル殿が来てくれます	
b57010:43:1	教会の聖戦士がこの町を\n救ってくださることでしょう	
b57010:44:0	{name:0f00}殿が\n十分な経験をつんでおられるなら\nお願いしたきことがあるのですが‥	
b57010:45:0	王都の大司教様から\nセイクリッドのヴェストリル殿が\n派遣されてきました	
b57010:45:1	あの方は町を救うために\n単身‥地下水路へ\n入っていかれたのです	
b57010:46:0	地下水路に住み着いたタトゥータを退治しなければ\nこの町はおしまいです	
b57010:47:0	少し前に港へ船が着いたようです\n都へ行かれるのでしたら\nあれに乗せてもらうといいでしょう	
b57010:48:0	が\n必要なのですね	
b57010:48:1	わかりました\n{01:070f}{03:000f}を\n私が保証人として発行しましょう	
b57010:48:2	{c:0b}ＴＲＥＡＳＵＲＥ\n{c:0f}{01:070f}{03:000f}を受け取った！	
b57010:119:0	神のご加護があらんことを‥‥	
b57010:49:0	ひさしぶりの港だと喜んでりゃ\nとんだ化け物騒ぎがあったらしいな	
b57010:49:1	へえ！　そうなのかい\nあんたたちが化け物退治をねえ\nそりゃあ　たいしたもんだ	
b57010:49:2	もうしばらくしたら\n出航するつもりだから\nよかったら乗せてってやるぜ	
b57010:50:0	ほら　早く税関へ行って\nオレが酒場で呼んでたって\n役人を連れ出してきてくれ	
b57010:51:0	もう少しすれば\n大型の商船がここの港に着くのよ	
b57010:51:1	海の男たちがこの店に\nい～っぱい\nお金を落としていくんだから！	
b57010:52:0	キャハッ！\n船乗りは気前がいいから大好きよ！ついていっちゃおうかしら	
b57010:53:0	よろしく　お願いね	
b57010:56:0	オルテス海に浮かぶ\n真の男がつどう島を知ってるかい？	
b57010:56:1	は　いいいえ	예　　아니오
b57010:57:0	そうともッ！\n俺たちこそ　本物の男だ！！	
b57010:58:0	一度いってみることを　すすめるねそりゃあ　楽しいところだぜ	
b57010:62:0	おおっ\nクスリを届けてくれたのか\nごくろうさん	
b57010:62:1	{c:0b}ＴＲＥＡＳＵＲＥ\n{01:0712}{03:0012}{c:0f}を受け取った！	
b57010:62:2	ユピトの道具屋によろしくな	
b57010:63:0	１０ルクソルになるけど\n泊まってくかい？	
b57010:129:0	泊まる　やめとく	
b57010:64:0	そうかい\nじゃ、またな	
b57010:65:0	{c:0b}ＲＥＣＯＶＥＲＹ\n{c:0f}パーティー全員の体力が回復した！	
b57010:67:0	また、よろしくな	
b57010:68:0	金が足りねえよ！	
b57010:69:0	ラララ～　いつの頃からか‥‥\n本物の海の男は　海賊と呼ばれ～ェ貧弱～ぅな奴らで　港はあふれた～	
b57010:70:0	海賊のアジトになっている島が\nどこかにあるらしい	
b57010:71:0	王都ロスタールの大聖堂から\n勇者ラザレスの聖像が\n盗まれたそうですね	
b57010:72:0	{c:07}商人のおかみさん\n{c:0f}	
b57010:73:0	金塊や宝石でしたら\nここで買い取ってさしあげますわ	
b57010:73:1	買ってもらう売る気はない	
b57010:74:0	うちの主人は２Ｆで物思いに\nふけっていますの	
b57010:199:0	　　３００\n{03:0017}{01:0f17}　　　　５５０\n{03:0018}{01:0f18}　　　　８００\n{03:0019}{01:0f19}　　　　　１０００	
b57010:81:0	ほほほ‥‥ごじょうだんを\nお持ちになっていない物は\n買い取れませんでしょ？	
b57010:86:0	ありがとうございます\n他にもございますか？	
b57010:87:0	いらっしゃいませ	어서 오세요
b57010:87:1	００個	
b57010:90:0	ブツブツブツ‥‥	
b57010:91:0	クックククク‥‥	
b57010:92:0	神‥‥悪魔‥‥剣‥‥勇者‥‥	
b57010:93:0	我‥知る‥‥我‥滅っす‥‥	
b57010:94:0	すばらしき‥生‥‥命‥死‥‥	
b57010:95:0	都の強欲商人コンラットには\n気をつけることですな～あ	
b57010:95:1	この町の領主は遊びすぎて\nばく大な借金を\nかかえてしまったんですな～あ	
b57010:95:2	で　私が領主の館を買い取って\n借金を肩代わりしたんですな～あ	
b57010:96:0	この世のどこかにあるという\n{01:071f}{03:001f}‥‥\n一度は手にしてみたい宝ですな～あ	
b57010:97:0	１００，０００ルクソルは\nくだらない値打ちがありますな～あ	
b57010:100:0	な‥なんと！！\n{01:071f}{03:001f}を\nお持ちなんですな～あ！	
b57010:100:1	と\n領主が住んでいた	
b57010:100:2	ぜひとも\n交換していただけませんかな～あ	
b57010:100:3	残念ですな～あ	
b57010:101:0	{c:0b}ＴＲＥＡＳＵＲＥ\n{01:071f}{03:001f}{c:0f}を手渡した！	
b57010:101:1	ありがとうございます‥な～あ	
b57010:101:2	では‥{01:0711}{03:0011}を\nお渡ししましょうな～あ	
b57010:101:3	{c:0b}ＴＲＥＡＳＵＲＥ\n{01:0711}{03:0011}{c:0f}を受け取った！	
b57010:102:0	ユーソミルの町は\nオルトナッシュの信者なら\n出入りが自由らしいですな～あ	
b57010:103:0	これで\n領主が住んでいた屋敷は\nあなたのモノですな～あ	
b57010:104:0	タトゥータのせいで\n船なんか来やしませんよ\n海賊でも大歓迎ってとこですかね	
b57010:105:0	あんたたち‥‥\nいま港についてる船に乗ろうなんて思っちゃいけないよ	
b57010:105:1	ここだけの話‥‥\nありゃあ海賊に間違いないからね！	
b57010:106:0	あははは‥‥	
b57010:106:1	いやあ‥‥\n一杯おごってもらった上に\nチップまでもらっちゃって‥‥	
b57010:106:2	あの船長は　すばらしい人ですなあ	
b57010:106:3	一時でも　あの方を海賊だなどと\n思った私がバカでしたよ	
b57010:110:0	ちょっとちょっと‥‥	
b57010:110:1	がないと\nここは通れないよ！	
b57010:111:0	本来なら{01:070f}{03:000f}は\nこの町の領主様が\n発行するんだけどね‥‥	
b57010:111:1	そうだなあ‥‥	
b57010:111:2	神父様にでも相談してみなさい\n町を救ったあんたのことだ\n何とかしてくれるよ　きっと！	
b57010:114:0	は\nお持ちですね？\nでは‥お通りください	
b57010:116:0	町を救った勇者にカンパーイッ！！	
b58614:2:0	ヤロウどもッ！	
b58614:2:1	ひさしぶりの陸（おか）だ！\n遠りょはいらねえ\nジャンジャンやってくれ！	
b58614:2:2	ちょっと‥ちょっとッ	
b58614:2:3	ん‥どうした？	
b58614:2:4	‥‥ガラの悪い言葉つかってると\n正体がばれちゃうでしょ‥‥！？	
b58614:2:5	ふむ‥それもそうか‥‥	
b58614:2:6	え～ッ　諸君！\nまあ　ほどほどに楽しみまなてぃ	
b58614:2:7	‥‥？	
b58614:2:8	チッ　舌かむかと思ったぜ	
b58614:2:9	まあ　いいや\nそんじゃあ　始めてくれ！	
b58614:7:0	ありがとうございました\nあなた達のおかげで\n町は救われました	
b58614:7:1	さあ‥みなさん\nもう自分の家に帰っても\nだいじょうぶですよ	
b58614:7:2	ほんとに　ありがとね\nあんた達は神様のお使いだよ	
b58614:7:3	少し前　港に船が着いたようです\n都へ行かれるのでしたら\nあれに乗せてもらうといいでしょう	
b58614:14:0	大聖堂から盗まれたって\n聖像に海賊の連中が\n関わってるかもね	
b58614:14:1	あんたも聖職の身なら\n聖像を\n取り返しちゃどうだい？	
b58614:14:2	そのためにも\n海賊島へ行くべきだと\nあたしは思うんだけどね	
b58614:17:0	私は　海賊島へ\nいかなければならない	
b58614:18:0	海賊島だって！？\n坊さんのくせに\n何でまたそんなとこへ？	
b58614:19:0	都の大聖堂から\n聖像が盗まれたのは\n知っていよう	
b58614:19:1	私がこの地へおもむいた\n真の理由は　その聖像を\n探すことにあるのだ	
b58614:20:0	なるほど‥海賊どもが\n聖像を盗んだってんだね	
b58614:20:1	いや‥\nその可能性があるだけだ	
b58614:21:0	海賊たちが\n聖像を盗んだという\n確信があるわけではない	
b58614:22:0	だが‥ひょっとして\nなにか手がかりが\nつかめるかもしれない	
b58614:23:0	どうだろう\n私と共に海賊島へ\n行ってはもらえまいか？	
b58614:24:0	あたしゃかまわないけど\n‥‥どうする？	
b58614:25:0	行　　く行かない	
b58614:54:0	そうか‥‥\nしかたあるまいな	
b58614:27:0	ちょ‥ちょいとお待ちよ	
b58614:27:1	一緒に戦った仲間だろ？\n少しくらい\n協力しておやりよ！	
b58614:27:2	えッ　どうなんだい！？	
b58614:28:0	行きましょう絶対やだッ！	
b58614:29:0	ああ　そうかい！\nこのッ　分からず屋！\nもう勝手にしな！！	
b58614:32:0	よしッ\nそうと決まったら\n手を考えないとね	
b58614:33:0	かたじけない	
b58614:36:0	もう一度お願いする\n私と共に海賊島へ\n行ってはもらえまいか？	
b58614:37:0	行　　く行かない	
b58614:38:0	そうか‥‥\nしかたあるまいな	
b58614:39:0	かたじけない	
b58614:40:0	まっとくれぇ～！！	
b58614:40:1	はあ‥はあ‥はあ‥‥\nひどいじゃないか\nあたしも行くよ！	
b58614:90:0	なんだ？\nなにか用でもあるのか？	
b58614:92:0	海賊島へ行きたい　いえ‥失礼しました	
b58614:93:0	さっさと出ていきやがれッ！	
b58614:94:0	なにッ　海賊島だとぉッ！？	
b58614:94:1	おめえ‥いったい‥‥\nオ‥オレが海賊だって\nどうしてわかったんだあッ！？	
b58614:94:2	ん‥どうした？	
b58614:94:3	ちょっと‥こっちこっち‥‥！	
b58614:94:4	なんだあ‥‥？	
b58614:94:5	‥‥ごにょごにょ‥‥ごにょ‥‥	
b58614:94:6	ふむ‥ふむふむ‥‥ふむふむふむ	
b58614:94:7	‥‥なるほどッ！\nそいつはいい考えじゃねえか！	
b58614:94:8	よしッ！\nオレの船で海賊島まで\n連れていってやろう	
b58614:94:9	ただしッ　条件がある！\nオレの頼みを　ひとつ引き受けると約束してくれるか？	
b58614:95:0	は　いいいえ	예　　아니오
b58614:96:0	それじゃあダメだな\n海賊島へ行きたいんだろ？\n何とか考え直してくれよ	
b58614:97:0	そうかッ！　ありがたい！！\nで　頼みというのはだなあ‥‥	
b58614:97:1	実は‥‥\n税関の役人をちょいと外へ\n連れ出してもらいたいんだ	
b58614:97:2	そうッ　オレが酒場に来てほしいと言ってたとか伝えてくれればいい\nなっ　簡単なことだろ？	
b58614:97:3	じゃあ　よろしくたのんだぜ	
b58614:48:0	え！？\n商船の船長が私を呼んでるって？	
b58614:48:1	そいつは急がないと！\nせっかく入港してくれた船なのに\n船長のごきげんを損ねちゃ大変だ！	
b58614:48:2	ちょっと　すまないけど\n私が戻ってくるまで\nここを見ててください	
b58614:52:0	ちょいと失礼ッ！	
b58614:52:1	ささっ　急いでくださいよ\n役人が帰ってくる前に\nここを抜けちまわないと‥‥	
b58614:52:2	ええ‥わかってるわ	
b58614:52:3	ごくろうさま\nあなたのおかげで本当に助かったわ	
b58614:52:4	ほらほら‥‥\n急いで急いでッ！！	
b58614:52:5	はいはい	
b58614:52:6	それじゃあ\nまたあとで　お会いしましょうね	
b58614:52:7	どうも　ありがとでした	
b58614:51:0	おうッ{name:0f00}！	
b58614:51:1	良くやってくれたな\n心から礼を言わせてもらうぜ	
b58614:51:2	あの役人め\n税関は　町を救った英雄が\n見張ってくれてるから安心だってよ	
b58614:51:3	がははは‥‥ッ！\nバカな野郎だぜ	
b58614:51:4	それじゃあ　約束どおり\n海賊島まで乗せてってやるからよ\n先に港へ行ってるぜ	
b5959c:3:0	いけない‥ワナよ！\n逃げて‥‥！！	
b5959c:3:1	マリアーーッ！！	
b5959c:3:2	ヴェストリル！！	
b5959c:3:3	マリア‥捜したぞ！	
b5959c:3:4	面白くなってきたね‥‥\n腕がなるよ！	
b5959c:3:5	ほらッ\nさっさと行きな！	
b5959c:4:0	マ‥マリア‥‥	
b5959c:4:1	あんた\nそんな傷で‥‥	
b5959c:4:2	逃がしゃしないよッ！	
b5959c:4:3	くる‥な‥\n追って‥くる‥なら	
b5959c:4:4	ちっ‥	
b5959c:4:5	ああ‥わかったよ‥\n好きにしな！	
b5959c:4:6	‥‥くッ‥マリア‥	
b5959c:4:7	私は奴らの後を追う\nおまえはこの町を\nタトゥータから守れ	
b5959c:4:8	神の導きあらば\nまた会える日も来よう	
b5959c:4:9	さらばだ	
b5959c:124:0	あっ‥	
b5959c:124:1	コちゃんだあ	
b5959c:125:0	おや‥猫じゃないか‥‥	
b5959c:126:0	ちょっとよろしいですか？	
b5959c:129:0	なにすんのよぅ	
b5959c:130:0	持ちわりィ～\nババアの悲鳴\n聞いちまった‥‥	
b5959c:130:1	‥驚いちゃったよ	
b5959c:131:0	に驚き{14:013c000000}{05:0c}キャット言う	
b5959c:131:1	かたじけない	
b59ebc:180:0	ＦＬＤ２０ＦＬＤ２１ＦＬＤ２２	
b5a438:4:0	よおっ　来たな\n待ってたぜ	
b5a438:4:1	おまえさえ良ければ\nいつでも出航できるように\n準備ができてるぜ	
b5a438:22:0	出航する出なおす	
b5a438:23:0	そうかい\nじゃあ　準備ができたら\nここへ戻ってきてくれ	
b5a438:24:0	よぉしッ　いいだろう\n海賊島へ向けて出発だッ！！	
b5a438:20:0	この船に乗っていくのね\nワクワクしちゃうわ！	
b5a438:21:0	帰った帰った！\n誰も船に近づけるなって\n船長の命令なんだ！	
b5a438:25:0	船長が\n宿屋の酒場で待ってるそうですよ	
b5a438:26:0	が\n領主の館にあったはずなんだな\n‥‥ひっく	
b5a438:27:0	この町の領主の館は\nオルトなんとかって宗教の連中に\n乗っ取られちまったんだ	
b5a438:28:0	大聖堂から聖像が盗まれたとかで\n都は大騒ぎだってよ\nいい気味だぜ！	
b5a438:29:0	酒だ　酒だぁーっ！\nやっぱ　港は最高だぜ！	
b5a438:30:0	化け物に占領されちまって\nこちとら商売あがったりだよ	
b5a438:31:0	タトゥータから逃げていた人たちもやっと家に帰れたそうだね	
b5a438:89:0	魔法はすごく強力なんだな	
b5a438:89:1	でも‥使いすぎると\nホリクスが足りなくなって\n苦労するんだな	
b5a438:89:2	でも‥使わないと\n魔力は成長しないんだな	
b5a438:90:0	{c:07}『潮騒が心地よい目覚めをお約束\n　安心してお休みいただけます！』{c:0f}　極上の酒を御用意いたしました\n{c:07}　　　　　－海の宿スイグン亭－	
b5a438:91:0	{c:07}『太刀筋のサエも剣しだい\n　信頼の攻撃力！』\n{c:0f}　きっとご満足いただけます\n{c:07}　　　　－マロアの武器専門店－	
b5a438:92:0	{c:07}『ハイセンスでハイグレード\n　よろいは男の身だしなみ！』\n{c:0f}　あなたの生命をお守りします\n{c:07}　　　　－マロアの防具専門店－	
b5a438:93:0	{c:07}　『日頃のそなえが\n　　旅の安全を保障します』\n{c:0f}　町一番の品ぞろえ！\n{c:07}　　　　－マロアの道具専門店－	
b5a438:94:0	{c:0b}ＮＯＴＩＣＥ\n{c:0f}ドアに張り紙が張ってある！	
b5a438:94:1	{c:08}　『危険！！\n　　関係者以外の立ち入りを禁ず』\n{c:0f}\n{c:07}　　　　－マロアの道具専門店－	
b5a438:95:0	{c:0b}大樹ウランタヤ\n{c:0f}聖なる小竜ウリテクスの住処だった\nかの大樹は　滅びの獣の邪気を浴び\n朽ち果ててしまった	
b5a438:99:0	{c:0b}海賊の島\n{c:0f}太古の時代から\n海賊たちが根城にしている謎の島\n多くの財宝が隠されているらしい	
b5a438:100:0	{c:0b}ＤＩＡＲＹ\n{c:0f}領主の日記を開いた！	
b5a438:100:1	『私はだまされた\n都の強欲商人コンラットのやつは\n例の宗教団の手先だったのだ\nもはや私は死ぬしかない	
b5a438:100:2	私の愛したこのマロアの港町が\nやつらの好きにされてしまうのだ\nせめてもう一度‥町を一望できる\nあの塔にのぼって‥‥』	
b5a438:101:0	{c:0b}ＬＩＳＴ\n{c:0f}オルトナッシュの信者名簿を開いた	
b5a438:101:1	『一般信者ノビスナージュの登録後\n上級信者センティストへ昇格のため\n救世の祈り本部オルティス宮にて\nレクチャーを行うこと‥‥』	
b5a438:102:0	{c:0b}マロアの港町\n{c:0f}『町の中央を流れる古き川と共に\n発展してきたマロアの町は\n太古の遺跡の上に建てられた』	
b5a438:103:0	{c:0b}聖剣の伝説\n{c:0f}古代イシュメリア時代に鍛えられた\nイーテルの魔法剣{01:075d}{03:005d}\n不死の者を浄化し悪しき者を滅する	
b5a438:104:0	{c:0b}ＬＥＤＧＥＲ\n{c:0f}売り上げ台帳を開いた！	
b5a438:108:0	『オルトナッシュ様よりの販売依頼\n元領主の館をできるだけ高値にて』\n‥‥と書かれている	
b5a438:105:0	『オルトナッシュ様\n抵当に入った領主の館お買いあげ』\n‥‥と書かれている	
b5a438:106:0	{c:0b}うまい金の儲け方\n{c:0f}鉱山などでは金塊や宝石などが\n何度も手に入る場所があるらしい\n見つけた所はチェックしておくこと	
b5a438:107:0	{c:0b}人造生物フュラギル\n{c:0f}この大海原のどこかに\n未知の生物が住む島があるという\n古代の宝を守る人造生物の島が‥‥	
b5a438:140:0	{name:0b00}{c:0b}に関する報告書\n{c:0f}我らに刃向かう者についての\n戦闘データをここにまとめる\n本書を熟読し教敵を排除すること	
b5a438:141:0	{c:07}『射つ』{c:07}について\n{c:07}『ためる』{c:07}について\n{c:07}『狙う』{c:07}について\n	
b5a438:142:0	{c:07}『穏行術』{c:07}について\n	
b5a438:143:0	{c:07}射つ\n{c:0f}後方の者への攻撃も可能な弓の攻撃威力が弱いため行動速度をあげ\n連続使用を基本にすると推測される	
b5a438:144:0	{c:07}ためる\n{c:0f}攻撃力を高める法のようだが\nこのような物を必要とする理由に\n攻撃力の不足が考えられる	
b5a438:145:0	{c:07}狙う\n{c:0f}威力は『射つ』と同程度だが\n命中率を上げているらしく\n敏捷性を誇る者への対処と考察	
b5a438:146:0	{c:07}穏行術\n{c:0f}単純に敏捷性を高める術のようだが\n早い時点で使用は\nこちらの展開にかなり不利と見る	
b5a438:147:0	{c:07}『杖』{c:07}について\n{c:07}『集中』{c:07}について\n{c:07}『魔法』{c:07}について\n	
b5a438:151:0	{c:07}『練気法』{c:07}について\n	
b5a438:152:0	{c:07}杖\n{c:0f}使用者自身の能力に関係なく\n魔力を帯びた装備品によって\n魔法効果を生み出す法と推察した	
b5a438:153:0	{c:07}集中\n{c:0f}魔法攻撃力を高める法のようだが\n魔法の乱用を控えホリクスの消費を\n抑える意図も見られる	
b5a438:154:0	{c:07}魔法\n{01:04a0}{03:00a0}{c:0f}に代表される\n攻撃を主体とした魔法を使用する\n熟練された魔法は広範囲に及ぶ	
b5a438:155:0	{c:07}練気法\n{c:0f}術の効果の詳細は不明だが\n基礎魔法力を高める術と思われる\n『集中』との併用には要注意	
b5a438:156:0	{c:07}『斬撃』{c:07}について\n	
b5a438:166:0	{c:07}『飛龍撃』{c:07}について\n	
b5a438:167:0	{c:07}『虎乱』{c:07}について\n	
b5a438:161:0	{c:07}『烈風刃』{c:07}について\n	
b5a438:162:0	{c:07}斬撃\n{c:0f}頻繁に使用される剣の攻撃\n前線の者のみを攻撃対象とし\n安定した威力を持つ	
b5a438:163:0	{c:07}飛龍撃\n{c:0f}大打撃を狙って使用される大業\n命中率に致命的欠陥があるようだが\n充分な注意が必要である	
b5a438:164:0	{c:07}虎乱\n{c:0f}上級剣技の１つのようだが\n多人数を相手にするためか\n威力が分散される傾向が見られた	
b5a438:165:0	{c:07}烈風刃\n{c:0f}遠隔攻撃を行う唯一の剣技\n高い威力を持った真空波は\n確実に目標を捕らえるようだ	
b5a438:168:0	{c:07}『正打棍』{c:07}について\n{c:07}『牙突棍』{c:07}について\n{c:07}『魔法』{c:07}について\n	
b5a438:171:0	{c:07}『祈る』{c:07}について\n	
b5a438:172:0	{c:07}正打棍\n{c:0f}広範囲の敵を狙う事ができ\n鍛錬の次第では前線を張って\n使用する可能性がありそうだ	
b5a438:173:0	{c:07}牙突棍\n{c:0f}必ず命中するが威力は低く\n正打棍では捉えきらない目標に対し使用されると思われる	
b5a438:174:0	{c:07}魔法\n{c:0f}治癒魔法や攻撃補助の魔法など\n味方の援護に徹した魔法を用いる\n{01:049d}{03:009d}がその主である	
b5a438:175:0	{c:07}祈る\n{c:0f}複数の霊体を一度に\n消し去る力があるようだが\n実体への効果は見られなかった	
b5b508:4:0	　　　マロアの港町	
b5b508:211:0	　　マロアの武器専門店	
b5b508:212:0	　　マロアの防具専門店	
b5b508:213:0	　　マロアの道具専門店	
b5b508:214:0	マロアの民家	
b5b508:215:0	　　　　商人の屋敷	
b5b508:217:0	　　海の宿スイグン亭	
b5b508:90:0	　　　マロアの教会	
b5b508:222:0	　　　元領主の屋敷	
b5b508:224:0	　　　マロアの税関　　　　	
b5b508:226:0	マロアの民家	
b5b508:227:0	　　倉庫	
b5b508:143:0	　　　マロアの港町	
b5bea4:4:0	{c:07}防具屋のねえちゃん\n{c:0f}	{c:07}방어구점 누나\n{c:0f}
b5bea4:4:1	お買いものですか\n何になさいます？	쇼핑하시나요\n무엇으로 하시겠어요？
b5bea4:4:2	何をお求めになりますか？	무엇을 찾으시나요？
b5bea4:4:3	は１つ\n	은(는) １개에\n
b5bea4:4:4	ルクソルです。\n	룩솔입니다.\n
b5bea4:4:5	いくつ買いますか？	몇 개 사시겠어요？
b5bea4:4:6	‥‥？\nお金が\n足りないようですけど‥	‥‥？\n돈이\n모자라신 것 같은데요‥
b5bea4:4:7	ありがとうございます\n他には‥いかがですか？	감사합니다\n다른 건‥ 어떠세요？
b5bea4:4:8	珍しい‥‥\nお客様の選ばれた品は\n持ちきれないようですわ	어머나‥‥\n손님이 고르신 물건은\n더 들 수 없으신 것 같네요
b5bea4:4:9	なにを\n売って下さいますか？	무엇을\n팔아 주시겠어요？
b5bea4:4:10	売れる物が\n無いみたいですけど？	팔 수 있는 물건이\n없으신 것 같은데요？
b5bea4:4:11	を\nいくつ売りますか？	을(를)\n몇 개 파시겠어요？
b5bea4:4:12	ありがとうございます	감사합니다
b5bea4:4:13	他に何を売りますか？	그 밖에 무엇을 파시겠어요？
b5bea4:4:14	‥‥？\nお金が\n足りないようですけど‥	‥‥？\n돈이\n모자라신 것 같은데요‥
b5bea4:4:15	またいらしてくださいね	또 들러 주세요
b5bea4:5:0	{c:07}武器屋のあんちゃん\n{c:0f}	{c:07}무기점 형씨\n{c:0f}
b5bea4:5:1	うちの品揃えは\n都の武器屋にも\n負けないよ！	우리 가게 물건은\n도성의 무기점에도\n안 뒤진다고！
b5bea4:5:2	何を買ってくれるんだい？	뭘 사 줄 거야？
b5bea4:5:3	は１つ\n	은(는) １개에\n
b5bea4:5:4	ルクソルです。\n	룩솔입니다.\n
b5bea4:5:5	いくつ買うんだい？	몇 개 살 거야？
b5bea4:5:6	お金が足りないよ	돈이 모자라
b5bea4:5:7	ありがとね\n他の品も見てみてよ	고마워\n다른 물건도 봐 봐
b5bea4:5:8	それ以上は持てないよ	더는 못 들어
b5bea4:5:9	なにを\n売ってくれる？	뭘\n팔아 줄 거야？
b5bea4:5:10	売れる物が\n無いみたいだけど？	팔 수 있는 물건이\n없는 것 같은데？
b5bea4:5:11	を\nいくつ売りますか？	을(를)\n몇 개 파시겠어요？
b5bea4:5:12	ありがとね	고마워
b5bea4:5:13	他に何を売るんだい？	또 뭘 팔 거야？
b5bea4:5:14	持ち金が一杯のようだね	가진 돈이 꽉 찬 것 같네
b5bea4:5:15	いつでものぞいてよね	언제든 들러
b5bea4:6:0	{c:07}道具屋のにいちゃん\n{c:0f}	{c:07}도구점 형\n{c:0f}
b5bea4:6:1	いらっしゃい\n何にいたします？	어서 와\n뭘로 할래？
b5bea4:6:2	何をお求めになりますか？	무엇을 찾으시나요？
b5bea4:6:3	は１つ\n	은(는) １개에\n
b5bea4:6:4	ルクソルです。\n	룩솔입니다.\n
b5bea4:6:5	いくつ買いますか？	몇 개 사시겠어요？
b5bea4:6:6	お金を\n払ってくれないと‥‥	돈을\n내 주지 않으면‥‥
b5bea4:6:7	ありがとさん\n他に必要なものは？	고맙수\n그 밖에 필요한 건？
b5bea4:6:8	それ以上は持てないよ	더는 못 들어
b5bea4:6:9	どれを売りますか？	어느 걸 팔 거야？
b5bea4:6:10	売れる物が\n無いみたいですけど？	팔 수 있는 물건이\n없으신 것 같은데요？
b5bea4:6:11	を\nいくつ売りますか？	을(를)\n몇 개 파시겠어요？
b5bea4:6:12	ありがとう	고마워
b5bea4:6:13	なにを\n売ってくれる？	뭘\n팔아 줄 거야？
b5bea4:6:14	持ち金が一杯ですね	가진 돈이 꽉 찼네
b5bea4:6:15	いつでもどうぞ	언제든 오라고
b5bea4:7:0	防具を装備して敵からの\nダメージを減らす\nこれって重要なことよ	
b5bea4:8:0	生き残るためには\nできるだけ良い武器を\n買っておくことだ	
b5bea4:9:0	回復薬は\n最低５～１０個くらいは\n買っておきな	
b5bea4:100:0	{c:0b}ＴＲＥＳＵＲＥ\n{c:0f}{01:070a}{03:000a}を手に入れた！	
b5bea4:125:0	{c:0b}ＭＯＮＥＹ\n{c:0f}４ルクソルを手に入れた	{c:0b}ＭＯＮＥＹ\n{c:0f}４룩솔을 손에 넣었다
b5bea4:109:0	{c:0b}ＴＲＥＡＳＵＲＥ\n{c:0f}{01:071a}{03:001a}{c:0f}を手に入れた！	
b5bea4:124:0	{c:0b}ＴＲＥＡＳＵＲＥ\n{c:0f}{01:071a}{03:001a}{c:0f}を手に入れた！	
b5bea4:134:0	{c:0b}ＴＲＥＡＳＵＲＥ\n{c:0f}{01:071a}{03:001a}{c:0f}を手に入れた！	
b5bea4:144:0	{c:0b}ＴＲＥＡＳＵＲＥ\n{c:0f}{01:071b}{03:001b}{c:0f}を手に入れた！	
b5c88c:123:0	{c:0b}ＬＯＣＫＥＤ\n{c:0f}鍵が、かかっていて開かない！	{c:0b}ＬＯＣＫＥＤ\n{c:0f}자물쇠가 잠겨 있어서 열리지 않는다！
b5c88c:125:0	{c:0b}ＵＮＬＯＣＫＥＤ\n{c:0f}扉の錠を開いた！	
bdf5c8:10:0	は　いいいえ	예　　아니오
bdf5c8:32:0	あなたの声を\n私に聞かせて‥‥ファウ	당신의 목소리를\n내게 들려줘요‥‥ 파우
bdf5c8:41:0	{c:07}ヴェストリル\n{c:0f}	{c:07}베스트릴\n{c:0f}
bdf5c8:101:0	{c:07}聖なる光\n{c:0f}	{c:07}성스러운 빛\n{c:0f}
bdf5c8:107:0	{c:0b}ＵＮＡＢＬＥ\n{c:0f}このレバーは壊れている！	
bdf838:3:0	人々を守るためには\n時に戦うことも必要だ	
bdf838:3:1	それが‥セイクリッド\nヴァンガードたる\n私の務め‥‥	
bdf838:3:2	この町のために\nタトゥータと戦うなら\n私も協力しよう	
bdf838:3:3	{c:0b}ＳＡＣＲＥＤ　ＶＡＮＧＵＡＲＤ\n{c:07}ヴェストリル{c:0f}が仲間に加わった！	
bdf838:5:0	{c:0b}ＥＴＨＥＲ　ＳＷＯＲＤ\n{01:075d}{03:005d}{c:0f}を手に入れた！	
bdf838:108:0	{c:0b}ＭＡＧＩＣ　ＳＣＲＯＬＬ\n{c:0f}{01:079a}{03:009a}を手に入れた	
bdf838:108:1	{c:0b}ＭＡＧＩＣ　ＳＣＲＯＬＬ\n{c:0f}{01:079b}{03:009b}を手に入れた	
bdfd5c:2:0	{c:0b}ＭＯＮＵＭＥＮＴ\n{c:0f}石碑に書かれている文字を読んだ！	
bdfd5c:2:1	汝‥滅びの運めに立ち向かいし者よ\n地下に封じられし剣は\n{01:079a}{03:009a}の呪文なくして\n手にすることかなわず！	
bdfd5c:3:0	{c:0b}ＭＯＮＵＭＥＮＴ\n{c:0f}石碑に書かれている文字を読んだ！	
bdfd5c:3:1	悪しき者を浄化する力‥‥\n鎮魂の剣をここに封じる\n魔法に隠されし\n白き石柱の秘密を明かせ！	
bdfd5c:4:0	{c:0b}ＮＯＴＥ\n{c:0f}紙切れを見つけた	
bdfd5c:5:0	読　む　読まない	
bdfd5c:7:0	○月×日\nなんということだろう\nかくも神聖な場所に町の住人が\n下水を流し込んでいたとは！	
bdfd5c:7:1	この地下水路に隠された秘密を\n私は知ってしまった！\nここには古代イシュメリア時代に\nきたえられた聖剣が眠っているのだ	
bdfd5c:7:2	だが私は足を折ってしまった‥‥\nかしこき者よ\n魔法に隠されし秘密を解き明かし\n聖剣を手にせよ！	
bdfd5c:8:0	聖なるホリクスよ‥‥\n魔法にかくされし秘密を\nあたしに教えてッ！！	
bdfd5c:12:0	{c:07}ナーシャ\n{c:0f}	{c:07}나샤\n{c:0f}
bdfd5c:16:0	{c:0b}ＨＯＬＩＸ\n{01:0738}{03:0038}{c:0f}を手に入れた	
bdfd5c:21:0	{c:0b}ＨＯＬＩＸ\n{01:0738}{03:0038}{c:0f}を手に入れた	
bdfd5c:22:0	{c:0b}ＨＯＬＩＸ\n{01:0738}{03:0038}{c:0f}を手に入れた	
bdfd5c:23:0	{c:0b}ＨＯＬＩＸ\n{01:0739}{03:0039}{c:0f}を手に入れた	
bdfd5c:24:0	{c:0b}ＨＯＬＩＸ\n{01:0739}{03:0039}{c:0f}を手に入れた	
bdfd5c:25:0	{c:0b}ＨＯＬＩＸ\n{01:0739}{03:0039}{c:0f}を手に入れた	
bdfd5c:26:0	{c:0b}ＨＯＬＩＸ\n{01:073a}{03:003a}{c:0f}を手に入れた	
bdfd5c:27:0	{c:0b}ＨＯＬＩＸ\n{01:073a}{03:003a}{c:0f}を手に入れた	
bdfd5c:28:0	{c:0b}ＨＯＬＩＸ\n{01:073a}{03:003a}{c:0f}を手に入れた	
bdfd5c:29:0	{c:0b}ＨＯＬＩＸ\n{01:073b}{03:003b}{c:0f}を手に入れた	
bdfd5c:30:0	{c:0b}ＨＯＬＩＸ\n{01:073b}{03:003b}{c:0f}を手に入れた	
bdfd5c:31:0	{c:0b}ＨＯＬＩＸ\n{01:073b}{03:003b}{c:0f}を手に入れた	
bdfd5c:32:0	{c:0b}ＨＯＬＩＸ\n{01:073c}{03:003c}{c:0f}を手に入れた	
bdfd5c:33:0	{c:0b}ＨＯＬＩＸ\n{01:073c}{03:003c}{c:0f}を手に入れた	
bdfd5c:34:0	{c:0b}ＨＯＬＩＸ\n{01:073c}{03:003c}{c:0f}を手に入れた	
bdfd5c:35:0	{c:0b}ＨＯＬＩＸ\n{01:0738}{03:0038}{c:0f}を手に入れた	
bdfd5c:36:0	{c:0b}ＨＯＬＩＸ\n{01:0739}{03:0039}{c:0f}を手に入れた	
bdfd5c:37:0	{c:0b}ＨＯＬＩＸ\n{01:073a}{03:003a}{c:0f}を手に入れた	
bdfd5c:38:0	{c:0b}ＨＯＬＩＸ\n{01:073b}{03:003b}{c:0f}を手に入れた	
bdfd5c:39:0	{c:0b}ＨＯＬＩＸ\n{01:073c}{03:003c}{c:0f}を手に入れた	
be0818:56:0	{c:0b}ＳＩＧＮＢＯＡＲＤ\n{c:0f}{name:0f00}は看板を見た！	
be1600:69:0	{c:0b}ＭＡＧＩＣ　ＳＣＲＯＬＬ\n{c:0f}{01:079e}{03:009e}を手に入れた！	
be1600:66:0	{c:0b}ＴＯＯＬ\n{c:0f}{01:072d}{03:002d}を手に入れた！	
be1600:63:0	{c:0b}ＴＯＯＬ\n{c:0f}	
be1600:63:1	手に入れた！	
be1600:60:0	{c:0b}ＴＲＥＡＳＵＲＥ\n{c:0f}{01:0716}{03:0016}を手に入れた！	
be1600:92:0	{c:0b}ＴＯＯＬ\n{c:0f}{01:0728}{03:0028}を手に入れた！	
be1600:123:0	{c:0b}ＬＯＣＫＥＤ\n{c:0f}鍵が、かかっていて開かない！	{c:0b}ＬＯＣＫＥＤ\n{c:0f}자물쇠가 잠겨 있어서 열리지 않는다！
be1600:125:0	{c:0b}ＵＮＬＯＣＫＥＤ\n{c:0f}扉の錠を開いた！	
d25aec:33:0	{c:0b}ＣＨＡＲＴ\n{c:0f}シャーキンの海図を見た！	
d25aec:168:0	{c:0b}ＭＡＧＩＣ　ＳＣＲＯＬＬ\n{01:07a3}{03:00a3}{c:0f}を手に入れた	
d25aec:174:0	{c:0b}ＴＲＥＡＳＵＲＥ\n{01:0716}{03:0016}{c:0f}を手に入れた	{c:0b}ＴＲＥＡＳＵＲＥ\n{01:0716}{03:0016}{c:0f}을(를) 손에 넣었다
d25aec:186:0	{c:0b}ＴＯＯＬ\n{01:0723}{03:0023}{c:0f}を手に入れた	
d25aec:192:0	{c:0b}ＴＯＯＬ\n{01:0723}{03:0023}{c:0f}を手に入れた	
d26120:4:0	{c:07}聖なる光\n{c:0f}	{c:07}성스러운 빛\n{c:0f}
d26120:7:0	きっと\n{14:0046000000}{05:07}つらい旅を{05:07}続けているのでしょうね	
d26120:7:1	ああ‥{14:0050000000}{05:08}できることなら\n{14:0050000000}{05:06}この手であなたを\n{05:07}抱きしめてあげたい‥	
d26120:7:2	あなたの{05:12}声を\n{14:003c000000}{05:09}私に聞かせて‥‥{14:0037000000}{05:06}ファウ	
d26120:8:0	あなたの{05:12}声を\n{14:003c000000}{05:09}私に聞かせて‥‥{14:0037000000}{05:06}ファウ	
d26120:20:0	門をあけろぉーーッ！！	
d26120:21:0	{c:07}海賊船の船長\n{c:0f}	
d26120:24:0	さあて‥この勝負‥‥\nロブアーティストとして\nどちらの勝ちだろうねえ	
d26120:24:1	‥‥‥‥‥‥	
d26120:24:2	ちくしょうッ！\n覚えてろよ！！	
d26120:90:0	この船は‥ストレイサーディン号！約束のごほうびよン	
d26120:91:0	あれからカシムちゃんの姿が\n見えないのン	
d26120:91:1	‥‥もし旅先で出会ったら\n帰ってくるように伝えてねン	
d26120:91:2	それから‥{01:071e}{03:001e}は\nあずからしてもらうわねン	
d26120:91:3	あんな物‥\nまだ本当に必要じゃないでしょン？	
d26120:29:0	それじゃあ気をつけて‥‥\n困ったことがあったら\nいつでも来なさいン	
d26120:29:1	がんばるのよン	
d26120:25:0	‥‥約束だものねン\nしかたない‥好きになさいン	
d26120:25:1	イィーーーッやったぜ！	
d26120:25:2	待ちなさいン！！	
d26120:25:3	誰がそれを持っていっていいと\n言ったのン？	
d26120:25:4	こんな物‥\nあんたには早すぎるわよン！	
d26120:25:5	そ‥そんな‥‥	
d26120:25:6	聞きたいことがあるでしょ？\n何でも聞いてちょうだい	
d26120:27:0	カシムちゃんのこと‥‥\n{14:003c000000}よろしくお願いしますン！！	
d26120:26:0	若いうちは苦労しなくっちゃねン	
d26120:41:0	{c:0b}ＬＯＣＫＥＤ\n{c:0f}鍵が、かかっていて開かない！	{c:0b}ＬＯＣＫＥＤ\n{c:0f}자물쇠가 잠겨 있어서 열리지 않는다！
d26120:47:0	{c:0b}ＵＮＡＢＬＥ\n{c:0f}ロブアーティストしか使えない！	
d26120:49:0	{c:0b}ＦＡＩＬＥＤ\n{c:0f}解錠に失敗した！	{c:0b}ＦＡＩＬＥＤ\n{c:0f}자물쇠 따기에 실패했다！
d26120:50:0	{c:0b}ＢＲＯＫＥＮ\n{c:0f}{01:0707}{03:0007}が壊れた！	{c:0b}ＢＲＯＫＥＮ\n{c:0f}{01:0707}{03:0007}이(가) 부서졌다！
d26120:51:0	{c:0b}ＵＮＬＯＣＫ\n{c:0f}扉の錠を開いた！	{c:0b}ＵＮＬＯＣＫ\n{c:0f}문의 자물쇠를 열었다！
d26120:57:0	{c:0b}ＴＲＥＡＳＵＲＥ\n{01:0716}{03:0016}{c:0f}を手に入れた	{c:0b}ＴＲＥＡＳＵＲＥ\n{01:0716}{03:0016}{c:0f}을(를) 손에 넣었다
d26120:59:0	{c:0b}ＴＲＥＡＳＵＲＥ\n{01:0716}{03:0016}{c:0f}を手に入れた	{c:0b}ＴＲＥＡＳＵＲＥ\n{01:0716}{03:0016}{c:0f}을(를) 손에 넣었다
d26120:60:0	{c:0b}ＴＲＥＡＳＵＲＥ\n{01:0716}{03:0016}{c:0f}を手に入れた	{c:0b}ＴＲＥＡＳＵＲＥ\n{01:0716}{03:0016}{c:0f}을(를) 손에 넣었다
d26120:61:0	{c:0b}ＴＲＥＡＳＵＲＥ\n{01:0716}{03:0016}{c:0f}を手に入れた	{c:0b}ＴＲＥＡＳＵＲＥ\n{01:0716}{03:0016}{c:0f}을(를) 손에 넣었다
d26120:62:0	{c:0b}ＨＯＬＩＸ\n{01:0747}{03:0047}{c:0f}を手に入れた	
d26120:63:0	{c:0b}ＴＯＯＬ\n{01:072d}{03:002d}{c:0f}を手に入れた	
d26120:69:0	{c:0b}ＭＡＧＩＣ　ＳＣＲＯＬＬ\n{01:07a9}{03:00a9}{c:0f}を手に入れた	
d26120:77:0	{c:0b}ＴＯＯＬ\n{01:0729}{03:0029}{c:0f}を手に入れた	
d26120:83:0	{c:0b}ＴＲＩＮＫＥＴ\n{01:0790}{03:0090}{c:0f}を手に入れた	
d26d70:2:0	{c:07}海賊\n{c:0f}	
d26d70:3:0	船長が連れてきた女は\nさっそく酒場で働いてるってよ	
d26d70:4:0	海賊島へようこそ！\nオレ達の島のことを説明しよう！	
d26d70:4:1	話を聞くことわる	
d26d70:7:0	この島は実に良いところだよ\nまあ　のんびりしていってくれ！	
d26d70:9:0	あのねえちゃん帰って来ねえよぉ！どこ行っちまったんだ！？	
d26d70:9:1	へへ‥‥\nこりゃあ‥大きいほうかな‥‥？	
d26d70:12:0	こいつは楽しいや！	
d26d70:13:0	そりゃあ　海賊島はいいところさ\nでもよぉ　ここだけの話‥‥\nみんな退屈してるのさ	
d26d70:13:1	ここらで一発！\nノリのいいことでもあれば\nみんな集まってくるのになあ	
d26d70:14:0	ねえちゃんの曲は最高だねえ！	
d26d70:16:0	いいねえいいねえ‥‥でよ	
d26d70:17:0	試練の洞窟へ入って\n出てきた者はいないって話だぜ	
d26d70:18:0	地図で目的地を選ぶとき\nボタン一つで出来る\n楽な方法があるんだってな	
d26d70:21:0	早く交代の時間にならねえかなあ	
d26d70:26:0	オレは\nシャーキン様を尊敬している！	
d26d70:26:1	ただ‥ひとつだけ困ったことがある	
d26d70:26:2	シャーキン様のしゃべり方‥‥\nあれだけは何とかしてほしい	
d26d70:24:0	見張りの仕事も忘れちまうぜ	
d26d70:27:0	{c:07}海賊島の首領シャーキン\n{c:0f}	
d26d70:29:0	ああ‥‥ほれてまいそうやねン	
d26d70:30:0	あきらめるなら今のうちよン\n盗賊の秘宝なんて\n本当はないかもしれないし～ン！	
d26d70:32:0	ダメよ！ダメダメ‥ン！！\nあんたには‥まだ早いわよン！	
d26d70:34:0	{c:07}マロアから来たお姉さん\n{c:0f}	
d26d70:39:0	ことわる聴きたい	
d26d70:42:0	あたしに曲を\nプレゼントさせていただける？	
d26d70:40:0	う‥‥残念ね\nじゃあ\nまた今度ってことにしましょ	
d26d70:41:0	ふっ‥‥うれしいわ	
d26d70:56:0	ぬんな曲が好みなのかしら？	
d26d70:56:1	楽しい曲\n静かな曲\nカシムの曲	
d26d70:47:0	おう　なんだなんだ！？	
d26d70:47:1	いいぞッ　ねえちゃん！\nもっとやれぇッ！	
d26d70:50:0	う１曲いかがかしら？	
d26d70:50:1	聴　くやめる	
d26d70:54:0	かゃあ　また今度にしましょうね	
d26d70:57:0	ダメダメッ！\nシャーキン様は　ヒマじゃない！\n帰った帰った！	
d26d70:61:0	ん‥‥なあにン？	
d26d70:61:1	ははあ～ン‥‥君たちはアレねン\nマロアの港町を救ったっていう\n人たちねン	
d26d70:61:2	海賊島は\n気に入ってもらえたかしらン？	
d26d70:61:3	は　いいいえ	예　　아니오
d26d70:63:0	気に入らないのン？\nそれは困ったわねン‥‥	
d26d70:64:0	ありがとン\nとっても嬉しいわン！	
d26d70:65:0	ところで‥‥さっきから楽しそうな曲が流れてるけど何なのかしらン？	
d26d70:65:1	え！？　マロアから来た\nえろぉ！ゴッツイ！すげぇ！美人が演奏してるのねン！？	
d26d70:65:2	それは見にいかなきゃン！	
d26d70:65:3	はっはっ‥ゆっくりしてってねン	
d26d70:66:0	なんだかねえ‥‥\nアレで海賊のお頭とは\nやれやれだよ	
d26d70:66:1	それにしても\nこの部屋は臭うねえ	
d26d70:66:2	きっとなにか\n秘密が隠されてるに\nちがいないよ	
d26d70:68:0	盗まれた聖像に\n海賊が関わっていれば\nここに手がかりがある！	
d26d70:68:1	探ってみようではないか	
d26d70:74:0	{c:07}老婆剣士オルガ\n{c:0f}	
d26d70:75:0	{c:07}ヴェストリル\n{c:0f}	
d26d70:76:0	ふ～ン‥私に手紙をン？	
d26d70:76:1	どれどれ	
d26d70:76:2	‥‥‥‥‥‥‥‥‥‥ン\n{14:003c000000}{05:ff}なんとン！\n{14:001e000000}君はマーシュの息子なのねン！？	
d26d70:77:0	　０人目を飛ばします。	
d26d70:77:1	　１人目を飛ばします。	
d26d70:77:2	　２人目を飛ばします。	
d26d70:77:3	　３人目を飛ばします。	
d26d70:77:4	　４人目を飛ばします。	
d26d70:77:5	　５人目を飛ばします。	
d26d70:77:6	　６人目を飛ばします。	
d26d70:77:7	　７人目を飛ばします。	
d26d70:77:8	　８人目を飛ばします。	
d26d70:77:9	　９人目を飛ばします。	
d26d70:77:10	１０人目を飛ばします。	
d26d70:77:11	１１人目を飛ばします。	
d26d70:77:12	１２人目を飛ばします。	
d26d70:77:13	１３人目を飛ばします。	
d26d70:77:14	１４人目を飛ばします。	
d26d70:77:15	１５人目を飛ばします。	
d26d70:77:16	１６人目を飛ばします。	
d27940:10:0	首領のご子息のカシムさんには\nもう会ったかい？	
d27940:10:1	は　いいいえ	
d27940:11:0	そうか！\n地下牢に閉じこめられてるって話で心配してたんだよ！	
d27940:12:0	カシムさんは　かわいそうな方だ\n首領の実の息子じゃないって話でな赤ん坊の時に拾われたらしい	
d27940:12:1	もし会ったら\n仲良くしてやってくれよ	
d27940:13:0	カシムぼっちゃん！\nがんばってくださいよ！！	
d27940:16:0	{c:0b}ＴＲＥＡＳＵＲＥ\n{01:0707}{03:0007}{c:0f}を５個手に入れた	
d27940:14:0	シャーキン様があんな言葉づかいになったのも　もとはといえば\nカシムさんに母親がいないためだ	
d27940:14:1	シャーキン様は\nカシムさんの母親代わりに\nなろうとして‥‥うううっ	
d27940:14:2	ははっ‥‥なあんてな\n感動したか？	
d27940:26:0	へへっ‥‥\nいいことを教えてやろうか？	
d27940:26:1	は　いいいえ	
d27940:21:0	シャーキン様の部屋には\n隠し部屋があるらしいなあ‥‥	
d27940:22:0	秘密の部屋へ入る言葉だぜ\n『闇の部屋へといたる道\n　白きドクロに火をともせ』	
d27940:23:0	宝物倉の隠し部屋へ抜ける道が\n洞窟の中に隠されてるらしいな	
d27940:24:0	中級コースの暗証番号は\nオレと同じ格好して家の中にいる\n海賊の数を左から順にいれるんだ	
d27940:25:0	都へ行っていろんな話を聞けば\n船で行けるところも増えますよ	
d27940:30:0	私の大親友にして最大のライバル！	
d27940:30:1	ラッツ　オブ　ラッツ！\n大盗賊マーシュの息子が\n私を訪ねてくれるなんてン！！	
d27940:30:2	とっても　うれしいわン！！	
d27940:30:3	それで‥何か困ったことでもン？	
d27940:31:0	盗まれた聖像　オルトナッシュ王都ロスタール特になし！　　	
d27940:32:0	あら‥‥特に困ったことなしン？\nもう聞きたいことはないのねン？	
d27940:32:1	は　いいいえ	
d27940:33:0	ああ‥知ってるわよン\n王都の大聖堂から救世主の像が\n盗まれたって話でしょン？	
d27940:33:1	でも‥誰が盗（や）ったのかは\n知らないのン	
d27940:33:2	うわさじゃあ\n救世の祈り教団オルトナッシュが\n関わってるらしいけどねン	
d27940:34:0	何か　すごく怪しい連中だってねン	
d27940:34:1	善良な人たちを無理矢理\n信者にして財産うばったとかン	
d27940:34:2	上級信者のセンティストってのに\nしてやるからって名目で\n地下で洗脳してるとかン	
d27940:34:3	あんまり\n関わんないほうが良くないン？	
d27940:35:0	このところ王様が変なのよン	
d27940:35:1	オルトナッシュの布教を許可した上聖教を廃してオルトナッシュを\n国教にしようとしてるとかン	
d27940:35:2	オルトナッシュの総本山\n新生イシュメリア皇国と友好を深め何しようとしてるのかしらン	
d27940:35:3	まあ‥私たちには関係ないわねン	
d27940:36:0	遠りょすることないのよン\n何でも聞きなさいン！	
d27940:37:0	じゃあ‥私のお願いを\n聞いてくれるかしらン？	
d27940:40:0	は　いいいえ	
d27940:38:0	ありがとン！	
d27940:38:1	この島にはねン\nちょっとした秘密があって\n試練の洞窟ってところがあるのン	
d27940:38:2	私よりも　ずぅ～と先代の海賊が\nつくったもので　昔はそこで\nラッツも訓練したらしいわン	
d27940:38:3	洞窟の奥には\n盗賊の秘宝が眠ってるって\nそういう話よン	
d27940:38:4	どう？　おもしろそうでしょン？	
d27940:38:5	は　いいいえ	
d27940:41:0	でね‥お願いっていうのは\n私の息子のことなのよン	
d27940:41:1	カ・シ・ム	
d27940:41:2	っていうんだけど\nすっごく　ひねくれ者で\nラッツになりたいって言ってるの	
d27940:41:3	そこでなのよン！！\n試練の洞窟で　カシムちゃんに\n君の腕前を見せつけて欲しいのン	
d27940:41:4	そうすれば\nあの子もあきらめると思うのよン！	
d27940:41:5	それじゃあ　よろしくねン！	
d27940:42:0	カシムは地下の牢屋にいるわン\n君なら簡単に入れるでしょン！？	
d28534:41:0	フフフ‥‥\n残念ながら\nそれは聖像じゃない	
d28534:41:1	聖像はもっと小さくて\nアヴァタークを手にした\n勇者の像なのだ	
d28534:6:0	‥‥おいッ	
d28534:6:1	おいッたら‥おいッ！\nこっちだよ！	
d28534:6:2	いや～助かったぜ\nそこにレバーがあるだろ\n牢屋を開けてくれよ	
d28534:7:0	{c:07}カシム\n{c:0f}	
d28534:11:0	たのむよ！\nここから出してくれよ！	
d28534:50:0	へへ‥ありがとよ！	
d28534:50:1	俺さまはカシム！	
d28534:50:2	王国一の\nロブアーティスト！\n‥‥になる予定だ	
d28534:50:3	はぁ‥‥親父が\nこの島から出ることを\n許してくれたらなあ	
d28534:15:0	‥‥だったら\n私の挑戦を受けてみるン？	
d28534:15:1	カシムちゃン	
d28534:15:2	どうしてもロブアーティストに\nなりたいんだったら\n試練の洞窟に挑みなさいン！	
d28534:15:3	もちろん！\nひとりで行けとは言わないわン	
d28534:15:4	こちらの方たちが\nあなたと一緒に行ってくれるわン！	
d28534:15:5	いいわよねン？	
d28534:15:6	なにしろ　ここに勝手に入って\nカシムちゃんを\n牢屋から出したんだものン	
d28534:15:7	いやとは言わせないわよン！！	
d28534:15:8	この洞窟はね‥‥\n私よりも　ずぅ～と先代の海賊が\nつくったものなのン	
d28534:15:9	洞窟の奥には\n盗賊の秘宝が眠ってるって\nそういう話よン	
d28534:15:10	どう？　おもしろそうでしょン？	
d28534:15:11	じゃあ‥洞窟の扉を開くわねン	
d28534:15:12	この奥にある盗賊の秘宝を\n手に入れてくることン！	
d28534:15:13	手に入れることができれば\nカシムちゃんは自由にしてあげるしあなた達には船をあげるわン	
d28534:15:14	とってもステキな\nかわいらしい船よン	
d28534:15:15	じゃあね‥がんばるのよン！	
d28534:15:16	心配すんなって！\n俺様がいれば安心安心！\nただよぉ‥‥	
d28534:15:17	ここには海賊の死霊が\nすみついてるって\nウワサがあるんだよなあ	
d28534:15:18	{c:0b}ＲＯＢ　ＡＲＴＩＳＴ\n{c:07}カシム{c:0f}が仲間に加わった！	
d28534:14:0	そう悲観したものでもないかも\nしれないわよン！	
d28534:14:1	はあ？	
d28534:14:2	‥‥親父よぉ	
d28534:14:3	こんなガキンチョとじゃ\n勝負になるわけねえよ！	
d28534:14:4	そうかしら‥‥ン	
d28534:14:5	その子が‥‥\nあんたの尊敬する\n大盗賊マーシュの息子としてもン	
d28534:14:6	こ‥こいつがあ！？	
d28534:14:7	大盗賊マーシュの息子？	
d28534:14:8	う‥うそだろぉ	
d28534:14:9	本当よン	
d28534:14:10	さあ　行きましょン\n海賊島の恐怖！\n試練の洞窟へ‥‥	
d28534:14:11	ふたりとも　がんばってねン！	
d28534:14:12	へッ‥おまえには\n絶対に負けねえ！\nこの勝負もらったあッ！	
d28534:13:0	どうでもいいけどよっ\nあのおねえ言葉‥‥\nどうにかしろよ‥ったく	
d28534:17:0	し‥試練の洞窟だぁ！？	
d28534:17:1	だって‥あそこには‥‥\n昔の海賊の‥‥	
d28534:19:0	勝負よンッ！！！	
d28534:20:0	開けぇッ！　へそのゴマッ‥ン！！	
d28534:21:0	気をつけるのよぉ～ン	
d28534:108:0	ベッドで休むやめておく　	
d28534:110:0	{c:0b}ＲＥＣＯＶＥＲＹ\n{c:0f}パーティー全員の体力が回復した！	
d28f74:31:0	ちょ～っと‥まったぁ！	
d28f74:31:1	いきなり\n洞窟もいいけどよ	
d28f74:31:2	ちょいと休憩所に\nよってかねえか？	
d28f74:33:0	{c:08}赤い扉{c:0f}は　　上級者向け\n{c:07}黄色い扉{c:0f}は　中級者向け\n{c:04}青い扉{c:0f}は　　初級者向け\nどの扉も　地獄へと続く扉なり	
d28f74:36:0	{c:0b}ＰＡＳＳ　ＣＯＤＥ\n{c:0f}暗証番号を入力せよ！	
d28f74:36:1	７８９４５６１２３０００	
d28f74:56:0	{c:0b}ＴＲＩＣＫ　ＬＯＣＫ\n{c:0f}仕掛けで扉が固定されている！	
d28f74:57:0	{c:0f}　　　『{c:0b}地{c:0f}を抜け\n{c:07}　　　　　水{c:0f}を渡り\n{c:04}　　　　　　空{c:0f}へいたる時\n{c:08}　　　　赤き扉{c:0f}は開かれん』	
d28f74:58:0	{c:0b}ＮＯＴＩＣＥ\n{c:0f}立て札に張り紙がしてある！	
d28f74:59:0	{c:0b}ＮＯＴＥ\n{c:0f}紙切れを見つけた！	
d28f74:59:1	{c:0b}　　　地{c:0f}は{c:0b}方形（四角）{c:0f}を\n{c:07}　　　　水{c:0f}は{c:07}三日月{c:0f}を\n{c:04}　　　　　空{c:0f}は{c:04}ダ円{c:0f}を\n　　　　　　示すものである	
d28f74:70:0	{c:0b}ＵＮＬＯＣＫ\n{c:0f}赤い扉（上級者向け）を開いた！	
d28f74:74:0	へへッ‥悪いな！\nお宝は\nいただいていくぜ！	
d28f74:74:1	あざやかに\nやられちまったねぇ	
d28f74:74:2	ふっふふふ‥‥\nそうでもなさそうです	
d28f74:74:3	あれを‥ごらんなさい	
d28f74:74:4	アッハッハッハッ\nなるほどね\nそういうことかい！	
d28f74:75:0	{c:0b}ＴＲＥＡＳＵＲＥ\n{01:071f}{03:001f}{c:0f}を手に入れた	
d28f74:75:1	おいッ‥慌てんなよ！\nあれを見てみな	
d28f74:75:2	注意深くならないと\n秘密を識ることは\nできないんだぜ	
d28f74:75:3	さあてっと‥‥\n帰るとするか！	
d28f74:83:0	{c:0b}ＴＲＥＡＳＵＲＥ\n{01:071e}{03:001e}{c:0f}を手に入れた！	
d28f74:88:0	ちょいと！\n目的の物も取らないで\nどこへ行くつもりだい！	
d28f74:89:0	げげ‥っ　おどろいた‥‥ン	
d28f74:89:1	これって伝説の魔法生物‥‥\n{01:071f}{03:001f}よねン	
d28f74:89:2	カシムちゃん‥‥\nこれを‥あなたが‥‥ン？	
d28f74:89:3	あったりまえだあ！	
d28f74:89:4	え‥そうね‥‥そうだったわねン	
d28f74:89:5	（‥‥困ったわ‥‥どうしようン）	
d28f74:89:6	う‥	
d28f74:89:7	（やべえ）‥‥	
d28f74:89:8	お‥おめえら\n遅かったじゃねえか‥‥	
d28f74:89:9	この勝負\nオレの勝ちだぜ！！	
d28f74:89:10	お～や‥そうなのかい\nそいつは困ったねえ	
d28f74:89:11	そろそろ　あれを\n見せておやり	
d28f74:89:12	そ‥そいつは‥‥！！	
d28f74:89:13	君もロブアーティストを\n志す者なら名前くらいは\n聞いたことがあるだろう	
d28f74:89:14	これこそ盗賊の秘宝‥‥\n{01:071e}{03:001e}だ！！	
d28f74:89:15	すごいじゃないン！	
d28f74:89:16	そういうことだ	
d28f74:93:0	ほらよッ！\nこれで文句はねえだろ？	
d28f74:94:0	これでオレは\n自由の身だよなあ！？\nえッ！？　親父よぉ！！	
d28f74:96:0	っていったら\n魔法の扉を開けられるって\n代物でしょン！？	
d29d08:2:0	ここが海賊島だ！\nオレのような本物の男が集う島だ\nきっと気に入るだろうぜ	
d29d08:2:1	そうだ　ひとつ言っておこう	
d29d08:2:2	この島には海賊の首領‥‥\nようするにオレの親分がいる	
d29d08:2:3	おまえたちのことは\nオレから話をつけとくが\nあの方のきげんを損ねないような！	
d29d08:2:4	怒らせちまったら\nただじゃすまねえぞ	
d29d08:2:5	じゃ　また会おう	
d29d08:44:0	まず正面に見えるのが\nこの島の首領（ドン）にして海賊の元締め！シャーキン様のお住まいだ	
d29d08:44:1	いこいの場として酒場もかねている	
d29d08:46:0	次に右手に見えるのが宝物庫！\nオレ達の手に入れた世界中の宝物が大切に保管されている！	
d29d08:48:0	左手に見えるのは船員の休憩所！\nいま着いた船長もそこで休んでいる	
d29d08:50:0	それから　島には洞窟があるが\nこのところ中へ入った者はいない！	
d29d08:50:1	以上　説明おしまい！！	
d29d08:4:0	がっははははン\nさすが　マーシュの息子ねン	
d29d08:4:1	内容を聞かないうちに\n約束できないってわけでしょン？	
d29d08:4:2	でもねン\nこれが海賊流なのよン\n男だったら引き受けなさいン！	
d29d08:27:0	あら‥心配してくれたのン？\n‥‥ありがと‥ン	
d29d08:18:0	期待してるわよン\n	
d29d08:9:0	がんばってちょうだいねン！	
d29d08:6:0	あたしのとこへ来るなんて\n‥‥ひょっとして\n行き詰まってるのン？	
d29d08:6:1	は　いいいえ	
d29d08:7:0	‥‥そう\nじゃあ‥いいんだけど‥‥ン	
d29d08:8:0	そうなの‥‥ン	
d29d08:8:1	じゃあ‥息抜きに\n遊びにでも行ってみればン？	
d29d08:8:2	フィスロって小さな漁村なんだけど何か分かるかも知れないしン	
d29d08:8:3	{c:0b}ＦＩＳＬＯ\n{c:0f}フィスロの漁村の位置を教わった！	
d29d08:10:0	フィスロの漁村は\n何にもないところだけど\nお魚がとっても美味しいのよン！	
d29d08:11:0	来たわね‥‥ン	
d29d08:11:1	いつか‥\nこの日が来ると思っていたけど\n意外に早かったわねン‥‥	
d29d08:11:2	あなたが初めてここへ来た時\nあの時の‥‥\nファウって男の子を思い出したわ	
d29d08:11:3	そして‥\n運めの日が近いことを知ったのよン	
d29d08:11:4	今だから話せる‥‥ン	
d29d08:11:5	あの時‥あなたに‥‥\nファウに‥会わなかったら‥‥\nあたし‥きっと‥‥ンッ！！	
d29d08:13:0	コンロールの島の位置は\nそこの壁の海図に書いてあるわン	
d29d08:13:1	‥‥カシムちゃんの‥ことを‥‥\nお願いね‥‥ンッ‥‥‥	
d29d08:16:0	あたしの海図を\n勝手に見ないでちょうだいン！	
d29d08:17:0	{c:0b}ＣＯＮＲＯＬＥ\n{c:0f}コンロールの島への航路を入手！	
d29d08:19:0	シャーキン様なら\nそのうち帰ってきますって！！\n心配ないッスよ	
d29d08:28:0	シャーキン様なら\nフィスロとかって漁村へ行くって\n出かけましたよ	
d29d08:20:0	以前‥酔っぱらったシャーキン様がコンロールの島の近海には\n珍しい魚がいるって言ってやした	
d29d08:24:0	{c:0b}ＴＲＥＡＳＵＲＥ\n{01:071e}{03:001e}{c:0f}を手に入れた！	
d29d08:25:0	それもまた良し‥‥	
d29d08:26:0	フィスロの漁村の浜辺に\nスゲエいい物が\n埋まってるんだな‥‥これが！	
d29d08:30:0	シャーキン様は‥コンロールの島へ何度か行ったことが\nあるみたいですぜ	
d29d08:31:0	コンロールは島にお宝を\nわんさと　ため込んでるって話だ！	
d29d08:35:0	あら　{name:0f00}！\nマロアでは本当にありがとう	
d29d08:35:1	たし‥ここで働きたかったのよ\nでも税関の通行手形がとれなくて\nとっても困ってたの	
d29d08:35:2	なたのおかげで本当に助かったわなにか\nお礼がしたいのだけれど‥‥	
d29d08:35:3	うだ！\nあたしが１曲プレゼントするわ！	
d29d08:36:0	オレらのお頭シャーキン様の息子にカシムってのがいてよ\nこいつが男とは思えないクズでよ	
d29d08:36:1	なんと！　海賊やめて\nロブアーティストになりたい！\nだなんて言い出す始末でよ	
d29d08:36:2	シャーキン様は\n頭を痛めてるって話でよ	
d29d08:37:0	カシムちゃン	
d29d08:37:1	どうしてもロブアーティストに\nなりたいんだったら\nその子と勝負してごらんなさいン	
d29d08:38:0	あらかじめ言っておくけど\nこの洞窟には\n海賊の亡霊の伝説があるのン	
d29d08:38:1	カシムちゃんはお守り持ってるから平気だけどあなたは\n戦わなくちゃならないン	
d29d08:38:2	まあ‥それはハンディと\n思ってちょうだいねン	
d29d08:38:3	じゃあ‥洞窟の扉を開くわねン	
d29d08:33:0	へへ‥ちょいと待ってな	
d29d08:42:0	な‥‥\nオレって役に立つだろ？	
d29d08:40:0	マロアから来たってあのベッピン！いやあ　いい女だねえ	
d29d08:101:0	{c:0b}ＣＯＮＲＯＬＥ\n{c:0f}コンロールの島への航路を入手！	
d29d08:101:1	あ‥そうそうこの前ね\nカシムちゃんが\nここに戻ってきたのよン	
d29d08:101:2	それがね‥だれかにこてんぱんに\nやられたちゃったみたいなのン	
d29d08:101:3	そのときにカシムちゃんから\n伝言を預かったわよン	
d29d08:101:4	ロスタールで魔法のピックをかけた\n勝負をしろ‥ン\nっていわれたわン	
d29d08:101:5	はいこれ！　魔法のピックよン	
d2a8ec:51:0	せっかく来たんだ\n今夜あたり酒でも飲んで\n息抜きしていかねえか？	
d2a8ec:51:1	は　いいいえ	
d2a8ec:52:0	よしッ！その意気だ\nおまえたちにゆとりがねえと\nこっちまであわてちまうぜ	
d2a8ec:53:0	よしッ！その意気だ\nおまえたちが気を抜いてちゃ\n事が始まらねえからな	
d2a8ec:54:0	{c:07}ナーシャ\n{c:0f}	
d2a8ec:80:0	ぐがぁ～ぐがぁ～	
d2a8ec:81:0	海賊風情にゃ\nあたしの魅力が\n分からないらしいや‥‥	
d2a8ec:81:1	それに比べるとあんたは\nかわいい子だよ‥ッ！	
d2a8ec:81:2	ほら‥おいでッ！\nチーク踊るよ‥チーク！	
d2a8ec:82:0	{c:0b}ＦＥＳＴＩＶＡＬ\n{c:0f}束の間の楽しい夜を過ごした	
d2a8ec:83:0	イッエーーイッ！\nヤッホヤッホォーー！\nワーーーォッ！！！	
d2a8ec:83:1	一緒に踊りましょう！	
d2a8ec:84:0	今夜は大収穫のお祝いだ\nぶわぁ～～～っと\n騒いで行ってくれよ	
d2a8ec:85:0	祝いの酒を飲んでいる時が\n一番楽しいな\n海賊やっててよかったぁ‥	
d2a8ec:86:0	オレらの仕事は船を襲い\n邪魔する奴をぶん殴って\nお宝や荷物をぶん取る！	
d2a8ec:86:1	おまえには\nできないだろうがな\nがっはっはっはっはっ	
d2a8ec:87:0	オレらの仕事は\n迅速が基本だ～\n動きのトロイ奴はダメだ～！	
d2a8ec:88:0	盗品の何が悪いんだ\n男が小さい事を\nぐずぐず言うな‥ヒック	
d2a8ec:89:0	お酒は２０歳になってから‥\n仕事もしねえ奴は\n酒を飲む資格はねぇって事だな	
d2a8ec:90:0	どうだッ\nおまえも俺たちの\n仲間にならねぇか	
d2a8ec:90:1	は　いいいえ	
d2a8ec:100:0	わっはははは\nそうか！そうか！	
d2a8ec:101:0	わっはははは\nそうか！そうか！	
d2a8ec:91:0	船長は酔っぱらうと\n語り癖があるからなぁ～	
d2a8ec:92:0	おッ‥今日の音楽は\nいつもの奴と違うな\n新曲かな？	
d2a8ec:93:0	お頭もこっち来て一緒に\n飲みゃいいのにな	
d2a8ec:94:0	いいかチャンスはのがすなよ\n迷っているヒマがあったら\n行動あるのみガンガン攻めろッ！	
d2a8ec:95:0	海賊ったって\n男のロマンだけじゃ\n生きていけないんだよ～	
d2a8ec:96:0	世界の海に～沈む財宝を\n愛してやまぬ～\nオレの熱い心がぁ～	
d2a8ec:97:0	どんな事でもやってみりゃ\n何かが分かるモンだ！	
d2a8ec:98:0	船の調子はどうだ！？\nネズミが出たり\n燃えたりする事もねぇだろう！	
d2a8ec:102:0	なくす物が何もない奴を\n強い奴と思うなッ\n仲間は早めに介抱してやれ	
d2a8ec:103:0	男にはな～\nやらなきゃならねぇ事が\n２つあるッ！	
d2a8ec:103:1	どでけぇ～夢を見ること\nそして見た夢は責任持って\n果たすことだッ‥ひっく	
d2a8ec:104:0	人生の選択に間違いはねぇ\nただ‥ヤバそうな時は\n迷わずで～たほぞんだッ！	
d2a8ec:105:0	んな曲はどうかしら？	
d2a8ec:105:1	いいねぇダメダメ	
d2a8ec:107:0	ら‥ありがとう	
d2a8ec:108:0	かの曲にしましょうか	
d2a8ec:108:1	楽しい曲\n静かな曲\nカシムの曲祝いの曲	
d2a8ec:120:0	おっ‥やっと来たのか\n見ろよオレ様の\nこの華麗なターーン	
d2a8ec:120:1	どうだッ！\nいかしてるだろッ	
d2a8ec:120:2	いいですよ～！\nカシムぼっちゃんッ\nかっこいい～	
d2a8ec:120:3	いっそロブアーティストなんか\nやめちゃって海賊になれば\nもっとかっこいい～！	
d2a8ec:120:4	バカッ！	
d2a8ec:120:5	いやっ‥その‥\nすみません‥つい\n調子にのっちゃって	
d2a8ec:120:6	あ～あ\n怒らせちゃった\nオレは知らねぇぞ	
d2a8ec:120:7	けッ！\nそんな事いちいち\n気にしてられるかよッ！	
d2a8ec:121:0	なあに‥ちょっと\n目がまわっちまってよ\n‥気持ちわり～	
d2a8ec:122:0	最近じゃ坊主も酒を飲むか	
d2a8ec:122:1	神に仕える身とはいえ\nしょせんは人の子\n飲みたいときだってあるよなあ	
d2a8ec:122:2	‥少ッチ酔ってる	
d2a8ec:123:0	こいつ寝ちまってるよッ	
d2a8ec:123:1	ほんとに寝てんのかね\n決まり悪くなって\n寝たふりしてんじゃないのかッ！	
d2a8ec:124:0	{name:0f00}\n楽しくやってるン	
d2a8ec:124:1	たっぷりと楽しんでいってねン	
d2b738:150:0	{c:0b}ＨＯＬＩＸ\n{01:0738}{03:0038}{c:0f}を手に入れた！	
d2b738:151:0	{c:0b}ＨＯＬＩＸ\n{01:0739}{03:0039}{c:0f}を手に入れた！	
d2b738:152:0	{c:0b}ＨＯＬＩＸ\n{01:073a}{03:003a}{c:0f}を手に入れた！	
d2b738:153:0	{c:0b}ＨＯＬＩＸ\n{01:073b}{03:003b}{c:0f}を手に入れた！	
d2b738:154:0	{c:0b}ＨＯＬＩＸ\n{01:073c}{03:003c}{c:0f}を手に入れた！	
d2bb78:0:0	－　ビットの初期化　－	
d2bb78:41:0	同伴者として\n	
d2bb78:42:0	オルガとヴェストリル	
d2bb78:43:0	オルガとヴェストリル	
d2bb78:44:0	ヴェストリル	
d2bb78:45:0	オルガ	
d2bb78:46:0	を\n追加しました。	
d2bb78:55:0	{c:0b}ＴＲＩＮＫＥＴ\n{c:0f}{01:0790}{03:0090}を手に入れた	
d2bb78:62:0	{c:0b}ＭＡＧＩＣ　ＳＣＲＯＬＬ\n{c:0f}{01:07a9}{03:00a9}{c:0f}を手に入れた	
d2bb78:63:0	{c:0b}ＴＯＯＬ\n{c:0f}{01:0729}{03:0029}{c:0f}を手に入れた	
d2bb78:70:0	{c:0b}ＴＯＯＬ\n{01:0723}{03:0023}{c:0f}を手に入れた	
d2bb78:72:0	{c:0b}ＴＯＯＬ\n{01:0723}{03:0023}{c:0f}を手に入れた	
d2bb78:73:0	{c:0b}ＭＡＧＩＣ　ＳＣＲＯＬＬ\n{01:07a3}{03:00a3}{c:0f}を手に入れた	
d2bb78:80:0	{c:0b}ＴＲＥＡＳＵＲＥ\n{01:0716}{03:0016}{c:0f}を手に入れた	
d2bb78:107:0	きっと\nつらい旅を\n続けているのでしょうね	
d2bb78:107:1	ああ‥できることなら\nこの手であなたを\n抱きしめてあげたい‥	
d2bb78:107:2	あなたの声を\n私に聞かせて‥‥ファウ	
d2bb78:108:0	あなたの声を\n私に聞かせて‥‥ファウ	
e4b17c:55:0	　　碧落の都　ロスタール	
e4b17c:22:0	　　碧落の都　ロスタール	
e4b788:2:0	あなたの声を\n私に聞かせて‥‥ファウ	
e4b788:4:0	{c:07}聖なる光\n{c:0f}	
e4b788:11:0	{c:0b}ＭＹＳＴＥＲＹ\n{c:0f}フュラギルの島への航路が判明！！	
e4b788:110:0	は　いいいえ	
e4b788:41:0	{c:0b}ＬＯＣＫＥＤ\n{c:0f}鍵が、かかっていて開かない！	
e4b788:47:0	{c:0b}ＵＮＡＢＬＥ\n{c:0f}ロブアーティストしか使えない！	
e4b788:49:0	{c:0b}ＦＡＩＬＥＤ\n{c:0f}解錠に失敗した！	
e4b788:50:0	{c:0b}ＢＲＯＫＥＮ\n{c:0f}{01:0707}{03:0007}が壊れた！	
e4b788:51:0	{c:0b}ＵＮＬＯＣＫ\n{c:0f}扉の錠を開いた！	
e4b788:52:0	{c:0b}ＭＡＧＩＣ　ＬＯＣＫ\n{c:0f}この扉は　魔法で封印されている！	
e4b788:53:0	魔法の扉よ　開いてッ！\n	
e4b788:53:1	アンローーック！！	
e4b788:57:0	{c:0b}ＵＮＬＯＣＫ　ＭＡＧＩＣ\n{c:0f}魔法の封印を解いた！	
e4b788:71:0	{c:07}カシム\n{c:0f}	
e4b788:72:0	{c:07}オルガ\n{c:0f}	
e4b788:73:0	{c:07}ヴェストリル\n{c:0f}	
e4b788:76:0	{c:0b}ＢＯＯＫ\n{c:0f}本を手にとって開いた	
e4b788:83:0	大司教様‥‥\n申しわけありません	
e4b788:83:1	を\n見つけられぬままに\n帰ってきてしまいました	
e4b788:83:2	ヴェストリルよ‥‥\n気にすることはありません	
e4b788:83:3	聖像が見つからずとも\nそれは神のご意志‥‥\nいずれは我らの手にもどるはずです	
e4b788:83:4	はっ！	
e4b788:83:5	それよりも‥\nこれからのことを考えましょう	
e4b788:109:0	これから話すことを\n良く心にきざみ込むのです	
e4b788:109:1	おまえ達の後ろにある\n五元の「しるし」‥‥\nホリクサークルを見なさい	
e4b788:107:0	これは\n古代王国の遺跡より掘り起こし\n復元したものです	
e4b788:107:1	太古の大魔法使いキュリエンテスがさだめた‥そのままに‥‥	
e4b788:107:2	遺跡は失われてしまいましたが\nホリクサークルと共に安置された\n碑文が代々‥伝えられてきました	
e4b788:107:3	それによれば‥これは\n元来‥聖像を安置するために\n造られたものであり‥‥	
e4b788:107:4	正しく配置された聖像は‥滅びよりこの世を救う力の手がかりを示す！‥‥ということなのです	
e4b788:107:5	ここまで‥理解できましたか？	
e4b788:108:0	伝説の巨人{01:0700}{03:0000}！！	
e4b788:108:1	精霊の長{01:0701}{03:0001}！！	
e4b788:108:2	冥界の皇{01:0702}{03:0002}！！	
e4b788:108:3	勇者{01:0703}{03:0003}！！	
e4b788:108:4	龍神{01:0704}{03:0004}！！	
e4b788:108:5	各地をめぐり\n五体の聖像を手に入れるのです！	
e4b788:108:6	そして‥ここへ帰ってきなさい	
e4b788:108:7	その時こそ‥\n永年の封印が解き放たれ\n希望の光がさすことでしょう	
e4c1c4:5:0	{c:07}強欲商人コンラット\n{c:0f}	
e4c1c4:7:0	{c:07}ノビスナージュ\n{c:0f}	
e4c1c4:13:0	{c:07}宿屋のおかみさん\n{c:0f}	
e4c1c4:16:0	{c:07}ロスタールの兵士\n{c:0f}	
e4c1c4:18:0	{c:07}ロスタールの若者\n{c:0f}	
e4c1c4:24:0	{c:07}旅の吟遊詩人\n{c:0f}	
e4c1c4:25:0	{c:07}宿屋のおねえさん\n{c:0f}	
e4c1c4:33:0	これはこれは‥‥\n良くいらっしゃいました\nこちらへどうぞ	
e4c1c4:63:0	　強欲商人コンラットの屋敷	
e4c1c4:6:0	都イチの大商人！！\nコンラットの屋敷へようこそ！	
e4c1c4:55:0	いや～大もうけしてしまいました！	
e4c1c4:55:1	ウーリクーリを\n美食家の奥様が\n買って下さったんですよ！！	
e4c1c4:55:2	私は‥ついている！！	
e4c1c4:34:0	時間の無駄だ！\nさっさと出ていってくれ！！	
e4c1c4:29:0	何をしている！？\nとっとと出ていけッ！！	
e4c1c4:8:0	{c:0b}ＣＨＡＲＴ\n{c:0f}強欲商人コンラットの海図を見た！	
e4c1c4:8:1	{c:0b}ＹＯＴＨＭＩＬ\n{c:0f}救世都市ユーソミルへの航路が判明	
e4c1c4:11:0	　碧落の都　ラザレス亭	
e4c1c4:52:0	うちに泊まった旅人が\nウーリクーリやマロアを救った子が救世主だってうわさしてたよ	
e4c1c4:19:0	強欲商人のコンラットには\n気をつけなさい！\nなにせ強欲ですからね強欲！	
e4c1c4:62:0	ユーソミルの町との交易で\nコンラットは大儲け！\nあいつは海図を持ってるのさ	
e4c1c4:58:0	マロアを救った勇者と\n碧き騎士レナード！\nどっちが強いかなあ‥‥	
e4c1c4:60:0	かわいい踊り子が\nお城の劇場に来てるってさ	
e4c1c4:59:0	マロアを救った勇者様のことは\nお城でも評判なんですって！	
e4c1c4:23:0	ラララ～　夜風は憎しみを運びィ～大地は悲しみにくれェ～るぅ\n人は闇に飲まれゆく運めなのかぁ～	
e4c1c4:57:0	ベンッベベッベベベンベゴリアン！	
e4c1c4:57:1	古ぅ代のぉ～宝がっ眠る島ぁ～～～欲にぃ～かられた者たちは～皆～ンとっ捕まってぇ食われちゃうんうん	
e4c1c4:22:0	{c:0b}オルトナッシュ聖書\n{c:0f}この世を破滅へ導く者を殺せ！\nそれが最愛の者であったとしても	
e4c1c4:26:0	お泊まりでしたら\n１０ルクソルいただきますわ	
e4c1c4:26:1	安い！　高い‥‥	
e4c1c4:68:0	いつでもご利用くださいね	
e4c1c4:85:0	お金は‥‥？	
e4c1c4:9:0	{c:0b}ＲＥＣＯＶＥＲＹ\n{c:0f}パーティー全員の体力が回復した！	
e4c1c4:17:0	いいだろう\nもって行け！	
e4c1c4:48:0	{c:0b}ＣＡＬＩＥＶＥＳ\n	
e4c1c4:49:0	{c:0f}を手に入れた！	
e4ca4c:17:0	{c:07}刀匠ヴァッカード\n{c:0f}	
e4ca4c:19:0	{c:07}とある美食家の女性\n{c:0f}	
e4ca4c:23:0	{c:07}女メシ使い\n{c:0f}	
e4ca4c:24:0	{c:07}男メシ使い\n{c:0f}	
e4ca4c:28:0	{c:07}ウパウパ\n{c:0f}	
e4ca4c:6:0	　刀匠ヴァッカードの鍛冶場	
e4ca4c:18:0	なぜだろう‥‥\nおまえを見てると\n娘のレナを思い出す	
e4ca4c:18:1	何か手助けして\nやれることがあればなあ	
e4ca4c:66:0	うむむ‥‥\nみごとな短剣{03:001c}だな	
e4ca4c:66:1	大剣の折れた切っ先を\n短剣にしたのか‥‥？	
e4ca4c:66:2	きっとどこかに\nそいつの片割れになる\nツカがあるはずだ‥‥	
e4ca4c:69:0	もう‥オレに\nしてやれることはない	
e4ca4c:69:1	元気でな‥‥	
e4ca4c:8:0	ヴァッカードの鍛冶場１Ｆ本棚１	
e4ca4c:9:0	ヴァッカードの鍛冶場１Ｆ本棚２	
e4ca4c:30:0	{name:0f00}！\n{name:0f00}！！！	
e4ca4c:13:0	　とある美食家の女性の屋敷	
e4ca4c:25:0	ラララ～　欲望は果てしなくぅ\nけしてェ～満たされることはない～おお～神よぉ罪深き者を救い給え～	
e4ca4c:31:0	ラララ～　聖なる小竜ウリテクス～美しき翼広げぇ～歌うは神の秘密ぅあぁ～聖者に勝利をもたらし給え～	
e4ca4c:37:0	お～うおう～～～\n伝説ぅの珍魚ぉサラドスよぉ～\n心洗われる天上の味わいよぉ～	
e4ca4c:20:0	あ～ら‥まあ‥‥{14:003c000000}おいしそう	
e4ca4c:20:1	でも‥‥あたくしが食べたいのはねウーリクーリって‥おサルさんなの	
e4ca4c:32:0	ああ～やっと夢がかなうのね‥‥\n伝説の聖竜ウリテクスの次に\nおいしいウーリクーリを‥‥ジュル	
e4ca4c:36:0	たっぷりと太らしてから\n食べた方が美味しいのよね	
e4ca4c:65:0	ああ‥夢のようね\nおいしい物が\n好きなだけ食べられるなんて！	
e4ca4c:21:0	メシメシメシメシ‥‥	
e4ca4c:21:1	朝から晩まで食事のことばかり‥‥奥様を満足させられる献立があればこんな苦労しなくてもすむのに！	
e4ca4c:33:0	かわいそうに‥‥\n地下室のおチビさん‥‥\nあたしには料理なんてできないわ	
e4ca4c:33:1	お願い　何とかして下さい	
e4ca4c:38:0	古代王国で珍重された\nすごく美味しいお魚の話を\n聞きました？	
e4ca4c:38:1	たくさん捕られて\n絶滅しちゃったんですって‥‥	
e4ca4c:40:0	良かった‥‥\nホッとしましたわ	
e4ca4c:22:0	食べることとなると\n奥様は人が変わってしまいます\n食べられないよう気をつけて下さい	
e4ca4c:22:1	いや‥冗談ぬきで‥‥	
e4ca4c:34:0	奥様をあきらめさせるには\nよりいっそう　おいしいものを\n見つけてくる以外‥‥	
e4ca4c:39:0	‥‥‥‥‥‥‥‥	
e4ca4c:41:0	を\n１匹５０ルクソルで\n買い取らせていただきます	
e4ca4c:51:0	を\n１匹５０ルクソルですね	
e4d22c:2:0	{c:07}うるわしのエノーラ\n{c:0f}	
e4d22c:19:0	{c:07}ロスタールのおねえさん\n{c:0f}	
e4d22c:20:0	{c:07}ロスタールのおばさん\n{c:0f}	
e4d22c:11:0	この家の女主人は\n食べるのが大好きなのよ\n旦那さんまで食べちゃったらしいわ	
e4d22c:12:0	女占い師のエノーラには\nお会いになりました？	
e4d22c:22:0	迷ったときには\n占ってもらうと良いですわ	
e4d22c:23:0	あらあら‥‥	
e4d22c:13:0	ここは\n強欲商人コンラットの屋敷よ	
e4d22c:14:0	勇者様のうわさを聞きました？	
e4d22c:34:0	まあ‥‥\n宿屋へ行ってみれば？	
e4d22c:35:0	風色の銀髪をまとった少年が\n	
e4d22c:36:0	黄金の弓を手に\n	
e4d22c:37:0	目もくらむ雷をあやつって\n	
e4d22c:38:0	輝く剣をひと振りして\n	
e4d22c:39:0	神様の加護をうけて\n	
e4d22c:40:0	怪物を退治したんですって！	
e4d22c:15:0	魔法学院へ行ってもムダだよ\n誰もいないからね	
e4d22c:41:0	オットー公爵は\n王家に起こった不幸について\n詳しく知ってるんだってね	
e4d22c:16:0	刀鍛冶のヴァッカードは\n１８年前に娘が家出してから\n剣をきたえるのを止めちゃったのさ	
e4d22c:43:0	おいらの生まれた漁村では\nすごくうまい魚が食えるんだ！	
e4d22c:43:1	{c:0b}ＦＩＳＬＯ\n{c:0f}フィスロの漁村の位置を教わった！	
e4d22c:17:0	聖教徒もオルティストも\n都への出入りは自由だ！	
e4d22c:18:0	聖教徒もオルティストも\n都への出入りは自由だ！	
e4d22c:21:0	王宮への立ち入りは自由だ！	
e4d22c:24:0	我らが教皇ヴェルメッサ様だけが\nこの世をお救いになられる	
e4d22c:25:0	ふふふ‥‥\n町の者は誰も\n聖教など信じていないのだ！	
e4d22c:26:0	うるわしのエノーラ‥‥\n教団にたてつく大ウソつきめ！	
e4d22c:27:0	ライオス王もラーバナ王妃も\nみなオルトナッシュの信者だ！	
e4d22c:42:0	ふふふ‥‥\nヴァッカードはフヌケ同然だ！	
e4d22c:3:0	　　占い師エノーラの館	
e4d22c:4:0	途（みち）見失いし者を\n導くのが私のつとめ‥‥	
e4d22c:10:0	あなたの行く手を\n占ってさしあげましょう	
e4d22c:31:0	{c:0b}ＳＵＰＰＬＹ\n{c:0f}ホリクスの力が回復した！	
e4d22c:72:0	まだホリクスが残ってます\nもう必要ないのですか？	
e4d22c:72:1	いいえは　い	
e4d8fc:14:0	{c:07}大司教トリステル\n{c:0f}	
e4d8fc:19:0	{c:07}ロスタールの修道僧\n{c:0f}	
e4d8fc:23:0	{c:07}マスターティナ\n{c:0f}	
e4d8fc:25:0	{c:07}ディサイプル・シルバー\n{c:0f}	
e4d8fc:26:0	{c:07}ディサイプル・ゴールド\n{c:0f}	
e4d8fc:70:0	{c:07}ナーシャ\n{c:0f}	
e4d8fc:2:0	　　　ロスタール大聖堂	
e4d8fc:90:0	よく来ましたね\n{name:0f00}‥‥	
e4d8fc:90:1	おまえの働きに\n私は満足しています	
e4d8fc:92:0	聖なる者に‥神のご加護を！	
e4d8fc:17:0	献金は神聖なもの\n欲張っても良いことはありません	
e4d8fc:18:0	献金されれば\n貢献レベルが上がります	
e4d8fc:20:0	教会への貢献レベルによって\n大司教様より記念の品が\nおくられましょう	
e4d8fc:21:0	教会への貢献ポイントは\n５０ルクソルの献金で１ＵＰ\n１００ルクソルの献金で５ＵＰです	
e4d8fc:22:0	ホリクサークルは\n聖なる者に力を与える象徴です	
e4d8fc:95:0	教会に献金していただけますか？	
e4d8fc:95:1	献金することわる	
e4d8fc:96:0	献金は‥神を信じる心の証‥‥	
e4d8fc:97:0	いかほど献金いただけますか？	
e4d8fc:97:1	　５０１００	
e4d8fc:34:0	ありがとうございます\nお返しに、ホリクスの力を\n回復してさしあげましょう	
e4d8fc:100:0	ありがとうございます\nお返しに、お好きなホリクスを\nひとつお取り下さい	
e4d8fc:101:0	{c:0b}ＢＥＬＩＥＶＥＲ\n{0a:006c}１になった！	
e4d8fc:102:0	{c:0b}ＢＬＥＳＳＥＤ\n{0a:006c}２になった！	
e4d8fc:103:0	{c:0b}ＢＡＰＴＩＺＥＤ\n{0a:006c}３になった！	
e4d8fc:104:0	{c:0b}ＥＶＡＮＧＥＬＩＳＴ\n{0a:006c}４になった！	
e4d8fc:105:0	{c:0b}ＳＡＩＮＴ\n{0a:006c}最高になった	
e4d8fc:108:0	{c:0f}教会への貢献レベルが	
e4d8fc:109:0	ユーソミルの町にある\nオルトナッシュの教会には\n秘密の地下室があるという話です	
e4d8fc:33:0	　キュリエンテス魔法学院	
e4d8fc:79:0	どちらへ行かれるつもりです？	
e4d8fc:80:0	魔法を使って\n扉の封印を解いて下さい	
e4d8fc:24:0	ここの２階から\n秘密の塔へ昇ることができます	
e4d8fc:24:1	塔の最上階へ行き\nナーシャの魔力を封印した\n智の結晶を取り戻して下さい	
e4d8fc:27:0	先ほどは　たいへん失礼しました	
e4d8fc:78:0	これをお持ち下さい	
e4d8fc:78:1	{c:0b}ＭＡＧＩＣ　ＳＣＲＯＬＬ\n{01:079b}{03:009b}{c:0f}を手に入れた！	
e4d8fc:73:0	智の塔は\n大魔法使いキュリエンテスが\n建てたそうです	
e4d8fc:60:0	お待ちくだされッ！！	
e4d8fc:60:1	ティ‥ティナさまッ！	
e4d8fc:60:2	お帰りなさいませッ　ティナさま！	
e4d8fc:60:3	私めは魔法学院をあずかる\nティナと申す者‥‥	
e4d8fc:60:4	おまえ様を勇者と見込んで\nお願いの議がございます	
e4d8fc:67:0	この老婆の願い‥‥\nお聞き届けいただけますか？	
e4d8fc:111:0	そこをなんとか曲げてお願いしたい	
e4d8fc:58:0	魔法のドアはね‥‥	
e4d8fc:58:1	がないと\n開かないんだよ	
e4d8fc:50:0	たくさんの魔法使いが学んでた‥‥	
e4d8fc:51:0	今は誰もいない魔法学院‥‥	
e4d8fc:52:0	{c:0b}大魔法使いキュリエンテス\n{c:0f}	
e4d8fc:115:0	おまえが\n来るのを待っていた	
e4d8fc:115:1	さっそくだが\nマリアを乗せた船が\n今夜‥ユーソミルへ向かう	
e4d8fc:115:2	私はその船に乗り込み\nマリアを救出するつもりだ	
e4d8fc:115:3	そこでお前に\n船を出してもらいたい\n頼まれてくれるな？	
e4d8fc:115:4	そうか‥‥\nしかたあるまいな	
e4d8fc:114:0	かたじけない	
e4e5e4:2:0	{c:07}装具店のねえちゃん\n{c:0f}	
e4e5e4:11:0	{c:07}武器屋のあんちゃん\n{c:0f}	
e4e5e4:12:0	{c:07}雑貨店のにいちゃん\n{c:0f}	
e4e5e4:13:0	　　ロスタールの装具店	
e4e5e4:15:0	{c:0b}賢さの秘密\n{c:0f}本書の内容を十分に生かすならば\n『力強さの秘密』と\n『素早さの秘密』を読む事を薦める	
e4e5e4:16:0	{c:0b}世界の武器屋・防具屋\n{c:0f}店では取り扱うことのできない\n貴重な武器をコインと交換している\nコイン商がどこかの町にいるそうだ	
e4e5e4:17:0	{c:0b}ＳＡＶＩＮＧＳ\n{c:0f}５ルクソルを見つけた	
e4e5e4:34:0	{c:0b}ＢＬＡＮＫ　ＰＡＰＥＲ\n{c:0f}何も書かれていない	
e4e5e4:18:0	{c:0b}頭の良くなる薬\n{c:0f}	
e4e5e4:18:1	６個　{03:0026}を１２個\n{03:0027}を６個　{03:0028}を６個\nを混ぜ合わせるとできあがる	
e4e5e4:19:0	　　ロスタールの武器屋	
e4e5e4:21:0	{c:0b}世界の一流武器図鑑\n{c:0f}剣の中には刀匠自らの名が\n付くほどの優れた物があるが\n中でも{01:075b}{03:005b}が有名である	
e4e5e4:22:0	{c:0b}素早さの秘密\n{c:0f}本書の内容を十分に生かすならば\n『賢さの秘密』と\n『力強さの秘密』を読む事を薦める	
e4e5e4:23:0	　　ロスタールの雑貨屋	
e4e5e4:25:0	いらっしゃいませ～	
e4e5e4:26:0	買い物なら\nカウンターごしに\n話しかけてね	
e4e5e4:27:0	買い物だったら\nカウンター越しに\n話しかけてね	
e4e5e4:28:0	どうやって入ってきたの？	
e4e5e4:100:0	{c:07}装具店のねえちゃん\n{c:0f}	
e4e5e4:100:1	お買いものですか\n何になさいます？	
e4e5e4:100:2	何をお求めになりますか？	
e4e5e4:100:3	は１つ\n	
e4e5e4:100:4	ルクソルです。\n	
e4e5e4:100:5	いくつ買いますか？	
e4e5e4:100:6	‥‥？\nお金が\n足りないようですけど‥	
e4e5e4:100:7	ありがとうございます\n他には‥いかがですか？	
e4e5e4:100:8	珍しい‥‥\nお客様の選ばれた品は\n持ちきれないようですわ	
e4e5e4:100:9	どれを売りますか？	
e4e5e4:100:10	売れる物が\n無いみたいですけど？	
e4e5e4:100:11	を\nいくつ売りますか？	
e4e5e4:100:12	ありがとうございます	
e4e5e4:100:13	他に何を売りますか？	
e4e5e4:100:14	持ち金が一杯のようです	
e4e5e4:100:15	またいらしてくださいね	
e4e5e4:101:0	{c:07}武器屋のあんちゃん\n{c:0f}	
e4e5e4:101:1	買いものかい\n何にする？	
e4e5e4:101:2	何を買ってくれるんだい？	
e4e5e4:101:3	は１つ\n	
e4e5e4:101:4	ルクソルです。\n	
e4e5e4:101:5	いくつ買うんだい？	
e4e5e4:101:6	お金が足りないよ	
e4e5e4:101:7	ありがとね\n他の品も見てみてよ	
e4e5e4:101:8	それ以上は持てないよ	
e4e5e4:101:9	どれを売るんだい？	
e4e5e4:101:10	売れる物が\n無いみたいだけど？	
e4e5e4:101:11	を\nいくつ売りますか？	
e4e5e4:101:12	ありがとね	
e4e5e4:101:13	他に何を売るんだい？	
e4e5e4:101:14	持ち金が一杯のようだね	
e4e5e4:101:15	いつでものぞいてよね	
e4e5e4:102:0	{c:07}雑貨屋のにいちゃん\n{c:0f}	
e4e5e4:102:1	いらっしゃい\n何にいたします？	
e4e5e4:102:2	何をお求めになりますか？	
e4e5e4:102:3	は１つ\n	
e4e5e4:102:4	ルクソルです。\n	
e4e5e4:102:5	いくつ買いますか？	
e4e5e4:102:6	お金を\n払ってくれないと‥‥	
e4e5e4:102:7	ありがとう	
e4e5e4:102:8	それ以上は持てないよ	
e4e5e4:102:9	どれを売りますか？	
e4e5e4:102:10	売れる物が\n無いみたいですけど？	
e4e5e4:102:11	を\nいくつ売りますか？	
e4e5e4:102:12	ありがとう	
e4e5e4:102:13	他に何を売りますか？	
e4e5e4:102:14	持ち金が一杯ですね	
e4e5e4:102:15	いつでもどうぞ	
e4e5e4:103:0	{c:07}強欲商人コンラット\n{c:0f}	
e4e5e4:103:1	して‥このたびは\nどういった御用むきでしょう？	
e4e5e4:103:2	ひやかし‥‥ですか‥‥	
e4e5e4:103:3	{c:07}強欲商人コンラット\n{c:0f}{05:ff}ん？　よく見れば\n大して金になりそうもない！	
e4e5e4:103:4	{c:07}強欲商人コンラット\n{c:0f}{05:ff}時間の無駄だ！\nさっさと出ていってくれ！！	
e4e5e4:103:5	いつでもいらして来さいね	
e4e5e4:103:6	おやおや‥‥\n売っていただけるので？	
e4e5e4:103:7	まだ何か売りますか？	
e4e5e4:103:8	ヘッヘッヘッ‥‥	
e4ef74:2:0	おお‥‥\nやはり私めの見込んだとおり！	
e4ef74:2:1	ささっ　こちらへいらして下され	
e4ef74:17:0	あの子が勇者だって！？	
e4ef74:17:1	‥‥ということは\nヴァユの象徴！！\n勇者ラザレスの‥‥？	
e4ef74:17:2	シーッ！！\n聞こえちゃうだろッ！？	
e4ef74:22:0	シルバーッ！！	
e4ef74:22:1	ハイッ　ティナさま！	
e4ef74:22:2	ゴールドッ！！	
e4ef74:22:3	いかなことも\nティナさまの意のままに‥‥	
e4ef74:22:4	即刻！　ナーシャをこれへ‥‥	
e4ef74:24:0	かしこまりました！	
e4ef74:24:1	ただちにッ！	
e4ef74:24:2	これからご紹介する{name:0f02}は\n不幸な生い立ちの娘なのです	
e4ef74:24:3	かわいそうに‥‥\n{name:0f02}は幼くして両親を亡くし\nこの魔法学院で育てられました	
e4ef74:24:4	天才的な魔法の素質によって\n８歳で魔法を極め尽くした彼女は\n学院最高の栄誉をうけるはずでした	
e4ef74:24:5	２年前‥‥オルトナッシュ最高幹部紫炎アディスの策謀によって\nその力を封印させられるまでは‥‥	
e4ef74:24:6	どうか‥‥貴方のお力で\nあの娘を運めの呪縛から\n解き放って下され	
e4ef74:24:7	‥は‥はじめまして‥‥\nナーシャ‥です	
e4ef74:24:8	私‥頭良くないけど‥‥\nがんばって‥‥りっぱな\n魔法使いに‥なりたいの	
e4ef74:24:9	いっしょに‥‥\nいっしょに連れていって\nくださいッ！	
e4ef74:24:10	{c:0b}ＦＯＲＣＥ　ＭＡＳＴＥＲ\n{c:07}ナーシャ{c:0f}が仲間に加わった！	
e4ef74:4:0	霊皇サルモン‥いやグレゴリー殿に勇者となるべく育てられた\nおまえ様をお待ちしておりました	
e4ef74:4:1	グレゴリー殿からの手紙で\n今度のいきさつも\nおおよそは存じております	
e4ef74:4:2	話も長くなりましょう\nささっ　こちらへいらして下され	
e4ef74:14:0	おどろかれたでしょう\nここも今では私めと３名の高弟を\n残すのみとなってしまいました	
e4ef74:14:1	して‥グレゴリー殿は\nその後‥お元気ですかな？	
e4ef74:15:0	あの方のことです\n心配せずとも\nいずれ所在も知れましょう	
e4ef74:15:1	それよりも今はご自分のことを\n考えねばなりますまい	
e4ef74:15:2	なぜグレゴリー殿が　おまえ様を\nここへ来させることにしたのか‥‥	
e4ef74:15:3	古代王国の大魔法使い\nキュリエンテスなる人物を\nおまえ様はご存じですかな？	
e4ef74:16:0	エイナス世界における魔法の歴史は古代イシュメリアの魔術師長だったキュリエンテスから始まりました	
e4ef74:16:1	彼はその偉大な魔力によって\n永遠の生命を得た人物で\n滅びの獣の討伐にも尽力しました	
e4ef74:18:0	フォースマスターを目指すならば\n「智の塔」で　かの大魔法使いに\n会う必要がありましょう	
e4ef74:18:1	そこで‥ひとつ\nお願いの議がございます	
e4ef74:21:0	おお‥‥さすがは\n霊皇サルモンに育てられしお子！	
e4ef74:23:0	ナーシャと申す\n魔法使いの娘がおります	
e4ef74:23:1	すばらしい魔法の才を\n有しておるのですが‥‥	
e4ef74:23:2	少し性格に問題がございまして\n「智の塔」にて修行させております	
e4ef74:23:3	‥‥ナーシャをお連れ下さい\n必ずやあなた様の\nお役に立つはずです	
e4ef74:23:4	さあ‥この方を\n「智の塔」へご案内しなさい！	
e4ef74:5:0	　　碧落の都　ロスタール	
e4ef74:7:0	{c:0b}ＬＥＴＴＥＲ\n{c:0f}グレゴリー爺さんからの手紙	
e4ef74:7:1	{name:0f00}{c:0f}や‥‥\n元気にしておるか？\nおまえに見せたいものがあるんじゃきっと気に入ってもらえるじゃろう	
e4ef74:7:2	地図を記しておく\n都の西の鉱山で待っておるよ\nああ‥早く会いたいのぉ‥‥\n{c:07}　　～おまえの愛しい爺ちゃんより	
e4ef74:9:0	{c:0b}ＩＮＶＩＴＡＴＩＯＮ\n{c:0f}紫炎アディスからの招待状	
e4ef74:9:1	{c:0f}親愛なるナーシャちゃん‥‥\nロスタールの西に位置する\n私の鉱山へいらっしゃい	
e4ef74:9:2	私たちが何を求めているのか‥‥\nそこにある物を見てもらえれば\nきっと満足してもらえるはず‥‥\n会えるのを楽しみにしているわ	
e4ef74:30:0	もう一度よむ手紙をしまう	
e4ef74:45:0	どうしたんですか	
e4ef74:47:0	どうかしたのかい\nヴェストリル？	
e4ef74:48:0	実は‥{14:0150000000}言っておかなければ\nならないことが\n{14:0110000000}{05:06}あったんです	
e4ef74:49:0	なんだよ　さっさといえよ	
e4ef74:51:0	イヤな予感がするねえ	
e4ef74:52:0	‥‥我慢できないんです\n{14:0158000000}神も\n{14:0128000000}{05:07}許して下さることでしょ	
e4ef74:52:1	アディスが手紙を\nよこしてくレター	
e4ef74:53:0	爺ちゃんが{14:0108000000}{05:07}手紙を\n{05:08}よこしてくレター	
e4ef74:54:0	‥‥無念	
e4ef74:10:0	{name:0f00}どの‥‥\n貴方のゆかれるべき途（みち）は\nエノーラに占ってもらいなされ	
e4ef74:12:0	紫炎アディス‥‥\n霊牙バスターギア‥‥\n鋼武人バートラム‥‥	
e4ef74:12:1	オルトナッシュ教皇ヴェルメッサに『天上の三神人（さんこうと）』と云わしめた最高幹部です	
e4ef74:13:0	モッグルは\n紫炎アディスの使い魔‥‥	
e4ef74:13:1	智の塔にモッグルが現れたとなるとアディスはこの学院を\nずっと監視していたのでしょう	
e4ef74:35:0	聖なるホリクスよ\n勇者を勝利へと導きたまえ！	
e4ef74:34:0	を\n配置なさってください	
e4ef74:26:0	また‥めんどうな物を	
e4ef74:26:1	防具は創らねえ主義だが\n１つだけなら\n考えてやってもいい	
e4ef74:26:2	なににする？	
e4ef74:26:3	タテ　カブトヨロイ	
e4feec:41:0	あなたをとりまく\n４つの星が見えます	
e4feec:41:1	運命的な出会いが\n貴方の持つ\nもう１つの強いきずな‥	
e4feec:41:2	貴方と前世から\nつながりを持つ少女を\n救うことになるでしょう	
e4feec:41:3	すでに３つの星は\n動き始めています	
e4feec:41:4	魔法学院へ行きなさい\n最後の星がそこで\n貴方を待っていますよ	
e4feec:42:0	深い地の底にうごめく\n汚れしもの‥‥	
e4feec:42:1	大いなる破滅の波動を\nもたらす元凶が\nそこにあります‥‥	
e4feec:42:2	あなたはそこで\n滅びの力をもたらす者の\n存在を知るでしょう	
e4feec:43:0	誰かが都のどこかで\nあなたの助けを\n必要としています	
e4feec:44:0	聖なる小竜ウリテクスは\n都の東‥峡谷の神殿を\n護っています	
e4feec:44:1	あなたの為すべきを\n聖竜は導き示すでしょう	
e4feec:45:0	遠く‥‥\n潮騒の音が聞こえます	
e4feec:45:1	みにくきもの‥‥\nとらわれし巨人‥‥	
e4feec:45:2	五元の神をうつせし\n聖像のひとつが\nそこに眠っています	
e4feec:46:0	海渡る猛き者‥‥\n王家にまつわる因縁‥‥\n呪われし森の入り口‥‥	
e4feec:46:1	さびれし漁村に\n滅びゆく者の姿が\n見えます	
e4feec:46:2	村への航路を探しなさい	
e4feec:12:0	五元の神を写せし\n聖像のてがかりを\n得ることでしょう	
e4feec:47:0	海の嘆きは海神の怒り\n果たされぬままの約束が\nカギとなるでしょう	
e4feec:47:1	争いを求めず和をもって\n海神に会うのです	
e4feec:47:2	さすれば五元の神を写せし\n聖像への道は\n開かれるでしょう	
e4feec:48:0	死の宿命を運められし\n親しき者の姿が見えます	
e4feec:48:1	運めに立ち向かい\nそして散りゆく者の姿が‥	
e4feec:49:0	強大な力　黒い意志‥‥\nこの世のものでない存在‥\nおそらくは冥界の者	
e4feec:49:1	行きなさい\n真実は\nあなたと共にあります	
e4feec:50:0	闇に覆われた人々‥‥\n天上にそびえし塔に\nかぼそき光が見えます	
e4feec:50:1	あなたの力を必要とする\n清らかな光が‥‥	
e4feec:50:2	憎しみを力となす者が\nあなたの行く手を\nはばむことでしょう	
e4feec:51:0	海神の島に\n封じられし聖像	
e4feec:51:1	時のしずくが\n島の呪縛を解き放つとき\n五つの聖像が輝くでしょう	
e4feec:52:0	滅びの運めより\nこの世を救う希望の力	
e4feec:52:1	五体の聖像を\n古の聖円におさめしとき\n道は開かれるでしょう	
e4feec:53:0	ユーソミルより陸路を伝い\n水の神殿を目指しなさい	
e4feec:53:1	仙剣シャクハールが\nあなたの道を示すでしょう	
e4feec:54:0	今こそ滅びの運めを\n切り開くのです	
e4feec:54:1	人にこの世を継ぐべき\n資格があるのか\nそれを示すのです	
e4feec:2:0	おや？\nあんた‥ひょっとすると\n{name:0f00}って剣士だね？	
e4feec:2:1	ああ‥良かったよ‥‥\n手紙をあずかってるんだ！\n変な　ばあさんからね！	
e4feec:2:2	{c:0b}ＮＯＴＥ\n{c:07}オルガからの手紙{c:0f}を読んだ！	
e4feec:2:3	だいぶ活やくしてるようだね\n行く先々で　うわさを聞いちゃあ\n師匠として鼻高に思っているよ	
e4feec:2:4	だけど‥都に着くのが\n少し遅かったみたいだ\nやつらが動き出してる\n‥‥気をつけな	
e4feec:2:5	あたしは一足先に都を出る\nあんたなら追いつけるはずだ\n詳しい話はその時に‥‥\n　　　　　　　　～オルガより～	
e4feec:2:6	それからっと‥‥\n大事なものなんだろ？\nさあ‥持っていきな	
e4feec:2:7	{c:0b}ＷＥＡＰＯＮ\n{01:075b}{03:005b}{c:0f}を手に入れた！	
e4feec:9:0	{name:0f00}どの‥‥\n王城には行かれましたかな？	
e4feec:10:0	五元の神をうつせし聖像は\nキュリエンテスがつくったものと\nいわれております	
e4feec:11:0	仙剣シャクハール‥‥	
e4feec:11:1	水アバースの神ポツレスを\n封じた剣の眠る塔が\nこの世のどこかにあるとか‥‥	
e4feec:33:0	ご武運を\nお祈りしておりますぞ！	
e4feec:14:0	{c:07}『竜殺しも剣のひと振りから‥‥\n　まずはご覧になってください』\n{c:0f}　名剣ヴァッカードは売り切れ！\n{c:07}　　　　－ロスタールの武器屋－	
e4feec:15:0	{c:07}『おすすめ品！\n　プレートスーツ大特価！！』\n{c:0f}　あの碧き騎士レナード御用達の店{c:07}　　　　－ロスタールの装具店－	
e4feec:16:0	{c:07}『あなたの気に入った品を\n　いつもご提供いたします』\n{c:0f}　もっとも利用価値の高い店\n{c:07}　　　　－ロスタールの雑貨屋－	
e4feec:17:0	{c:07}『落日のうれいも\n　心地よくお流しいただけます』\n{c:0f}　お泊まりはご予算にあわせて\n{c:07}　　　　－碧落の都ラザレス亭－	
e4feec:18:0	ウパウパ働く！\nお金たくさんくれる！\n村にクスリ買って帰る！	
e4feec:18:1	心配ない！\nここにいるの少しだけ‥\nウパウパさびしくない！	
e4feec:19:0	ウパウパ幸せ！！\n毎日おいしいもの\n食べさせてもらってる！	
e4feec:19:1	でも‥少し太った‥‥\n村もちょっと恋しい‥‥	
e4feec:20:0	あいたかった！\nとってもとても\nあいたかた！！	
e4feec:20:1	じいちゃんも\n心配してた！！	
e4feec:20:2	そう！\nじいちゃんの伝言\nつたえる！！	
e4feec:20:3	「ウリテクスの峡谷」へ\n行く！！	
e4feec:20:4	ウリテクス‥\nウーリクーリの神様！	
e4feec:20:5	きっと\n助けてくれる！	
e4feec:20:6	じいちゃん言ってた！！	
e4feec:21:0	ありがと‥\n{name:0f00}！	
e4feec:22:0	城へまいられよ！\n陛下が会いたいそうだ	
e4feec:29:0	さっさと城へ行け！	
e4feec:23:0	踊りがひろうされるとかで\nコンラットは\nお城の劇場へ出かけたわ	
e4feec:24:0	コンラットが\nちっちゃなサルを捕まえてたわ	
e4feec:25:0	強欲商人コンラットの館２Ｆ本棚１	
e4feec:26:0	強欲商人コンラットの館２Ｆ本棚２	
e4feec:27:0	お城のコックは\nフィスロって漁村の生まれだってね	
e4feec:28:0	あんたをたずねてきた\nウーリクーリの子を\nコンラットが連れてったよ	
e4feec:199:0	{name:0f00}だな\nこれを受け取れ！	
e4feec:199:1	{c:0b}ＴＲＥＡＳＵＲＥ\n{01:0713}{03:0013}{c:0f}を受け取った！	
e4feec:199:2	確かに渡したぞ！	
e4feec:34:0	フィスロの村長の息子シャーキンは海賊島の首領をしてるってな！	
e4feec:35:0	食べ物のことだったら\n料理人に聞くのが一番よね！	
e4feec:36:0	そ‥そいつは‥‥ッ！？	
e4feec:36:1	いや‥まさか‥‥\n{01:0760}{03:0060}\nだというのか！？	
e4feec:36:2	‥‥‥‥‥‥‥‥	
e4feec:36:3	わかった‥‥\n直せるものか\nできるだけやってみよう	
e4feec:37:0	宿屋にでも泊まって\n明日もう一度‥来てくれ	
e4feec:40:0	来たな‥‥	
e4feec:40:1	これが\n{01:0760}{03:0060}だ\n持って行け！！	
e4feec:40:2	{c:0b}ＷＥＡＰＯＮ\n{01:0760}{03:0060}{c:0f}を受け取った	
e50cc0:2:0	「智の塔」は\nこの学院の２Ｆにある魔法部屋から行くことができます	
e50cc0:2:1	では‥まいりましょう	
e50cc0:2:2	この魔法の扉を開き\n「智の塔」を目指して下さい	
e50cc0:2:3	それと魔法に必要なホリクスを\nお渡ししておきます	
e50cc0:3:0	‥‥お帰りなさいませ	
e50cc0:3:1	ティナ様がお待ちでございます\n下へいらして下さい	
e50cc0:3:2	そうですか‥‥\nナーシャは塔に残ると\n申しておりましたか‥‥	
e50cc0:3:3	されば‥\n第六のホリクスを見つけられたら\nここへお持ち下され	
e50cc0:3:4	その時こそ‥‥\nナーシャの力がお役に立つはずです	
e50cc0:3:5	そうじゃ‥‥\nこの呪文書をお持ち下され\nきっとお役に立ちましょうぞ	
e50cc0:3:6	{c:0b}ＭＡＧＩＣ　ＳＣＲＯＬＬ\n{01:079f}{03:009f}{c:0f}を手に入れた！	
e50cc0:3:7	くれぐれも‥お気をつけて	
e50cc0:8:0	ありゃりゃ‥‥\nなんだか\n困ったことになりそうだ	
e50cc0:4:0	なんだ‥なんだ！？\n何が始まろうってんだ？	
e50cc0:34:0	{name:0f00}だなッ！？	
e50cc0:34:1	陛下のご命令だ！！！\n城まで同行ねがおうか！	
e50cc0:6:0	フフフ‥‥	
e50cc0:6:1	ハハハ‥‥	
e50cc0:7:0	ほんの数年前までは\n	
e50cc0:9:0	人の役に立つために\n	
e50cc0:10:0	優秀な魔法使いたちが\n太古の秘法について討論した‥‥	
e50cc0:11:0	フフフ‥‥残念でした	
e50cc0:11:1	学院長のマスターティナさまは\nお出かけになっていて\n帰りはわからないよ	
e50cc0:12:0	ふ～ん	
e50cc0:12:1	そういうことするんだ‥‥	
e50cc0:13:0	{c:0b}ホリクスの採集地\n{c:0f}ホリクスは森や峡谷など\n様々な場所で採取する事ができる	
e50cc0:14:0	{c:0b}ア・セカンド・キュリエンテス\n{c:0f}学院卒業者に与えられる最高の称号過去　この賛辞を受けた者は\n紫炎アディスと霊皇サルモンのみ	
e50cc0:15:0	{c:0b}大魔法使いキュリエンテス\n{c:0f}古代イシュメリアの魔術師長\n自然の理を支配する\nホリクスの謎を解明した	
e50cc0:16:0	{c:0b}大魔法使いキュリエンテス\n{c:0f}その偉大な魔力により\n五大ホリクスの神と\n思念で会話をすることができた	
e50cc0:19:0	{c:0b}滅びの獣ケォルトゥース\n{c:0f}勇者ラザレスに討たれし滅びの獣はその肉片を世界中に飛ばし\n悪しき波動で自然の理を狂わせた	
e50cc0:20:0	{c:0b}呪われし樹海ヨルグ\n{c:0f}滅びの獣の血を浴び\n美しき森は永遠の呪いにとらわれた	
e50cc0:21:0	{c:0b}ラザレスの墳墓\n{c:0f}ラザレスは滅びの獣を討った後\n力つき永き眠りについた\nいずこかにある墳墓の中で‥‥	
e50cc0:22:0	{c:0b}五元の「しるし」\n{c:0f}教会の聖なる五元の「しるし」は\n太古の魔術師長キュリエンテスが\nさだめたものとされている	
e50cc0:23:0	{c:0b}聖教の起源\n{c:0f}『聖教は　何かを後世に伝えるためキュリエンテスが興した‥‥』\nという説は異端の証明がなされた	
e50cc0:48:0	{c:0b}力強さの秘密\n{c:0f}本書の内容を十分に生かすならば\n『素早さの秘密』と\n『賢さの秘密』を読む事を薦める	
e50cc0:17:0	{c:0b}特殊なホリクス２\n{c:0f}世界中に散在している\n特殊なホリクスは全部で\n１２種類あると言われている	
e50cc0:18:0	{c:0b}最強の武器\n{c:0f}おそらく棍の中では\nセイクリッドが使用する\n{01:076e}{03:006e}こそが最強であろう‥	
e50cc0:24:0	{c:0b}ラザレスの聖像１\n{c:0f}滅びの獣の討伐後　その偉業を讃え古代イシュメリアの生存者達が\nつくった救世主ラザレスの彫像	
e50cc0:25:0	{c:0b}ラザレスの聖像２\n{c:0f}ラザレスの聖像は五元の神を象った全５体の聖像の一つで残りの４体は各神を祭った神殿に安置された	
e50cc0:50:0	{c:0b}ＲＥＡＤ　ＴＨＲＯＵＧＨ\n{c:0f}読むだけで強くなる本３部作読破	
e50cc0:35:0	{c:0f}を授かった！	
e50cc0:26:0	{name:0f00}の\n信仰の深さを認め\n	
e50cc0:26:1	{c:0b}ＴＲＩＮＫＥＴ\n	
e50cc0:27:0	{name:0f00}に\n神の祝福を与え\n	
e50cc0:27:1	{c:0b}ＭＡＧＩＣ　ＳＣＲＯＬＬ\n	
e50cc0:28:0	{name:0f00}に\n洗礼を与え\n	
e50cc0:28:1	{c:0b}ＴＲＩＮＫＥＴ\n	
e50cc0:29:0	{name:0f00}を\n福音を伝えし者と認め\n	
e50cc0:29:1	{c:0b}ＡＲＭＯＲ\n	
e50cc0:30:0	{name:0f00}を\n聖者たる者と認め\n	
e50cc0:30:1	{c:0b}ＷＥＡＰＯＮ\n	
e50cc0:31:0	ここに記念の品を贈りましょう	
e50cc0:32:0	あら‥こわい顔して\nおなかが減ってるの？	
e50cc0:32:1	すごいすご～い！\nほんものの\n{01:0720}{03:0020}！！	
e50cc0:32:2	‥‥分かったわ	
e50cc0:32:3	そのかわり‥‥\nその‥{01:0720}{03:0020}を\nもっと釣ってきて	
e50cc0:32:4	‥‥１匹５０ルクソルで\n買い取らせてもらうわ	
e50cc0:40:0	によって\n救世主ラザレスの失われた力を\n取り戻した！	
e50cc0:45:0	{c:04}胸のしめつけられるような\n思いがする‥‥\nなつかしい‥とても大切な何かに\nふれたような気がした‥‥	
e50cc0:46:0	{c:0b}レナの日記１\n{c:0f}おじいさまの残された古い書物に\n記されていた{01:0760}‥‥こんなにも心ひかれるのは‥なぜ？	
e50cc0:47:0	{c:0b}レナの日記２\n{c:0f}父様の跡を継ぐことが\n私には許されないなんて‥‥\n女なんかに生まれなきゃ良かった	
e50cc0:51:0	エノーラの占い１を聞いた	
e50cc0:101:0	智の塔のイベントクリア後\n（魔法使い専用イベント）	
e50cc0:102:0	鉱山クリア\n呪塊消え去った後	
e50cc0:103:0	珍魚サラドス＋１	
e50cc0:104:0	王からの招待状をもらう！	
e50cc0:105:0	ラザレスの聖像を手に入れた	
e50cc0:106:0	聖像を全て集めた	
e50cc0:107:0	捕物イベントを開始しますか？	
e50cc0:108:0	魔剣のヒルト入手	
e50cc0:109:0	魔鋼カリーブス入手	
e50cc0:110:0	智の塔をクリアした時のイベント\nを開始しますか？	
e50cc0:111:0	ヴェルメッサ登場からの復帰\nを開始しますか？	
e50cc0:112:0	レナの部屋に初めて入る	
e52598:6:0	{c:0b}ＨＯＬＩＸ\n{01:0752}{03:0052}{c:0f}を手に入れた！	
e52598:76:0	{c:0b}ＢＯＯＫ\n{c:0f}本を手にとって開いた	
e52598:92:0	気を失っているようだ‥‥	
e52598:93:0	レナード様のカタキだ！！	
e52598:95:0	来たな‥‥	
e52598:95:1	オットーよ！！\nその連中をひっ捕らえよ	
e52598:95:2	はっ‥‥\nかしこまりました！	
e52598:95:3	そぉれッ！\nいっせいに\n押し包んでしまえ！！	
e52598:96:0	さすがに‥\nレナードを倒しただけの\nことはある	
e52598:96:1	じゃが‥\nまだまだこれからゾ！！	
e52598:96:2	みなの者！\nであえッであえ～いッ！	
e52598:97:0	こ‥これは‥‥\nなんとしたことじゃ‥‥	
e52598:97:1	ええいッ！\n何をしておる！！\n早くやってしまえ！	
e52598:97:2	おそれながら‥陛下！\nこのままでは\n兵が全滅してしまいます	
e52598:97:3	そんなことは\n問題ではないッ！！\n口答えをするではないわ！	
e52598:97:4	‥‥‥‥‥‥‥‥	
e52598:97:5	‥‥かしこまりました	
e52598:97:6	陛下のため‥‥\nみなの命‥捨ててくれ！	
e52598:98:0	しかたがない‥\nかくなる上は私が‥‥	
e52598:110:0	待ちな‥じいさん！	
e52598:99:0	そんなバカ王のために\nあんたが\n死ぬ必要はねえよ‥‥	
e52598:99:1	な‥なんとッ！？	
e52598:99:2	だまれッ‥ぶれい者！！	
e52598:99:3	おい！\nアレをよこしな‥‥	
e52598:99:4	オレ様が‥\nあのバカの正体を\nあばいてやる！！	
e52598:99:5	{c:0b}ＴＲＥＡＳＵＲＥ\n{01:0714}{03:0014}{c:0f}を手渡した！	
e52598:99:6	見てろよ‥じいさん！	
e52598:99:7	これが\nあの野郎の正体だ！！	
e52598:99:8	そ‥それはッ！！	
e52598:99:9	う‥うおおおおおッ！！	
e52598:99:10	‥‥や‥め‥ろ‥ぉ！！	
e52598:102:0	そ‥そんな‥‥\n陛下に呪いが‥‥？	
e52598:102:1	はあ‥‥	
e52598:102:2	ちがうだろ‥じいさん？\nあの野郎は‥\n王なんかじゃねえ‥‥	
e52598:102:3	王どころか‥\n人でさえもねえ！\nありゃあ悪魔だよ‥‥	
e52598:102:4	オルトナッシュが\n王宮へ送り込んだ\n本物の悪魔なんだよ！！	
e52598:102:5	あ‥‥あ‥く‥ま‥‥\n‥悪魔ですとッ！！！？	
e52598:102:6	あとは‥まかせたぜ‥‥	
e52598:102:7	それから‥	
e52598:102:8	このロウソクは\nいただいて行くぜッ！	
e52e4c:4:0	{c:07}オルティス１３\n{c:0f}	
e52e4c:2:0	‥おまえ‥は‥何‥者‥だ‥？	
e52e4c:2:1	‥俺‥と‥話‥が‥したい‥のか？	
e52e4c:2:2	は　いいいえ	
e52e4c:8:0	‥たいくつ‥で‥死に‥そうだ‥	
e52e4c:7:0	‥おまえ‥\n‥かっこいい‥顔‥してる‥な‥‥	
e52e4c:7:1	‥俺‥と‥\n‥顔‥を‥交換‥しないか‥‥？	
e52e4c:7:2	交換するいやだ！	
e52e4c:9:0	‥何のために‥\n‥ここへ‥来たんだ‥‥？	
e52e4c:10:0	‥は‥は‥は‥は‥は‥は‥‥\n‥おもしろい‥奴‥だ‥な‥‥	
e52e4c:10:1	‥ほんとうに‥おまえの‥顔‥を‥‥もらって‥も‥いいの‥か‥？	
e52e4c:10:2	は　いいいえ	
e52e4c:14:0	‥じゃあ‥交換‥する‥ぞ‥‥	
e52e4c:29:0	フッ‥‥\nそう簡単に聖像の探索を\nさせてなるものか	
e52e4c:29:1	勇者ご一行には\nここでしばらく時間を\nつぶしていただこう	
e52e4c:29:2	さて‥このことを\nアディス様に\nご報告しなければ‥‥	
e52e4c:29:3	ライオス陛下ぁーーーッ！！	
e52e4c:29:4	はあっはあっはあっ‥‥\n大変ですッ！！	
e52e4c:29:5	どうした‥‥？\n何があったというのだ？\n落ちついて話してみよ	
e52e4c:29:6	はあっはあっ‥それが‥‥\n仮面をつけた妖しい男が\n城内で騒ぎを起こしておりまして	
e52e4c:29:7	仮面をつけた男！？\n何者だ‥そいつはッ！？	
e52e4c:29:8	へ？　いえ‥ですから‥\n仮面をつけていますもので\n何者か‥さっぱり‥‥	
e52e4c:29:9	ええいッ‥もうよい！！\n私がまいる！	
e52e4c:29:10	そこをどけッ！	
e52e4c:29:11	あら？\n陛下のお声が聞こえたような\n気がしたのだけれど‥‥	
e52e4c:29:12	あら‥なんでしょう‥‥？	
e52e4c:29:13	え‥‥？	
e52e4c:29:14	‥‥聖像を守る大神官‥‥？	
e52e4c:29:15	‥‥コンロールの島‥‥？	
e52e4c:29:16	‥‥何のことかしら？	
e52e4c:31:0	女‥っ‥！！\nそこで‥何を‥して‥いる‥‥！？	
e52e4c:31:1	‥‥‥ッ！！	
e52e4c:31:2	キャアー！\nお化けぇーーーッ！！	
e52e4c:31:3	‥は‥は‥は‥は‥は‥\nまた‥おどろ‥かせて‥しまっ‥た	
e52e4c:34:0	‥ご‥主人‥様‥に‥\n‥見つかる‥前に‥戻らないと‥‥	
e52e4c:34:1	‥おもしろ‥かった‥ぞ‥‥	
e52e4c:36:0	おまえ‥気に入った‥から‥\n願いを‥聞いて‥やろう‥‥	
e52e4c:36:1	といっても‥扉‥くらい‥しか‥\n開けて‥やれ‥ない‥けど‥な‥‥	
e52e4c:36:2	扉‥を‥開けて‥やろう‥か‥‥	
e52e4c:36:3	は　いいいえ	
e52e4c:37:0	何か‥して‥やりたい‥のに‥‥	
e52e4c:40:0	借り‥を‥返せて‥うれしい‥よ‥	
e52e4c:50:0	{c:0b}ＬＥＴＴＥＲ\n{c:0f}紫炎アディスへの手紙	
e52e4c:50:1	アディス様\n勇者どもは、城へ足止めしました。聖像を守る大神官は欲深な男。\n誘惑し、操ることは簡単です。	
e52e4c:50:2	コンロールの島の満干の聖月は、\n{01:0701}{03:0001}を拒みます。\n{01:0706}{03:0006}をバートラムが\n守る限り、聖像は	
e52e4c:50:3	{c:0b}？？？\n{c:0f}手紙は途中で終わっていた	
e52e4c:50:4	もう一度よむ手紙をしまう	
e5385c:2:0	{c:07}ライオス王\n{c:0f}	
e5385c:3:0	{c:07}オットー公爵\n{c:0f}	
e5385c:4:0	{c:07}ロスタール城の兵士\n{c:0f}	
e5385c:5:0	{c:07}王家に仕える女\n{c:0f}	
e5385c:6:0	{c:07}碧き騎士レナード\n{c:0f}	
e5385c:7:0	{c:07}王家の執事\n{c:0f}	
e5385c:8:0	{c:07}王家お抱えのコック\n{c:0f}	
e5385c:9:0	{c:07}ラーバナ王妃\n{c:0f}	
e5385c:10:0	{c:07}踊り子レイチェル\n{c:0f}	
e5385c:22:0	{c:07}カシム\n{c:0f}	
e5385c:23:0	{c:07}ナーシャ\n{c:0f}	
e5385c:24:0	{c:07}オルガ\n{c:0f}	
e5385c:25:0	{c:07}ヴェストリル\n{c:0f}	
e5385c:50:0	は　いいいえ	
e5385c:11:0	「遊びに行きたいよぉ～」	
e5385c:12:0	おまえのことは知っているぞ\nマロアの町を救った勇者だと\n評判になってるらしいな	
e5385c:13:0	ここはミュージアム（博物館）！\nおまえが真の勇者と認められれば\n立ち入りを許されよう	
e5385c:14:0	ライオス王は遊びの好きな方で\n兵舎をおつぶしになり\nこの劇場を建てられたのだ	
e5385c:15:0	先王のお后（きさき）‥‥\nすなわち陛下の母上は\nここから身を投げられたそうです	
e5385c:16:0	ラーバナ王妃様は若くて美しい方だ	
e5385c:17:0	ライオス王は気まぐれな方だ	
e5385c:18:0	陛下の怒りにふれれば\nここの牢屋に閉じこめられ\nやがて処刑されることになろう	
e5385c:33:0	逆らうつもりはございません\nどうか‥\n命ばかりはお助けを‥‥	
e5385c:19:0	新生イシュメリア皇国の建国を許し\nオルトナッシュなどと言う\nいかがわしい宗教を布教させ‥‥	
e5385c:19:1	碧き騎士と呼ばれるレナード様が\nマロアの町を救いに行くことを\n禁じられ‥‥	
e5385c:19:2	陛下のなされることは\nまるで理解ができぬ	
e5385c:34:0	２Ｆでは大勢の兵士が\nあなた方をむかえ討つ\n準備をととのえています	
e5385c:20:0	王家にまつわる\n悲しい話を知っていますか？	
e5385c:31:0	先代の王ランセオール様から\n王家に仕えるオットー公爵様は\nロスタール城の知恵袋‥‥	
e5385c:31:1	何でもご存じだそうですわ	
e5385c:32:0	あら‥うらやましい\n私はよく知りませんの	
e5385c:35:0	お許し下さい‥‥\n陛下の命令とあらば\n兵士達は戦うしかありません	
e5385c:21:0	民は終末の日を信じ\n怪しげな宗教がはやり\n王国の信は地に落ちた	
e5385c:21:1	私とて　かなうことなら\nこの身を国のため‥‥\n民のために投げ出したい	
e5385c:21:2	しかし騎士たるもの\n陛下のため\n命をささげねばならぬ	
e5385c:21:3	たとえそれが‥‥\n我が魂を汚すことで\nあったとしてもな！	
e5385c:26:0	王室の恥を\nさらすことになるが\n聞いてもらえぬか？	
e5385c:26:1	は　いいいえ	
e5385c:27:0	たしかに‥‥\n貴殿とは無関係のこと\n‥‥失礼した	
e5385c:30:0	先代王ランセオール様は\n陛下が幼少のおり\n死んだことになっておる	
e5385c:30:1	しかし‥実のところは\n神隠しに\nあってしまわれたのだ	
e5385c:30:2	王家に続いた不幸は\nまさに‥呪いでも\nかけられたようであった	
e5385c:30:3	お后様‥陛下の母上様は\n心労の末\n城壁から身投げされ‥‥	
e5385c:30:4	ひとり残された\nライオス様が幼くして\n王位を継がれた	
e5385c:30:5	陛下は親の愛情を知らず\n心すさみ国政を投げ出し\n遊興にふけられた‥‥	
e5385c:30:6	こんなことがなければ\nオルトナッシュ布教など\n許されることもなかった	
e5385c:30:7	そして‥\n国が荒れることも\nなかったはずなのだ‥‥	
e5385c:37:0	{c:07}悪魔バーリュボギル\n{c:0f}	
e5385c:46:0	{c:0b}ＴＲＥＡＳＵＲＥ\n{01:0703}{03:0003}{c:0f}を手に入れた！	
e5385c:53:0	あの仮面の男は　どこへ行った！？見失ってしまったぞ！！	
e5385c:54:0	あいつは何者だろう？\n人騒がせなヤツだ！！	
e5385c:55:0	あいつを追いつめた！\n応援を呼んでくるから\n見張っていてくれ！！	
e541ec:56:0	ばかばかしいッ！\nこのような茶番に\nつきあってられるかッ！	
e541ec:15:0	ほほう‥‥\nそち達が巷を騒がせておる\n勇者どのであるな？	
e541ec:15:1	ラーバナよ	
e541ec:15:2	かような子供が\nマロアの港町を\n化け物から救ったそうだ	
e541ec:15:3	どうだ\n信じられるか？	
e541ec:15:4	フフフ‥‥\nとても　きょうみ深い\nお話ですわね	
e541ec:15:5	ごほうびを差しあげては\nいかがでしょう？	
e541ec:15:6	ふむ‥‥\nそれは良い考えであるな	
e541ec:15:7	望みの品を申してみよ	
e541ec:28:0	{c:0b}ＴＲＥＡＳＵＲＥ\n{c:0f}{01:0716}{03:0016}を手に入れた！	
e541ec:29:0	{c:0b}ＴＯＯＬ\n{c:0f}{01:0729}{03:0029}を手に入れた！	
e541ec:30:0	{c:0b}ＴＲＥＡＳＵＲＥ\n{c:0f}{01:0717}{03:0017}を手に入れた！	
e541ec:31:0	{c:0b}ＴＲＥＡＳＵＲＥ\n{c:0f}{01:0718}{03:0018}を手に入れた！	
e541ec:33:0	ははははっ‥‥\n欲のないやつだな\nそんな物でよいのか？	
e541ec:33:1	‥‥ご苦労であった\n下がって良いぞ	
e541ec:40:0	お‥‥？	
e541ec:40:1	おおおお‥‥？	
e541ec:40:2	おおおおおおおおおおお\nおおおおおおおおおおお\nおおおおおおおおッ！！	
e541ec:40:3	なんと\n似ておられるのじゃ！	
e541ec:40:4	な‥なんだ！？\n何だってんだ\nこの爺さんは‥‥？	
e541ec:40:5	ささ‥‥\nこちらへ来て下され	
e541ec:40:6	ふ～む\n見れば見るほど\nそっくりじゃ！	
e541ec:40:7	先代王ランセオール様の\n生き写しとはこのこと！	
e541ec:40:8	そなたの名は‥‥？\nどこの名士で\nあらせられるのかな？	
e541ec:40:9	へッ‥‥\nあほか‥爺さん！！	
e541ec:40:10	俺様は王国イチの\nロブアーティスト！！\nカシムさまだあ！！	
e541ec:40:11	そのマユ毛でふさがった\n目ん玉かっぽじって\nよぉ～く見やがれッ！！	
e541ec:40:12	この俺様が\n誰に似てるって！？	
e541ec:40:13	こ‥これは失礼いたした	
e541ec:40:14	あまりに\n似ておいでだったもので\n王家の血筋の方かと‥‥	
e541ec:40:15	いや‥失礼いたした‥‥	
e541ec:40:16	‥そうじゃ‥‥\nそのようなことが‥‥\n‥‥あるわけがない！	
e541ec:40:17	けっ‥‥\nったく\n失礼な爺さんだぜ！！	
e541ec:16:0	どちらへ行かれるおつもりか？	
e541ec:2:0	ライオス王２Ｆ	
e541ec:3:0	こんどいらっしゃる時は\n武勇伝を\nお聞かせ下さいね	
e541ec:4:0	ロードリー王国第２４代\n王位継承者ライオス様の\n御前なるぞよッ！！	
e541ec:4:1	言動をつつしみたまえ！	
e541ec:54:0	陛下が‥悪魔‥‥	
e541ec:43:0	王妃様に話しかけるなら\n失礼なきよう\n気をつけられよ！	
e541ec:42:0	我が名はレナード！\n王家に代々仕える\n由緒正しき騎士だ！	
e541ec:42:1	話がしたいのなら\nあとで私の所へ\n来たまえ	
e541ec:6:0	レナード様はマロアの町へ行き\nご自分で民を救いたかったのです	
e541ec:7:0	陛下は\nレナード様がマロアへ出立するのをお許しになりませんでした	
e541ec:8:0	陛下の気まぐれは\n今に始まったことではありません	
e541ec:8:1	近々‥異国から踊り子を呼び寄せ\n劇場で踊りを\nひろうさせるそうです	
e541ec:9:0	陛下お付きのコックは\n陛下のごきげんを取るための料理を朝から晩まで作っています	
e541ec:10:0	話しかけるな！！	
e541ec:11:0	あら‥変ね	
e541ec:57:0	ライオス陛下とラーバナ王妃様は\nここでお食事をとられます	
e541ec:13:0	陛下の好物はレアのステーキ！\nそれも血のしたたるような\n生焼けのお肉なのよ	
e541ec:14:0	ラーバナ王妃様は\n私の料理を気に入って下さるが\n陛下は手の込んだ物を好まない	
e541ec:14:1	一度‥イヤミで生肉を出したら\nたいそう喜ばれて‥‥\nため息が出てしまったよ	
e541ec:47:0	{c:04}ウーリクーリって美味しいの？　　ウーリクーリより美味しいのは？　ウーリクーリの美味しい食べ方は？ウーリクーリを食べたことある？　	
e541ec:48:0	何か聞きたいことでも？	
e541ec:49:0	はははっ\nそんな迷信みたいなこと\n信じちゃダメだよ	
e541ec:49:1	昔は\n本当に食べた人もいるらしいけどね	
e541ec:50:0	そりゃあ‥いくらでもあるさ\nでも‥私の知ってる最高の食材は\n{c:0b}フィスロの漁村{c:0f}でとれる魚だね	
e541ec:51:0	脳ミソをパイで蒸し焼きにするとかタンシチューとか‥‥？	
e541ec:51:1	私にはとても食べられないけどね	
e541ec:52:0	あるわけないだろッ！？	
e541ec:45:0	ライオス様はご気分がすぐれぬ！\nおまえ達とはお会いにならない！	
e541ec:46:0	うろつき回ってばかりいると\n捕らえて牢屋に閉じこめるぞ	
e54ebc:10:0	{c:07}強欲商人コンラット\n{c:0f}	
e54ebc:49:0	{c:0b}ＴＲＥＡＳＵＲＥ\n{01:0708}{03:0008}{c:0f}を４つ手に入れた	
e54ebc:49:1	{c:0b}ＴＲＥＡＳＵＲＥ\n{01:071f}{03:001f}{c:0f}を手に入れた	
e54ebc:13:0	{name:0f00}殿‥‥\n踊りが始まりますまで\n今しばらくお待ち下さい	
e54ebc:48:0	お帰りなさいませ‥‥	
e54ebc:48:1	まもなく踊りが始まります\n控え室の階段より\nバルコニーへお上がり下さい	
e54ebc:2:0	近々‥異国より踊り子を\n呼ぶことになっております\nその節は‥ぜひお越し下さい	
e54ebc:3:0	マロアの町を救った\n勇者様にお会いできて光栄です\n私の踊りを楽しんでいって下さい	
e54ebc:34:0	一生けんめい踊りますね	
e54ebc:47:0	‥‥ありがとうございました\nこのご恩は一生‥忘れません‥‥	
e54ebc:4:0	ここの警備は万全だ！	
e54ebc:5:0	ここの階段を上ったバルコニーで\n王家の方々は踊りを見られる	
e54ebc:11:0	あの踊り子は‥王様のために\n異国より私が呼び寄せたのですぞ！私がッ！！	
e54ebc:35:0	私が連れてきた踊り子ですぞ！！	
e54ebc:18:0	けっ‥バカな王さんの\n余興につきあわされちゃ\nたまんねえよな	
e54ebc:19:0	なんか楽しみね\nワクワクしちゃう！	
e54ebc:20:0	しかたないねえ\nしばらく\n待たせてもらうかね	
e54ebc:21:0	さて‥どうしたものか	
e54ebc:6:0	ライオス王舞踏会場３Ｆ	
e54ebc:7:0	{name:0f00}どの\nよくいらっしゃいました	
e54ebc:7:1	陛下がおもどりしだい\n異国の踊りを\nご覧いただけますわ	
e54ebc:8:0	陛下はどこへ\n行ってしまわれたのか	
e54ebc:8:1	陛下がいらっしゃらねば\n踊りを始められませぬ	
e54ebc:28:0	やるじゃないか\n見直しちまったよ！	
e54ebc:30:0	{name:0f00}よぉ	
e54ebc:30:1	あんな楽しいこと\nオレもさそえよな！	
e54ebc:32:0	勇者とあろう者が\nみっともない‥‥	
e54ebc:32:1	感心できませんね！！	
e54ebc:33:0	勇者どのも\nお見えになりました	
e54ebc:33:1	陛下‥‥\nよろしいでしょうか？	
e54ebc:33:2	うむ‥‥	
e54ebc:33:3	では‥\n踊りを始めよッ！！	
e54ebc:33:4	陛下に気に入っていただけなければおまえの両親に貸した金は\n即刻‥返してもらうからな！！	
e54ebc:33:5	‥‥‥‥‥‥‥‥	
e54ebc:33:6	はい‥がんばります‥‥	
e54ebc:33:7	うむ‥\nなかなかのものだな	
e54ebc:33:8	さぞや‥\n勇者殿も\n満足されたことであろう	
e54ebc:33:9	‥‥ありがとうございます	
e54ebc:33:10	あとで\nほうびを取らせよう	
e54ebc:36:0	お楽しみいただけましたか？	
e54ebc:36:1	陛下は一足先に城へ戻られました\nまたの機会がございましたら\n当劇場へお越し下さい	
e54ebc:36:2	お元気で‥‥	
e5580c:2:0	勇者{name:0f00}様！\nよくぞいらっしゃいました！！	
e5580c:2:1	勇者様のためのミュージアムです！存分にお楽しみ下さい！！	
e5580c:3:0	勇者様が売られた品を\n探させておるのですが\n見つかりませんでな	
e5580c:3:1	もしや‥店で持ち物を\nお売りになったことが\nないとか？	
e5580c:27:0	お気に\n召されましたかな？	
e5580c:27:1	国中を探させて\n勇者様の使われた品を\n買い戻して参りました	
e5580c:27:2	取引額は相場の１０倍！\nしかし‥王国の経費で\n落としておきましたぞ	
e5580c:4:0	先日‥商人が\n珍しいコインを持って参りました	
e5580c:4:1	勇者様のお気に召すと\nよろしいのですが\nどうぞお持ち下さい	
e5580c:4:2	{c:0b}ＴＲＥＡＳＵＲＥ\n{01:071b}{03:001b}{c:0f}をもらった！	
e5580c:28:0	オットー様は勇者博物館のために\n大忙しですのよ	
e5580c:26:0	博物館への立ち入りは\n真の勇者と認められた方しか\n許されておりません！	
e5580c:41:0	{c:0b}ＭＥＭＯＲＩＡＬ　ＧＯＯＤＳ\n{c:0f}勇者の	
e5580c:35:0	{c:0b}炎の魔法剣バーンティルト\n{c:0f}火テジャスの神ビラグリスの神殿に隠されし炎の魔剣は\n神像に秘密が隠されている	
e5580c:36:0	{c:0b}海賊島の秘密\n{c:0f}海賊島にある「試練の洞窟」には\n３つの扉がある階層の上に\n秘密の部屋が隠されている	
e5580c:37:0	{c:0b}フュラギルの島１\n{c:0f}フュラギルは人工の魔法生物であるその生命活動は魔法力の供給により維持されている	
e5580c:38:0	{c:0b}フュラギルの島２\n{c:0f}「地」の底に隠された\n「水」「火」「風」「空」の迷宮に５つの宝珠がおさめられている	
e55d00:2:0	　　　ロスタール城	
e55d00:2:1	残念だよ‥	
e55d00:2:2	まさか君たちが\n王国への反逆を\nくわだてていたとは‥‥	
e55d00:2:3	いや‥\n今さらなにを言っても\n仕方あるまい	
e55d00:2:4	君たちは‥‥\n処刑されることが\n決まった！	
e55d00:2:5	‥‥連れてゆけッ！！	
e55d00:2:6	おふざけじゃないよッ！	
e55d00:2:7	誰がそんなこと\nおとなしく\n聞くもんかね！！	
e55d00:3:0	ッの野郎！\nおとなしく聞いてりゃ\n好きかって言いやがって	
e55d00:3:1	誰が‥てめえらの\n言いなりに\nなるかってんだ！！	
e55d00:4:0	ほお‥‥おもしろい	
e55d00:4:1	いちど君たちとは\n剣をまじえてみたいと\n思っていたところだ	
e55d00:4:2	ゆくぞッ！！！	
e55d00:5:0	レ‥レナード様がやられたぁ～！！	
e55d00:10:0	きさま達が\nここまでやるとはな‥‥	
e55d00:10:1	アディス様も‥\nさぞや\nお喜びなることであろう	
e55d00:10:2	だが‥‥\nそれも‥ここまでだ！！	
e55d00:9:0	冥界７軍団の長たる\nこのわしが‥直々に\n引導をわたしてやる！！	
e55d00:11:0	‥この‥わしが‥‥\n‥‥敗‥れる‥‥か‥ッ	
e55d00:11:1	しかし‥アディス様‥‥\n‥契約は‥果た‥し‥\nま‥し‥‥たぞ‥‥ッ！	
e55d00:13:0	ささ‥‥\nこちらへいらして下され	
e55d00:13:1	王妃様‥\nお連れいたしました	
e55d00:13:2	ありがとう‥オットー\nさがって下さい	
e55d00:13:3	はっ‥‥	
e55d00:13:4	オットーから\n話は聞きました	
e55d00:13:5	王国の名誉を守った\n貴方の働きに感謝します	
e55d00:13:6	私は‥‥真の王がもどる\nその日まで‥女王として\n王国を守る所存です	
e55d00:14:0	‥‥‥‥‥‥‥‥	
e55d00:15:0	貴方を真の勇者と認め\n{01:0705}{03:0005}を\n与えましょう	
e55d00:15:1	{c:0b}ＴＲＥＡＳＵＲＥ\n{01:0705}{03:0005}{c:0f}を授かった！	
e55d00:16:0	勇者{name:0f00}\n貴方と共に勝利の栄光が\nあらんことを！	
e55d00:17:0	君と戦い\nおのが未熟さを知ったよ	
e55d00:17:1	{name:0f00}‥‥	
e55d00:17:2	私は腕をみがく！\n‥‥いつか君に再戦を\n申し込めるようにね	
e55d00:17:3	その時は\n受けてくれるだろ？	
e55d00:17:4	ははっ‥冗談だよ	
e55d00:18:0	{name:0f00}‥‥\n君は本当にいいヤツだな	
e55d00:19:0	本物のライオス様は\nどこかで生きている！	
e55d00:19:1	私は‥そう思えて\n仕方がないのです	
e55d00:20:0	勇者{name:0f00}‥\nバンザーイッ！！	
e55d00:21:0	鋼武人バートラム率いる\nイシュメリア軍によって\nユーソミルが封鎖されたとか‥‥	
e55d00:22:0	ラーバナ女王様‥バンザーイッ！！	
e55d00:23:0	勇者どのは聖像を集めて\nいらっしゃるそうですね\n何にお使いになるのですか？	
e55d00:24:0	私は王国のために\nこの身を捧げます	
e55d00:24:1	勇者様はご自分の使命を\n果たすことに\n全力をお尽くし下さい	
e55d00:25:0	安心なさって下さい\nあの秘密は誰にもしゃべりませんわ	
e55d00:26:0	うわさでは‥海がきれいになって\nフィスロの美味しい魚が\nもどってきたそうですよ	
e55d00:27:0	サラドスは見つかったかい？	
e55d00:28:0	勇者どのには感服いたしました	
e55d00:29:0	ところで‥勇者どの？\n先日おこった仮面の男の騒ぎですがあれは‥勇者どのだったので？	
e55d00:30:0	勇者どのが手加減してくれて\n助かりました	
e55d00:31:0	ラーバナ王妃は慈悲深い方です\nここの牢屋も\nもう必要ないかもしれませんね	
e55d00:32:0	ライオス様がニセ者だったとすると本当の王子様は\nどこにいらっしゃるのでしょう	
e55d00:33:0	王城の警護は万全です！\n二度とあのような悪魔を\n侵入させたりはしません！	
e55d00:34:0	ささっ‥勇者どの！\n貴方のためのミュージアムです\n中へお入り下さい！！	
e55d00:35:0	踊り子のレイチェル様でしたら\n劇場の中にいらっしゃいますよ	
e55d00:36:0	父から聞いた話を思い出しました	
e55d00:36:1	先王のお后さまが身投げされた晩に半人半魚の化け物を見たと‥‥	
e56980:35:0	{name:0f00}だな	
e56980:35:1	劇場へ案内する！\nついてまいれ！！	
e56980:4:0	正面に見えるのが劇場だ！\n失礼なきようにな！！	
e56980:5:0	陛下の招待を受けるとは\nうらやましいヤツだ	
e56980:6:0	さっさと行け！	
e56980:7:0	陛下は劇場に\nいらっしゃるのではないのか？\nさっさと行け！	
e56980:8:0	異国の踊り子が\n劇場に来てるんだってね	
e56980:9:0	でるんですって‥‥	
e56980:9:1	誰もいないはずの陛下の部屋で\nつぶやくような話し声や笑い声が\n聞こえることがあるそうです\n{0a:0e05}気味の悪い話でしょ？	
e56980:10:0	陛下の部屋に入ってはなりません！部屋で起こったことを\n陛下は全てお見通しなんですから！	
e56980:13:0	へ‥陛下の部屋で\n手紙なんて見てませんわ！	
e56980:11:0	外へ行かれても‥かまいませんが\n踊りが始まるまでに\nおもどりくださいませ	
e56980:22:0	お連れの方は\n先にバルコニーへ行かれました	
e56980:12:0	バカバカしい‥‥	
e56980:20:0	くだらぬな‥‥	
e56980:14:0	お‥おどかすな！	
e56980:14:1	また‥\n仮面をかぶった男が現れたのかと\n思ったではないか！	
e56980:15:0	踊り子はかわいい娘らしいな	
e56980:16:0	異国の踊り子か‥‥\n見てみたいものだな	
e56980:17:0	まったく人騒がせなヤツだったぞ！屋根の上に登ったり\n床に小便をしてみたり‥‥	
e56980:17:1	だが‥モノは大したことなかったな	
e56980:21:0	なかなか‥大したモノだったぞ	
e56980:18:0	陛下が来ると聞いたら\nあわてて逃げていった‥‥\nあいつは何者だったんだ！？	
e56980:19:0	城の最上階に陛下の部屋がある	
e56980:19:1	妖気とでも言うのだろうか‥‥\nなぜかは分からぬが\nあそこは気味が悪くて近寄れぬ	
e56980:23:0	またの機会がございましたら\n当劇場へお越し下さい	
e56980:24:0	はっはっはっ！\n王様も大変お喜びで‥これから\nごほうびをいただきに行くんです	
e56980:24:1	さあ‥いくぞ！	
e56980:24:2	どうした‥レイチェル！？\nさっさと来ないか！！	
e56980:24:3	‥‥‥‥‥‥‥‥	
e56980:24:4	少しだけ\n勇者様とお話をしていっても\nよろしいでしょうか？	
e56980:24:5	なにッ！？	
e56980:24:6	いったい‥どういうつもりだ？	
e56980:24:7	お願いです\nすぐに行きますから‥‥	
e56980:24:8	‥‥‥‥‥‥‥‥‥‥‥‥	
e56980:24:9	‥‥いいだろう\nだが‥変なことを話すなよ！	
e56980:24:10	はい‥‥	
e56980:25:0	‥‥母から聞いた話なんです	
e56980:25:1	昔‥私が幼少のおり\n風色の髪をした少年に\n命を救われたそうです	
e56980:25:2	勇者様のうわさを聞いたとき\nひょっとして‥‥と思いましたが\n私のかん違いですよね	
e56980:25:3	だって‥勇者様はお若すぎますもの	
e56980:25:4	私‥もう行かなくちゃ‥‥	
e56980:25:5	勇者様にお会いできて\n{14:005a000000}‥‥良かった‥‥	
e56980:27:0	待ってッ！！	
e56980:27:1	レイチェルさんのこと\n気にならない？	
e56980:27:2	ね‥\n行ってみましょ！	
e56980:28:0	待てよ\n{name:0f00}！	
e56980:28:1	このまま\n行っちまっていいのか？	
e56980:30:0	オレにいい考えがある！\nレイチェルを\n助けに行こうぜ！	
e56980:29:0	にぶいヤツだなあ‥‥	
e56980:29:1	コンラットが彼女を\n自由にしてやると思うか	
e56980:31:0	コンラットよ\nご苦労であったな	
e56980:31:1	ほうびは\n{01:0719}{03:0019}１０コで\n良いのだったな	
e56980:31:2	はいはい‥それはもう‥‥	
e56980:31:3	フ‥欲深いヤツめ	
e56980:31:4	のちほど\nおまえの屋敷に\n届けさせよう	
e56980:31:5	ありがとうございます	
e56980:31:6	もうさがって良いぞ	
e56980:31:7	はい‥‥	
e56980:31:8	おやおや‥勇者様ではありませんか\n私はもう用事がすみましたので\nお先に失礼しますよ	
e56980:31:9	待てよッ‥おっさん！！	
e56980:31:10	王妃様！\n一言‥\n申し上げたいのですが	
e56980:31:11	あら‥なんでしょう？	
e56980:31:12	今後の\n劇場のプログラムは\nおきまりですか？	
e56980:31:13	‥‥それは‥‥	
e56980:31:14	とくに予定はないが‥‥	
e56980:31:15	では‥あのレイチェルを\nおかかえに\nなられてはどうでしょう	
e56980:31:16	まあッ\nそれは良い考えね！	
e56980:31:17	あ‥‥でも\n陛下がお決めになること\nですから‥‥	
e56980:31:18	くぅぅぅ‥‥	
e56980:31:19	陛下‥‥\n良いではありませぬか	
e56980:31:20	王妃様もあの踊り子を\n気に入られたご様子‥‥	
e56980:31:21	ちっ‥‥	
e56980:31:22	フンッ\n好きにしろ！！	
e56980:31:23	へ‥陛下ッ‥‥そんな‥‥	
e56980:31:24	くそッくそッくそッ‥‥！！	
e56980:32:0	コンラットの屋敷には\n行かれましたか？	
e56980:32:1	ユーソミルの町への航路が記された地図があるそうですよ	
e5758c:17:0	先ほど‥カシム殿に\nお会いしましたよ	
e5758c:17:1	顔を\nまっ赤にしてましたが\n熱でもあったんですかね	
e5758c:18:0	ニヤニヤして\n面白いことでも\nあったのかい？	
e5758c:3:0	ちくしょうッ！！\nいちばん見られたくない\nヤツに見られちまった！	
e5758c:3:1	‥‥笑うんじゃねえ！！	
e5758c:3:2	か‥仮面に\nオレ様の体を\n乗っ取られたんだ！！	
e5758c:3:3	くっそーーーッ！！\nついてねえぜ	
e5758c:4:0	もう‥いいから‥‥\nあっち行けよ！	
e5758c:5:0	なんだったんだ‥さっきのヤツは？	
e5758c:5:1	仮面をかぶった男が\nゲラゲラ笑いながら\n外へ走っていったぞ！！	
e5758c:5:2	大変だあーーーッ！！	
e5758c:5:3	城の屋根の上に\nおかしなヤツが登っているぞ！！	
e5758c:5:4	なんだって！？	
e5758c:14:0	物好きなヤツがいるもんだ‥‥	
e5758c:8:0	うわっ‥飛び降りたぞ！！	
e5758c:8:1	追えーーーッ！！\n絶対に逃がすなあーーーッ！！	
e5758c:31:0	ご主人様に‥見つか‥ったら‥‥\nこわ‥されて‥しまう‥‥	
e5758c:31:1	たのむ‥‥逃がして‥くれ‥‥	
e5758c:15:0	そんな‥こと‥言わないで‥‥\n恩は‥返す‥から‥‥\n‥逃がして‥くれ‥‥	
e5758c:16:0	‥‥ありが‥とう‥‥\n恩に‥きるよ‥‥	
e5758c:23:0	‥‥‥‥‥‥‥‥	
e5758c:24:0	さっさと‥\n帰らせていただきたいのですがねえ	
e5758c:25:0	ガンバッテ\n{name:0f00}！	
e5758c:26:0	ガーンと言ってやんな！\nガーッンと！！	
e5758c:27:0	お手並み拝見です	
e5758c:28:0	何か‥ご不満でも？	
e5758c:29:0	フン‥‥	
e5758c:20:0	どうかされたかな\n勇者殿‥‥？	
e5758c:20:1	紫炎アディスへの手紙	
e5758c:22:0	そ‥それは‥‥ッ！！	
e5758c:22:1	気分が悪い‥‥	
e5758c:22:2	‥‥あとは好きにせよ	
e5758c:22:3	へ‥陛下ッ‥‥！？	
e5758c:22:4	お待ち下さい‥陛下ーーーッ！	
e5758c:30:0	王妃様のはからいで\nお城に置いていただけることに\nなりました	
e5758c:100:0	レイチェルの踊り	
e5758c:101:0	レイチェルのことが気になる	
e5758c:199:0	レイチェルが城へ来た	
e5758c:103:0	仮面のカシム出現	
e5758c:104:0	仮面のカシム３	
e5758c:105:0	レナードとの戦い	
e5758c:106:0	レナードを倒した後	
e5758c:107:0	レナードを倒した後	
e5758c:107:1	\n（戦闘１をキャンセル）	
e5758c:108:0	バーリュボギル出現	
e5758c:109:0	バーリュボギル討伐後のイベント	
e5758c:110:0	ミュージアムのアイテムを\n全てそろえる	
e57fca:61:0	{c:0b}ＴＲＥＡＳＵＲＥ\n{01:071a}{03:001a}{c:0f}を手に入れた！	
e57fca:64:0	{c:0b}ＴＲＥＡＳＵＲＥ\n{01:071a}{03:001a}{c:0f}を手に入れた！	
e57fca:67:0	{c:0b}ＴＲＥＡＳＵＲＥ\n{01:071a}{03:001a}{c:0f}を手に入れた！	
e57fca:70:0	{c:0b}ＴＲＥＡＳＵＲＥ\n{01:071a}{03:001a}{c:0f}を手に入れた！	
e57fca:73:0	{c:0b}ＴＲＥＡＳＵＲＥ\n{01:071b}{03:001b}{c:0f}を手に入れた！	
e57fca:76:0	{c:0b}ＴＲＥＡＳＵＲＥ\n{01:071a}{03:001a}{c:0f}を手に入れた！	
e57fca:78:0	{c:0b}ＡＢＩＬＩＴＹ\n	
e57fca:78:1	{name:0702}の知力が１あがった！	
e57fca:79:0	{c:07}練気法を身につけた！	
e57fca:81:0	{c:0b}ＴＯＯＬ\n{01:0729}{03:0029}{c:0f}を手に入れた！	
e57fca:91:0	{c:0b}ＴＯＯＬ\n{01:072a}{03:002a}{c:0f}を手に入れた！	
e57fca:92:0	{c:0b}ＴＲＩＮＫＥＴ\n{01:078d}{03:008d}{c:0f}を手に入れた！	
e57fca:93:0	{c:0b}ＡＲＭＯＲ\n{01:0779}{03:0079}{c:0f}を手に入れた！	
e57fca:110:0	{c:0b}ＢＯＯＫ\n{c:0f}本を手にとって開いた	
e58c2b:10:0	{c:07}ディーラー\n{c:0f}	
e58c2b:11:0	おれっちとカードで\n勝負したかったら\n手前の椅子に座るっち	
e58c2b:12:0	おまえとはもう勝負しねえっち	
e58c2b:13:0	ダメダメ\nもうしないっち	
e58c2b:14:0	わかったっち……\n手前の椅子に座るっち	
e58c2b:15:0	わかったっち……	
e58c2b:16:0	もう勝負しねえっち……	
e58c2b:22:0	はずれっちよ！	
e58c2b:23:0	まだ、勝負するっち？	
e58c2b:32:0	のシンボルが\n描かれているカードを当てれば\nおまえの勝ちっち！	
e58c2b:33:0	勝ったら\nいいものをあげるっちよ	
e58c2b:34:0	勝負っち	
e58c2b:150:0	くっ…\n当たりっち……	
e58c2b:151:0	みごとにやられたっち……	
e58c2b:151:1	ホリクスをあげるっち	
e58c2b:151:2	{c:0b}ＨＯＬＩＸ\n{0a:00a0}{c:0f}を手に入れた！	
e58c2b:151:3	じゃ、さよなら	
ec4834:2:0	あなたの声を\n私に聞かせて‥‥ファウ	
ec4834:4:0	{c:07}聖なる光\n{c:0f}	
ec49cc:38:0	{c:07}カシム\n{c:0f}	
ec49cc:12:0	{c:07}ナーシャ\n{c:0f}	
ec49cc:37:0	{c:07}オルガ\n{c:0f}	
ec49cc:39:0	{c:07}ヴェストリル\n{c:0f}	
ec49cc:14:0	{c:07}塔の守護ビッグキュリエンテス\n{c:0f}	
ec49cc:15:0	汝　運めに立ち向かいし者よ\n我が手のひらに乗りて\nいただきを目指したまえ	
ec49cc:13:0	{c:0b}ＲＥＣＯＶＥＲＹ\n{c:0f}パーティー全員の体力が回復した！	
ec49cc:28:0	汝　運めに立ち向かいし者よ\n我が手のひらに乗りたくば\n下階にて作動スイッチを探せ	
ec49cc:41:0	{c:0b}ＬＯＣＫＥＤ\n{c:0f}鍵が、かかっていて開かない！	
ec49cc:47:0	{c:0b}ＵＮＡＢＬＥ\n{c:0f}ロブアーティストしか使えない！	
ec49cc:49:0	{c:0b}ＦＡＩＬＥＤ\n{c:0f}解錠に失敗した！	
ec49cc:50:0	{c:0b}ＢＲＯＫＥＮ\n{c:0f}{01:0707}{03:0007}が壊れた！	
ec49cc:51:0	{c:0b}ＵＮＬＯＣＫ\n{c:0f}扉の錠を開いた！	
ec49cc:52:0	{c:0b}ＭＡＧＩＣ　ＬＯＣＫ\n{c:0f}この扉は　魔法で封印されている！	
ec49cc:53:0	魔法の扉よ　開いてッ！\n	
ec49cc:53:1	アンローーック！！	
ec49cc:57:0	{c:0b}ＵＮＬＯＣＫ　ＭＡＧＩＣ\n{c:0f}魔法の封印を解いた！	
ec4fb8:6:0	{c:0b}ＥＰＩＴＡＰＨ\n{c:0f}石板に文字が刻まれている！	
ec4fb8:6:1	{c:0b}ザ・タワー・オブ・キュリエンテス{c:0f}汝　運めに立ち向かいし者よ\n我が身うつせし彫像に祈りて\nいただきを目指したまえ	
ec5204:7:0	どっひゃ～あ\nなんだ　こりゃ！？	
ec5204:9:0	‥‥おどろいたね\n何もかも　さかさまだよ	
ec5204:14:0	これが　うわさに聞く\nキュリエンテスの智の塔	
ec5204:14:1	ここに\nナーシャ殿の力を封じた\n智の結晶があるのか‥‥	
ec5204:25:0	ナーシャという少女が\nいったい\nどこにいるのか‥‥	
ec5204:16:0	ナーシャね‥‥\nまえに　何回も\nここへ来てたって‥‥	
ec5204:16:1	でも‥よく覚えてないの\n‥‥なんかこわいことが\nあったような気が‥‥	
ec5204:16:2	みんなが\nいてくれなかったら\nにげちゃいたい‥‥	
ec5204:18:0	ふんッ\n何だか知らねえけどよ\nパーッと行ってみっか！	
ec5204:19:0	よしッ！\n鬼が出るか蛇が出るか！\nさっそく行くとするかね	
ec5204:31:0	{c:07}キュリエンテス\n{c:0f}	
ec5204:30:0	汝‥‥びの‥め‥\n‥ち向か‥し者‥‥‥	
ec5204:30:1	滅‥‥‥凶と‥に\n天‥‥り‥‥し\n五‥を‥‥消‥力‥‥	
ec5204:30:2	第六‥ホリ‥‥を‥‥\n手に‥‥よ	
ec5204:35:0	汝‥滅びの運めに\n立ち向かいし者よ‥‥	
ec5204:35:1	滅びの元凶と共に\n天空より降りし\n五元を打ち消す力を‥‥	
ec5204:35:2	第六のホリクスを‥‥\n手に入れよ	
ec5204:34:0	‥‥滅び‥運め‥\n‥‥向か‥し‥よ‥‥	
ec5204:34:1	千‥‥‥へて\nよみ‥‥ろうと‥‥いる\n‥‥‥元凶‥‥	
ec5204:34:2	ケォ‥‥ゥー‥は\n五元を‥‥消す\n‥六の‥在‥り	
ec5204:37:0	汝‥滅びの運めに\n立ち向かいし者よ‥‥	
ec5204:37:1	千の時をへて\nよみがえろうとしている\n滅びの元凶‥‥	
ec5204:37:2	ケォルトゥースは\n五元を打ち消す\n第六の存在なり	
ec577c:7:0	へぇ～\nあれが智の結晶かよ	
ec577c:9:0	‥‥私‥こわい‥‥	
ec577c:10:0	ほれ‥行っといで\nあれは‥あんたが\n手にすべき物なんだよ	
ec577c:16:0	あの結晶に宿る\nナーシャ殿‥本来の力を\n取り戻すのです	
ec577c:19:0	させるかよッ！	
ec577c:19:1	くッ‥\n逃げ足の早い奴らだぜ	
ec577c:33:0	{c:0b}Ａ　ＣＲＹＳＴＡＬ　ＰＩＥＣＥ\n{c:07}智の結晶のかけら{c:0f}を手に入れた！	
ec577c:33:1	{c:0b}ＭＡＧＩＣ　ＰＯＷＥＲ　ＵＰ！\n{c:07}智の結晶のかけら{c:0f}によって\nナーシャは失われた力を\nほんの少しだけ取り戻した！！	
ec577c:33:2	もうッ‥\n覚えてらっしゃい！	
ec577c:33:3	きっと取り返して\nやるんだからッ！	
ec577c:26:0	ナーシャ‥‥？\nあんた‥いったい‥‥	
ec577c:28:0	おいおい‥‥\nいきなり性格が\n変わっちまってるぜ	
ec577c:30:0	学院長が言われていた‥\n心と知能の関連が\nナーシャの問題だと	
ec577c:31:0	よくわかんないけど\nなんだかやれそうな\n自信が出てきちゃった	
ec577c:31:1	よぅしッ\nがんばっちゃうもんね！	
ec577c:32:0	いけないッ！	
ec577c:32:1	チッ‥\n逃がしちまったかい	
ec5f4c:2:0	誰‥‥ッ！？\nあんた何よ‥いったい！	
ec5f4c:2:1	ははあ～んッ\nさてはティナ様に\n頼まれて来たのね！	
ec5f4c:2:2	いやよ！\nぜぇ～ったいに\n帰るもんですかッ！！	
ec5f4c:3:0	えいッ\nこうしてやるぅ！！	
ec5f4c:5:0	もう一度‥\nやり直しなさい！！	
ec5f4c:4:0	あんた達ねえ‥‥	
ec5f4c:4:1	これ以上‥追って来たら\nあたしの魔法で\nやっつけちゃうからね！	
ec5f4c:7:0	ほんと‥しつこいわねえ\nあったま来ちゃう！！	
ec5f4c:8:0	あ～あ‥‥\nこんなとこまで\n来ちゃって	
ec5f4c:8:1	ほんと\n困った人たちね‥‥	
ec5f4c:8:2	チッ‥‥困ったのは\nおめえだよ！	
ec5f4c:8:3	さんざん\n苦労させやがって！\nわかってんのか‥こら！	
ec5f4c:8:4	‥‥ひどい言い方ね！\nここが　どういう処かも\n知らないくせに‥‥	
ec5f4c:8:5	本当だったら\nあなた達みたいな人が\n入れる場所じゃないのよ	
ec5f4c:8:6	学院長に言われて\n来たってのに\nひどい話だね‥ったく！	
ec5f4c:8:7	あたしは　あたし！\nティナ様とは\n関係ないわ！	
ec5f4c:8:8	我々の知らぬ処で\n何かが\n起ころうとしています	
ec5f4c:8:9	ナーシャ殿‥‥\n我らに力を\nお貸し願えませぬか？	
ec5f4c:16:0	わからないでしょうけど\nここにいる必要が\nあたしにはあるの！	
ec5f4c:16:1	納得できないなら\nその理由も\n教えてあげるわ	
ec5f4c:16:2	教えて欲しい？	
ec5f4c:16:3	は　いいいえ	
ec5f4c:9:0	よかった‥‥\nあきらめてくれるのね？	
ec5f4c:9:1	は　いいいえ	
ec5f4c:14:0	じゃあ説明したげるから\nよぉく聞きなさい！	
ec5f4c:14:1	今を\nさかのぼること一千年‥	
ec5f4c:14:2	古代王国において\n魔術師長をつとめた\n偉大な魔法使いがいたの	
ec5f4c:14:3	誰だか知ってるでしょ？	
ec5f4c:14:4	は　いいいえ	
ec5f4c:10:0	この塔を建てた\n大魔法使い‥‥\nキュリエンテスのことよ	
ec5f4c:11:0	彼はある物質から\n新種のホリクスを\n抽出してしまった‥‥	
ec5f4c:11:1	この世の理をつかさどる\n五元を打ち消してしまう\n{01:0722}{03:0022}をね	
ec5f4c:11:2	そして\nそれを抽出した\nある物質というのが‥‥	
ec5f4c:11:3	滅びの獣の肉‥‥\n「呪塊（じゅかい）」\nだったのよ	
ec5f4c:11:4	呪塊に触れた結果‥‥\nキュリエンテスは\n正気を失ってしまった	
ec5f4c:11:5	彼の精神は数多に砕け\n時空の間を\nさまようことになった	
ec5f4c:11:6	一説によれば\nその幾つかは　この世に\n転生したと言われてるわ	
ec5f4c:11:7	ここまでの話は\n理解できたかしら？	
ec5f4c:11:8	は　いいいえ	
ec5f4c:12:0	もう‥\nあったま悪いのね！	
ec5f4c:13:0	なら良し！	
ec5f4c:13:1	あなた達の目的は\nどうでもいいわ	
ec5f4c:13:2	あたしはここで\nキュリエンテスと\nコンタクトするの	
ec5f4c:13:3	の\n秘密を知るためにね	
ec5f4c:13:4	そして‥それを知れば\n滅びの獣を倒す\n呪文を創り出せるはず！	
ec5f4c:18:0	さあ‥わかったら\nさっさと\n帰ってちょうだい！	
ec5f4c:17:0	じゃあ‥	
ec5f4c:19:0	を\n手に入れるまでは\nここへ来てもムダ！！	
ec5f4c:20:0	ついに\n{01:0722}{03:0022}を\n手に入れたのね！	
ec5f4c:20:1	良くやったわ！\nさあ‥\n渡してちょうだい！	
ec5f4c:20:2	偉大なる魔法使い\nキュリエンテスよ！！	
ec5f4c:20:3	私たちの願いを\n聞き届けて下さい	
ec5f4c:20:4	‥‥滅びの運めに\n立ち向かう力を‥‥	
ec5f4c:20:5	私たちに‥与えてッ！！	
ec5f4c:20:6	汝‥滅びの運めに\n立ち向かいし者よ‥‥	
ec5f4c:20:7	滅びの元凶を打ち払う\nこの呪文を\n手にするが良い！！	
ec5f4c:24:0	これを持っていきなさい	
ec5f4c:24:1	{c:0b}ＭＡＧＩＣ　ＳＣＲＯＬＬ\n{01:07a8}{03:00a8}{c:0f}を手に入れた！	
ec5f4c:24:2	ユーソミルの北‥‥\n滝に隠された塔へ\n向かうのよ！	
ec5f4c:24:3	あなたが\n魔法使いじゃなかったら\n私も行きたいけど‥‥	
ec5f4c:24:4	ガンバッテね‥‥	
ec5f4c:25:0	ゴメンね‥‥	
ec5f4c:25:1	もう‥\n私にしてあげられる\nことはないの	
ec6e30:33:0	{c:0b}ＨＯＬＩＸ\n{01:0750}{03:0050}{c:0f}を手に入れた！	
ec6e30:108:0	{c:0b}ＨＯＬＩＸ\n{01:0738}{03:0038}{c:0f}を手に入れた！	
ec6e30:111:0	{c:0b}ＨＯＬＩＸ\n{01:0739}{03:0039}{c:0f}を手に入れた！	
ec6e30:112:0	{c:0b}ＨＯＬＩＸ\n{01:073a}{03:003a}{c:0f}を手に入れた！	
ec6e30:113:0	{c:0b}ＨＯＬＩＸ\n{01:073b}{03:003b}{c:0f}を手に入れた！	
ec6e30:114:0	{c:0b}ＨＯＬＩＸ\n{01:073c}{03:003c}{c:0f}を手に入れた！	
ec71ec:99:0	第六のホリクス取得	
ec71ec:101:0	智の結晶のイベント１回目	
ec71ec:102:0	智の結晶のイベント２回目	
ff5954:24:0	　　　呪われし鉱山	
ff5954:182:0	{c:07}聖なる光\n{c:0f}	
ff5954:191:0	{c:07}カシム\n{c:0f}	
ff5954:192:0	{c:07}ナーシャ\n{c:0f}	
ff5954:193:0	{c:07}オルガ\n{c:0f}	
ff5954:194:0	{c:07}ヴェストリル\n{c:0f}	
ff5954:195:0	{c:07}グレゴリー爺さん\n{c:0f}	
ff5954:196:0	{c:07}紫炎アディス\n{c:0f}	
ff5954:197:0	{c:07}ホムンクルス\n{c:0f}	
ff64d0:109:0	ＵＮＡＢＬＥ\n{c:0f}動力が未接続のため作動不能！	
ff6ad4:0:0	ＡＫＯＮ　ＵＲＥＤＮＵＳＵＳ？\nＩＮ　ＵＯＹＴＮＵＪ\nＡＨ　ＵＴＵＫＫＡＨ　ＩＡＫＵＪ	
ff6ad4:0:1	ＩＩＳＡＲ　ＵＲＥＳＡＤＩＲＯＨ\nＩＮ　ＮＥＺＮＡＫ\nＵＧＵＳＵＯＭ	
ff6ad4:0:2	ＡＨＡＨＡＨＡＨＡＨ！！	
ff6ad4:0:3	ＡＤ　ＥＲＵＫＯＥＴ　ＵＯＭ\nＯＭＥＴＩＫ　ＥＨ　ＯＫＯＫ\nＡＧ　ＩＴＡＴ　ＮＥＧＮＩＮ！！	
ff6ad4:0:4	ＡＫＯＮＯＭ　ＵＲＡＫＡＷ　ＡＧＩＲＵＫＡＲＡＫ　ＯＮ　ＯＫＯＫＩＮＥＲＯＳ！！	
ff6ad4:0:5	ＡＤ　ＯＮＯＭＩＮＡＮ！？	
ff6ad4:0:6	ＥＡＭＩＳ　ＥＴＴＡＹ！！	
ff6ad4:15:0	{c:07}カシム\n{c:0f}	
ff6ad4:15:1	どうやら\n問題の鉱山ってのは\nここみたいだな	
ff6ad4:15:2	お宝のにおいが\nプンプンするぜ！！	
ff6ad4:16:0	あの連中はいったい‥‥\n初めて見る種族だよ	
ff6ad4:17:0	ホムンクルス‥‥\nあれは人工的に造られた\n魔法生物だ	
ff6ad4:17:1	恐ろしく強い魔力を\n有した者がいると見て\nまちがいないだろう	
ff6ad4:18:0	‥‥気持ち悪い	
ff6ad4:18:1	ここって\nすごく変な感じで\nいっぱいだよ‥‥	
ff6ad4:18:2	みんな　気をつけて‥‥	
ff6ad4:19:0	へッ‥‥\nおもしれえじゃねえか！	
ff6ad4:19:1	行こうぜ！！\n何があるか知らねえが\nまとめて　いただきだ！	
ff6ad4:20:0	ふむ‥‥\nここまで来て\n戻るわけにいかないだろ	
ff6ad4:20:1	用心しながら\n先へ進むとしよう	
ff6ad4:37:0	ＡＤＯＮ　ＵＲＥＭＩＪＡＨ　ＯＷＮＥＫＮＥＴ　ＡＨＥＤ‥‥	
ff6ad4:37:1	ＡＫＯＮＵＲＩ　ＡＫＥＲＡＤ！	
ff6ad4:37:2	ＮＥＫＯ　ＡＨＥＴＩＳＡＫＩ\nＵＯＪＩ　ＡＴＥＲＡＲＩＳ　ＯＷＵＴＩＭＩＨ	
ff6ad4:37:3	ＡＫＵＯＡＲＯＭ　ＥＴＩＳ！！\nＯＧＵＫＡＫ	
ff72dc:0:0	おお‥待っておったぞ\nおまえに見せたい物が\nあるんじゃ	
ff72dc:0:1	わしは\nこの子の身内でしてな\n少し二人にしてくだされ	
ff72dc:0:2	ほれ‥早く来なさい	
ff72dc:11:0	なんだ‥ありゃ？\nあれが\nおまえの爺さんか？	
ff72dc:11:1	‥‥にしても\nなんで\nこんな所にいるんだ？	
ff72dc:12:0	何かあったら\n呼ぶんだよ！\nすぐ　かけつけるからね	
ff72dc:13:0	‥‥‥‥‥‥	
ff72dc:13:1	気をつけなさい\nこの一帯にただならぬ妖気が立ちこめています	
ff72dc:14:0	これッ！\nどこへ行くつもりじゃ？	
ff72dc:15:0	ほれ‥早く来なさい	
ff72dc:16:0	ほれ‥早く来なさい	
ff72dc:17:0	見てみなさい	
ff72dc:17:1	皆‥幸せになれるように\nアディス様が用意された\nおまえへの贈り物じゃ	
ff72dc:17:2	どうした？\n何も気にせずとよい\nさあ‥触れてみなさい	
ff72dc:18:0	何をしておる！\n言うことが聞けんのか？\nさっさと触らんかッ！	
ff72dc:19:0	これは邪悪な物‥‥\nこの世の者が触れては\n正気が保てなくなる	
ff72dc:19:1	お‥おおおおッ！	
ff72dc:19:2	フフフ‥‥残念\nまさか‥レナが\nこんな所で現れるとはね	
ff72dc:19:3	あら‥たくさん\n集まって来ちゃって‥‥\n困ったわ	
ff72dc:19:4	おや‥お客さんかい？	
ff72dc:19:5	むうっ\nき‥貴様はッ！	
ff72dc:19:6	いらっしゃい\n力を確かめてあげる	
ff72dc:20:0	‥‥時は\nまだ満ちていないようね	
ff72dc:20:1	また会いましょう\nそれまでには‥もっと\n力をつけておくのよ	
ff72dc:20:2	おお‥\n頭が割れるように痛い	
ff72dc:20:3	わしはいったい‥‥\nううう‥何も思い出せん\nここはどこじゃ？	
ff72dc:20:4	‥‥はどこじゃ？\nどこに\n行ってしまわれたのじゃ	
ff72dc:20:5	ひゃっひゃっひゃっ‥‥\nこりゃたまらんわ\nおかしくてしようがない	
ff72dc:20:6	ひぃーーッ！\nもう許してくだされ\n決して逆らいません	
ff72dc:20:7	そうじゃ\nこれを差し上げましょう\n珍しいホリクスですぞ	
ff72dc:20:8	ＨＯＬＩＸ\n{c:0f}{01:0753}{03:0053}を手に入れた！	
ff72dc:20:9	細かいことを気にするな\nわしは大丈夫じゃ！	
ff72dc:20:10	わしは\n大魔法使いサルモン！\n魔法の天才じゃーッ！	
ff7be0:0:0	すごく邪悪な‥‥\nこの世に存在しては\nならない‥それは‥‥	
ff7be0:14:0	フフフ‥‥\nさすがにやるわね	
ff7be0:14:1	これがなにか‥‥\nあなたにわかって？	
ff7be0:14:2	‥‥ッ！\nそんな‥まさか‥‥	
ff7be0:14:3	気づいたようね\nそう‥これは\n滅びの獣の肉‥‥	
ff7be0:14:4	どうして‥‥どうして\nそんな物がここに‥‥\nあなたは‥何者？	
ff7be0:14:5	フフ‥覚えていないのね	
ff7be0:14:6	いらっしゃい\n力を確かめてあげる	
ff7be0:38:0	‥‥時は\nまだ満ちていないようね	
ff7be0:38:1	また会いましょう\nそれまでには‥もっと\n力をつけておくのよ	
ff7be0:38:2	う～ん	
ff7be0:38:3	ナーシャ‥‥？	
ff7be0:15:0	おいッ　どうしたんだよ\n黙りこくっちまって‥‥\nオレ達は勝ったんだろ？	
ff7be0:16:0	何かを\n思い出されたのか？	
ff7be0:17:0	‥‥わかんない	
ff7be0:17:1	でも‥ここにあったのが\n何なのかは知ってる	
ff7be0:17:2	一千年前に現れ‥‥\n古代王国を滅亡させた\n滅びの獣‥‥	
ff7be0:17:3	あれは‥‥\nその肉体の一部\n‥‥だったもの‥‥	
ff7be0:17:4	‥‥滅びの獣の死後‥‥\n世界に散ったとされる\n肉の破片なの‥‥	
ff7be0:17:5	なんだってッ！？\nどうして\nそんなものがここに‥‥	
ff7be0:18:0	あれが‥伝説に聞く\n呪塊（じゅかい）‥‥\nだというのか‥‥？	
ff7be0:18:1	触れただけで\n生ける者の理を狂わせる\nといわれる‥‥呪塊‥‥	
ff7be0:19:0	‥‥まさかよぉ\nあの連中‥滅びの獣を\n復活させるつもりか？	
ff7be0:20:0	紫炎アディス‥‥	
ff7be0:20:1	彼女が何を企んでるのか\n‥‥わかんないけど\n絶対やめさせなくちゃ！	
ff7be0:20:2	私‥‥負けない！	
ff7be0:20:3	ＣＯＵＲＡＧＥ\n{c:0f}ナーシャは勇気の心を知った！	
ff7be0:20:4	意気や良し！\nあたしだって\n負けやしないよッ！！	
ff7be0:21:0	いいか？\n良く聞けよ‥‥	
ff7be0:21:1	相手が何者だろうと\nオレ様がついてりゃ\n勝つに決まってんだよ！	
ff7be0:21:2	よぉく覚えとけッ！！	
ff7be0:22:0	フフフ‥‥\nいいでしょう	
ff7be0:22:1	聖職につく身なれど\n私もオルトナッシュには\n負けたくありません	
ff7be0:24:0	みんなで力を合わせよう！\n魔法学院でティナ様に報告しよう！\n都でエノーラに占ってもらおう！\nどうすべきか意見を聞かせて欲しい	
ff7be0:25:0	よしッ！	
ff7be0:25:1	都へ戻ってみようかね\nオルトナッシュの動向が\nわかるかもしれないしね	
ff7be0:26:0	よしッ！	
ff7be0:26:1	ロスタールに帰ろう！\nオルトナッシュの動きが\nつかめるかもしれねえ	
ff85f0:0:0	へっ\n{name:0f00}も\nあめえよな	
ff85f0:0:1	お宝はいただきだぜぃ！	
ff85f0:21:0	‥‥邪悪な波動が\n立ち込めています	
ff85f0:21:1	気をつけて‥‥\n危険が迫っているわ	
ff85f0:22:0	あなたの声を\n私に聞かせて‥‥ファウ	
ff89f4:44:0	ＩＴＥＭ　ＯＶＥＲ\n{c:0f}それ以上持てません	
ff89f4:68:0	ＴＲＥＡＳＵＲＥ\n{c:0f}{01:0716}{03:0016}を手に入れた！	
ff89f4:71:0	ＴＲＥＡＳＵＲＥ\n{c:0f}{01:0717}{03:0017}を手に入れた！	
ff89f4:72:0	ＴＯＯＬ\n{c:0f}{01:0727}{03:0027}を手に入れた！	
ff89f4:73:0	ＴＯＯＬ\n{c:0f}{01:0728}{03:0028}を手に入れた！	
ff89f4:74:0	ＴＯＯＬ\n{c:0f}{01:0730}{03:0030}を手に入れた！	
ff89f4:95:0	ＴＯＯＬ\n{c:0f}{01:0729}{03:0029}を手に入れた！	
ff89f4:75:0	ＨＯＬＩＸ\n{c:0f}{01:0738}{03:0038}を手に入れた！	
ff89f4:76:0	ＨＯＬＩＸ\n{c:0f}{01:0739}{03:0039}を手に入れた！	
ff89f4:77:0	ＨＯＬＩＸ\n{c:0f}{01:073a}{03:003a}を手に入れた！	
ff89f4:78:0	ＨＯＬＩＸ\n{c:0f}{01:073b}{03:003b}を手に入れた！	
ff89f4:79:0	ＨＯＬＩＸ\n{c:0f}{01:073c}{03:003c}を手に入れた！	
10850c4:17:0	　聖竜ウリテクスの峡谷	
1085ac8:2:0	あなたの声を\n私に聞かせて‥‥ファウ	
1085ac8:4:0	{c:07}聖なる光\n{c:0f}	
1085ac8:10:0	{c:0b}ＨＯＬＩＸ\n{01:0738}{03:0038}{c:0f}を手に入れた	
1085ac8:11:0	{c:0b}ＨＯＬＩＸ\n{01:0739}{03:0039}{c:0f}を手に入れた	
1085ac8:12:0	{c:0b}ＨＯＬＩＸ\n{01:073a}{03:003a}{c:0f}を手に入れた	
1085ac8:13:0	{c:0b}ＨＯＬＩＸ\n{01:073b}{03:003b}{c:0f}を手に入れた	
1085ac8:14:0	{c:0b}ＨＯＬＩＸ\n{01:073c}{03:003c}{c:0f}を手に入れた	
1085ac8:18:0	{c:0b}ＴＯＯＬ\n{01:0726}{03:0026}{c:0f}を手に入れた	
1085ac8:60:0	{c:0b}ＴＲＥＡＳＵＲＥ\n{01:0716}{03:0016}{c:0f}を手に入れた！	
1085ac8:61:0	{c:0b}ＴＲＥＡＳＵＲＥ\n{01:0716}{03:0016}{c:0f}を手に入れた！	
1085ac8:62:0	{c:0b}ＴＲＥＡＳＵＲＥ\n{01:0717}{03:0017}{c:0f}を手に入れた！	
1085ac8:63:0	{c:0b}ＴＲＥＡＳＵＲＥ\n{01:0717}{03:0017}{c:0f}を手に入れた！	
1085ac8:64:0	{c:0b}ＴＲＥＡＳＵＲＥ\n{01:0718}{03:0018}{c:0f}を手に入れた！	
10864c4:14:0	{c:07}カシム\n{c:0f}	
10864c4:15:0	{c:07}ナーシャ\n{c:0f}	
10864c4:16:0	{c:07}オルガ\n{c:0f}	
10864c4:17:0	{c:07}ヴェストリル\n{c:0f}	
10864c4:7:0	なにかしら‥‥\n	
10864c4:7:1	あれは‥‥歌‥‥？	
10864c4:7:2	誰かが‥‥\n	
10864c4:7:3	伝説の聖竜ウリテクスが\n歌ってるの！？	
10864c4:8:0	あの歌声は‥‥\n伝説の聖竜ウリテクスが\n歌っているというのか？	
10864c4:18:0	あれが‥‥\n救いをもたらすという\n神の詞‥‥	
10864c4:9:0	{c:04}美しい歌声が遠くひびいていた\n風に流され　詩は聞きとれない\nだが‥それは　人の胸をしめつける\nもの悲しくも優しい旋律であった	
10864c4:10:0	なんだか胸が苦しくなる\nどうしてだろう‥‥\nとても切ない気持ちだよ	
10864c4:20:0	‥‥‥‥‥‥‥‥	
10864c4:20:1	‥‥あれ‥‥変だな‥‥\n自然と‥‥\n涙がこぼれ落ちて‥‥	
10864c4:22:0	行ってみよッ！\nあたし‥‥\n聖竜に会ってみたい！！	
10864c4:23:0	行ってみましょう\n伝説どうりなら\n神の導きを得られるはず	
10864c4:41:0	お‥‥？	
10864c4:41:1	へへッ\nなるほどな‥‥	
10864c4:41:2	がっかりすんなって‥‥	
10864c4:41:3	床のしかけが\n見つかんなくても\nおまえのせいじゃねえよ	
10864c4:41:4	まあ　オレくらい\n頭が良くねえと\n仕方ねえ‥仕方ねえって	
10864c4:42:0	{c:0b}ＭＡＮＵＳＣＲＩＰＴ\n{c:0f}古代の写本を読んだ！	
10864c4:42:1	{c:04}『古の契約に従う者よ\n汝‥五元の神を写せし聖像を求めよ\n滅びの波動を打ち破る\nただ一つ残されし力を示さん‥‥』	
10864c4:49:0	これは‥‥\n『古の‥‥約‥‥‥』？	
10864c4:49:1	え～と‥‥	
10864c4:49:2	あ～んッ！\n難しくって\n読めなぁ～い！！	
10864c4:50:0	私に見せてごらんなさい	
10864c4:51:0	‥‥ふむ	
10864c4:51:1	この本は\n古代イシュメリア語で\n書かれているようですね	
10864c4:51:2	『古の契約に従う者よ\n汝‥五元の神を写せし\n聖像を求めよ‥‥	
10864c4:51:3	滅びの波動を打ち破る\nただ一つ残されし力を\n示さん‥‥』	
10864c4:52:0	あんたなら読めるだろ？\n読んどくれよ	
10864c4:53:0	エラー！！\nＰ０２７－４　Ｌ５３	
10864c4:61:0	すごい‥すご～いッ！！	
10864c4:61:1	あれが読めちゃうなんて\nさすがヴェストリルね！	
10864c4:57:0	ところでよぉ\nありゃどういう意味だ？\nお宝に関係あるのか？	
10864c4:59:0	どうも‥‥\n何かを集めなくちゃ\nならないようだね	
10864c4:63:0	正確な意味は\n私にも分かりません	
10864c4:63:1	聖なる小竜ウリテクスに\n聞いてみるほか\nないでしょう	
1086f14:3:0	{c:07}聖なる小竜ウリテクス\n{c:0f}	
1086f14:4:0	{c:07}鋼武人バートラム\n{c:0f}	
1086f14:2:0	ヒサシブリダネ\n	
1086f14:2:1	‥‥ファウ	
1086f14:2:2	フフフ‥‥\n	
1086f14:2:3	オドロカナクテモ\nイイヨ	
1086f14:2:4	君ハ\n覚エテナイダロウケド\nボクハ　君ヲ知ッテル	
1086f14:2:5	レナ　ハ\nボクヲ救ッテクレタ	
1086f14:2:6	ダカラ‥ボクモ君ヲ\n助ケテアゲルネ	
1086f14:2:7	ケォルトゥース　ガ\n復活スル日ハ近イ‥‥	
1086f14:2:8	ソレマデニ\n君ハ５ツノ聖像ヲ\n集メナクチャナラナイ！	
1086f14:2:9	ワカルカイ？	
1086f14:2:10	君ノ前ニアル\nソレモ聖像ノ１ツダヨ	
1086f14:2:11	ソウ‥‥\nボクノ　ゴ主人様‥‥	
1086f14:2:12	カワイソウナ　ゴ主人様\nトゥルケス様ノ像‥‥	
1086f14:2:13	サア‥‥\n聖像ヲ持ッテ行クンダ	
1086f14:2:14	{c:0b}ＴＲＥＡＳＵＲＥ\n{01:0704}{03:0004}{c:0f}を手に入れた	
1086f14:2:15	残ル聖像ハ４ツ‥‥\n１ツハ‥凶暴ナ亜人\nベゴリアン　ノ島ニアル	
1086f14:2:16	島ノ場所ハ‥\nウランタヤノ森ニ住ム\nウーリクーリガ知ッテル	
1086f14:2:17	他ノ聖像ハ‥‥	
1086f14:2:18	‥‥‥‥ッ！！\n誰ダイッ！？	
1086f14:12:0	‥‥ッ！	
1086f14:14:0	野郎ッ！\nなんてことしやがる！	
1086f14:15:0	待ちなッ！！	
1086f14:15:1	‥‥オルガよ\nひさかたぶりだな	
1086f14:15:2	ひどい目つきだねえ\nあたしが恋しくて\n眠れなかったのかい？	
1086f14:15:3	ふっ‥そうかもしれぬな\nおまえのことは\n忘れられるべくもない	
1086f14:15:4	‥‥残念だけど\n相手する気はないよ	
1086f14:15:5	それは\nわしとても同じこと	
1086f14:15:6	だが‥おまえとは\nいずれ決着を\nつけねばなるまい	
1086f14:15:7	さっさと行っとくれ！	
1086f14:15:8	なにッ！？\nこのまま逃がすのかよ！	
1086f14:15:9	死にたいのかい？\nあたしゃご免だよ	
1086f14:15:10	ぐ‥‥ッ	
1086f14:15:11	遅くなっちまって\nすまなかった	
1086f14:15:12	つらい思いを\nさせちまったようだね	
1086f14:15:13	あの野郎‥‥\nなんでウリテクスを‥‥	
1086f14:15:14	おそらくは\n魔鋼カリーブス‥‥	
1086f14:15:15	‥‥ッ！！\n古代の秘法‥‥\n伝説の魔法金属か！！	
1086f14:15:16	ひどぉいッ！！\nそんな物のために\n聖なる小竜を殺すなんて	
1086f14:15:17	練鋼に聖龍の血を用いる\n魔鋼カリーブスは\nただの金属じゃない！	
1086f14:15:18	人の生命力を高める\n魔法力を持つと\n云われてるんだ！	
1086f14:18:0	はあ‥‥	
1086f14:18:1	ちょっと\nこっちへおいで	
1086f14:18:2	あんたに\n授けるものがある\n覚悟はいいね？	
1086f14:9:0	は　いいいえ	
1086f14:10:0	いいや‥‥\n覚悟しな！	
1086f14:11:0	よしッ‥いいだろ\n剣をふってみな！	
1086f14:11:1	おそいッ！\nもっと速く！！	
1086f14:11:2	もっともっと！！	
1086f14:11:3	ふぅ～　そんなとこかね\nまあいいだろ	
1086f14:11:4	今のが虎乱！！\nツヴァイフィストの\n奥義の１つだよ	
1086f14:11:5	よぉく覚えておきな！！	
1086f14:11:6	{c:0b}ツヴァイフィスト奥義\n{c:07}虎乱{c:0f}を授かった！	
1086f14:11:7	じゃあ‥あたしは行くよ	
1086f14:11:8	修行に　はげむんだよ\nあんたなら\nきっとやれる	
1086f14:11:9	‥‥また会おう	
1087aa8:2:0	‥‥オルガよ\nひさかたぶりだな	
1087aa8:2:1	ひどい目つきだねえ\nあたしが恋しくて\n眠れなかったのかい？	
1087aa8:2:2	ふっ‥そうかもしれぬな\nおまえのことは\n忘れられるべくもない	
1087aa8:2:3	‥‥残念だけど\n相手する気はないよ	
1087aa8:2:4	それは\nわしとても同じこと	
1087aa8:2:5	だが‥おまえとは\nいずれ決着を\nつけねばなるまい	
1087aa8:2:6	さっさと行っとくれ！	
1087aa8:3:0	なにッ！？\n	
1087aa8:3:1	このまま逃がすのかよ！	
1087aa8:3:2	死にたいのかい？\nあたしゃご免だよ	
1087aa8:3:3	ぐ‥‥ッ	
1087aa8:4:0	つらい思いを\nさせちまったね\nほんとに‥‥すまない	
1087aa8:4:1	あいつは‥‥\nあのバートラムは‥‥	
1087aa8:4:2	かつて‥‥\nあたしと同じ師の元で\n剣を学んだ男なんだ	
1087aa8:4:3	今じゃオルトナッシュの\n最高幹部に\nおさまっちまってるがね	
1087aa8:4:4	その最高幹部さんが\nなんでウリテクスを‥‥	
1087aa8:5:0	でも‥‥どうして！？	
1087aa8:5:1	どうして‥ウリテクスが\n殺されなくちゃ\nならないの！？	
1087aa8:6:0	おそらくは\n魔鋼カリーブス‥‥	
1087aa8:7:0	‥‥ッ！！\n古代の秘法‥‥\n伝説の魔法金属か！！	
1087aa8:8:0	魔鋼カリーブスは‥\n人の生命力を高める\n魔法力を持つ	
1087aa8:8:1	そしてそれは‥\nウリテクスの血を用いて\nきたえるんだ！！	
1087aa8:18:0	かわいそうな\nウリテクス‥‥	
1087aa8:18:1	{c:0b}ＳＯＲＲＯＷ\n{c:0f}ナーシャは悲しみの心を知った！	
1087aa8:11:0	ちくしょう！！	
1087aa8:11:1	なんだか知らねえけど\n無性に腹が立つぜ！	
1087aa8:12:0	ウリテクスが言ってたな	
1087aa8:12:1	ウーリクーリが知ってる\nベゴリアンの島へ\n行けって‥‥	
1087aa8:13:0	ウリテクスの言ってた\nベゴリアンの島へ\n行きましょ！！	
1087aa8:13:1	島の場所は\nウーリクーリが\n知ってるんでしょ？	
1087aa8:14:0	それがいいでしょう	
1087aa8:14:1	ウパウパのことも\n気になります\nさっそく出発しましょう	
1087aa8:20:0	‥‥いいだろう	
1087aa8:20:1	ウパウパのこともある‥\nさっそく出発しよう！	
112c3a0:81:0	　　亜人ベゴリアンの島　	
112c3a0:159:0	{c:0b}ＴＲＥＡＳＵＲＥ\n{01:0717}{03:0017}{c:0f}を手に入れた！	
112cddc:2:0	あなたの{05:12}声を\n{14:003c000000}{05:09}私に聞かせて‥‥{14:0037000000}{05:06}ファウ	
112cddc:4:0	{c:07}聖なる光\n{c:0f}	
112cddc:15:0	肉‥逃がした‥‥\nおまえたち‥\n代わり‥なる‥‥	
112cddc:17:0	ルビーくれた\nおまえたち‥いい奴‥‥\nオレ‥いいこと教える	
112cddc:17:1	とっても力のつく薬\n{c:0f}	
112cddc:17:2	{c:0b}３{c:0f}で\nできる！	
112cddc:17:3	もってけ！	
112cddc:17:4	{c:0b}ＴＯＯＬ\n{01:072f}{03:002f}{c:0f}を受け取った	
112cddc:41:0	{c:0b}ＬＯＣＫＥＤ\n{c:0f}鍵が、かかっていて開かない！	
112cddc:47:0	{c:0b}ＵＮＡＢＬＥ\n{c:0f}ロブアーティストしか使えない！	
112cddc:49:0	{c:0b}ＦＡＩＬＥＤ\n{c:0f}解錠に失敗した！	
112cddc:50:0	{c:0b}ＢＲＯＫＥＮ\n{c:0f}{01:0707}{03:0007}が壊れた！	
112cddc:51:0	{c:0b}ＵＮＬＯＣＫ\n{c:0f}扉の錠を開いた！	
112cddc:52:0	{c:0b}ＭＡＧＩＣ　ＬＯＣＫ\n{c:0f}この扉は　魔法で封印されている！	
112cddc:53:0	魔法の扉よ　開いてッ！\nアンローーック！！	
112cddc:57:0	{c:0b}ＵＮＬＯＣＫ　ＭＡＧＩＣ\n{c:0f}魔法の封印を解いた！	
112d328:2:0	{c:0b}ＮＯＴＥ\n{c:0f}紙切れを見つけた！	
112d328:2:1	　読む　\n読まない	
112d328:3:0	○月×日\nここなら安全だ‥‥\nあいつらは巨人ブランカスの像が\n恐くて追ってこれないのだ	
112d328:3:1	ひょっとすると何者かが\nあいつらをここへ閉じこめるためにあの像を立てたのだろうか‥\nいまいましいベゴリアンどもめッ！	
112d328:3:2	ここへ来る者に警告する！\n秘宝が眠るというこの島の伝説は\nやつらが作り上げたウソッぱちだ！欲にかられた人間をあいつらは‥‥	
112d328:5:0	金塊‥持ってない‥‥\n交換‥できない‥‥！！	
112d328:6:0	金塊‥もらった‥‥\nどれ‥欲しい？	
112d328:7:0	{c:0b}ＴＯＯＬ\n{c:0f}{01:0724}{03:0024}を手に入れた！	
112d328:9:0	{c:0b}ＴＯＯＬ\n{c:0f}{01:0729}{03:0029}を手に入れた！	
112d328:10:0	{c:0b}ＴＯＯＬ\n{c:0f}{01:072a}{03:002a}を手に入れた！	
112d328:11:0	{c:0b}ＴＯＯＬ\n{c:0f}{01:072b}{03:002b}を手に入れた！	
112d328:12:0	{c:0b}ＴＯＯＬ\n{c:0f}{01:072c}{03:002c}を手に入れた！	
112d328:13:0	{c:0b}ＴＯＯＬ\n{c:0f}{01:072d}{03:002d}を手に入れた！	
112d328:21:0	{c:0b}ＦＬＥＳＨ　ＳＴＥＷ\n{c:0f}大鍋でシチューが煮込まれている！	
112d328:39:0	{c:0b}ＴＲＥＡＳＵＲＥ\n{01:071a}{03:001a}{c:0f}を手に入れた！	
112d328:41:0	{c:0b}ＴＲＥＡＳＵＲＥ\n{01:071b}{03:001b}{c:0f}を手に入れた！	
112d89c:14:0	{c:07}カシム\n{c:0f}	
112d89c:15:0	{c:07}ナーシャ\n{c:0f}	
112d89c:16:0	{c:07}オルガ\n{c:0f}	
112d89c:17:0	{c:07}ヴェストリル\n{c:0f}	
112d89c:7:0	きもち悪～い‥‥\nなに？　この石像‥‥	
112d89c:8:0	こいつは‥‥？	
112d89c:10:0	ブランカス‥‥\n絶滅したといわれる\n伝説の巨人！	
112d89c:10:1	太古の英雄伝の端には\n必ずあげられる怪物です	
112d89c:19:0	ふむ‥‥\n見たことのねえ足跡だな	
112d89c:19:1	この島に住んでる\nベゴリアンとかって\n亜人のもんだな	
112d89c:19:2	やつら‥‥\n何度もここまで来ちゃあ\n引き返してるようだぜ	
112d89c:19:3	さっぱり‥わかんねえ	
112d89c:19:4	あんま深く考えても\n意味ねえ‥意味ねえ	
112d89c:19:5	こいつは\nお宝に関係ないと見たね	
112d89c:21:0	奥へ進んでみましょう\n何かわかるはずです	
112d89c:22:0	奥へ行ってみようかね\n何かわかるかもしれない	
112dce4:2:0	{c:07}ベゴリアン\n{c:0f}	
112dce4:13:0	{c:07}ベゴリアン\n{c:0f}	
112dce4:31:0	{c:07}捕らえられた盗人\n{c:0f}	
112dce4:43:0	{c:07}助けてやった盗人\n{c:0f}	
112dce4:57:0	おまえ‥なんだ‥\nここ‥通りたい‥のか？	
112dce4:57:1	通りたいいいや　	
112dce4:4:0	赤い‥宝石‥\nくれたら‥通してやる‥	
112dce4:5:0	なら‥帰れ‥‥	
112dce4:8:0	赤い‥宝石‥\nオレ‥うれしい‥‥	
112dce4:8:1	ここ‥通してやる‥‥	
112dce4:8:2	さっさと‥通れ‥‥	
112dce4:9:0	王‥すぐ‥怒る‥‥\n気をつける‥‥\nとても‥こわい‥‥	
112dce4:28:0	おまえたち‥強い‥‥\n仲間‥これ以上‥殺す‥困る‥‥\nだから‥戦わない‥‥	
112dce4:28:1	我らの王‥キングベゴリアン‥‥\nここの地下‥おまえたち‥待ってる	
112dce4:28:2	王‥強い！\nおまえたち‥死ぬ‥‥\nベゴリアン‥安心‥‥	
112dce4:51:0	おまえたち‥ここ‥うろつく‥\n勝手に‥すればいい‥‥	
112dce4:51:1	もしも‥問題‥おこす‥\nおまえたち‥死ぬだけ‥‥	
112dce4:55:0	おまえたち‥悪魔‥‥\nベゴリアン‥皆殺しにするか‥‥！	
112dce4:18:0	シチュー‥いくらでも‥食え‥‥\nだから‥オレ‥ころすな‥‥	
112dce4:52:0	腹‥へったか‥‥？\n肉の‥シチュー‥食うか‥‥？	
112dce4:53:0	食べる　いらない	
112dce4:35:0	ゴチソウ‥食べる‥‥\n元気に‥なる‥‥	
112dce4:36:0	{c:0b}ＣＡＮＮＩＢＡＬ\n{c:0f}肉のシチューを食べた！！	
112dce4:54:0	{c:0b}ＲＥＣＯＶＥＲＹ\n{c:0f}パーティー全員の体力が回復した！	
112dce4:19:0	おまえたち‥\n宝‥盗みに‥来たか‥‥？	
112dce4:19:1	ここの‥地の底‥に‥‥\n大昔の‥魔法使い‥隠した‥\n宝‥ある‥‥	
112dce4:19:2	でも‥おそろしい‥巨人‥\n宝‥まもってる‥‥\nだから‥誰も‥取ってこれない‥‥	
112dce4:20:0	クスリ‥欲しいか‥‥\n金塊‥１個と‥クスリ‥３個‥\n交換してやる‥‥	
112dce4:20:1	交換するいらない	
112dce4:34:0	クスリも‥いろいろ‥ある‥‥\n効果は‥知らない‥‥	
112dce4:21:0	肉‥じゅうぶんに‥ある‥‥\nおまえたち‥まだ‥必要ない‥‥	
112dce4:39:0	　戦う　ほっとく	
112dce4:40:0	何が‥正しいことか‥‥\n誰にも‥わからない‥‥\n昔から‥伝わる‥ベゴリアンの教え	
112dce4:41:0	オレ‥肉‥守る‥‥\nそれが‥役目‥‥！	
112dce4:22:0	干しておく‥肉‥長く保つ‥‥\nでも‥肉の‥シチュー‥\n１番‥おいしい‥‥	
112dce4:23:0	この先は‥入れない！\nかってに‥通すと‥王が‥おこる！	
112dce4:30:0	へへッ‥‥\nありがとよッ！！	
112dce4:59:0	まっ‥‥\nいつか‥礼はするからよッ！\n気ながに待ってな！	
112dce4:32:0	助けてくれェ～ッ！！\nこいつら\nオレを食っちまうつもりなんだ！！	
112dce4:32:1	助ける　ゴメン！	
112dce4:37:0	む‥むごすぎる‥‥ッ！！	
112dce4:60:0	そこの牢番してるベゴリアンを\nやっつけて牢屋をあけてくれ！	
112dce4:38:0	そこの牢番してるベゴリアンを\nやっつけて牢屋をあけてくれ！	
112dce4:33:0	我らの‥王‥\nキングベゴリアン‥すごく‥強い‥	
112dce4:33:1	王‥怒らせる‥‥\nおまえたち‥死ぬ‥‥\nオレ‥肉食える‥うれしい‥‥	
112dce4:44:0	肉‥逃げた‥‥\nおまえたち‥\n代わりに‥肉になる‥‥ッ！！	
112e588:2:0	{c:07}キングベゴリアン\n{c:0f}	
112e588:3:0	おまえたち‥肉にがした\nベゴリアン‥腹へる‥‥\nとても‥困る‥‥	
112e588:3:1	ベゴリアンの‥おきて‥\n従って‥\n罪‥つぐなえ‥‥	
112e588:3:2	大昔に‥隠された‥\n地底の‥財宝‥\n探してこい‥‥	
112e588:3:3	わかったか‥‥？	
112e588:3:4	は　いいいえ	
112e588:61:0	欲を‥はる‥人間‥\n皆‥毒針‥引っかかる‥	
112e588:61:1	毒針の毒‥地底の泉‥\n水‥飲めば‥治る‥‥	
112e588:24:0	地底の‥財宝‥\nベゴリアン‥\nこの島から‥解放する‥	
112e588:24:1	昔からの‥言い伝え‥‥	
112e588:24:2	財宝‥探してくるか‥\nここで‥肉に‥なるか‥\nどっちだ‥‥？	
112e588:41:0	財宝探す肉になる	
112e588:26:0	さっさと‥行け‥‥	
112e588:28:0	さっさと‥行け‥‥	
112e588:72:0	さっさと‥行け‥‥	
112e588:72:1	それとも‥\n肉になりたいか‥‥？	
112e588:25:0	ぐぉおおおおおッ！！	
112e588:25:1	肉‥肉‥肉‥‥\n肉にしてくれる‥‥ッ！	
112e588:48:0	{c:0b}ＴＲＩＮＫＥＴ\n{01:0798}{03:0098}{c:0f}を手に入れた！	
112e588:68:0	肉に‥なれ‥‥ッ！！	
112e588:4:0	王様‥ばんざい‥‥！！	
112e588:5:0	王様‥最強‥‥！！	
112e588:6:0	オレ‥腹へった‥‥\n宝‥盗め‥‥\nおまえたち‥肉になれ‥‥	
112e588:7:0	ここの宝‥ベゴリアンのもの‥‥！宝‥盗む‥‥\nおまえたち‥死ぬ‥‥	
112e588:8:0	王に‥会う‥気をつける‥‥\n王‥気が短い‥‥\n怒らせる‥おまえたち‥死ぬ‥‥！	
112e588:9:0	王の許し‥ない‥\nここ‥通せない‥‥	
112e588:31:0	地底の財宝‥探し‥行くか‥‥\nかってに‥しろ‥‥	
112e588:70:0	おまえたち‥悪魔‥‥\nベゴリアン‥皆殺しにするか‥‥！	
112e588:10:0	王‥肉‥大好き‥‥\nだから‥\nおまえたち‥気に入られる‥‥	
112e588:11:0	ここ‥王の間‥‥	
112e588:59:0	{c:0b}ＰＯＩＳＯＮ\n{c:0f}毒針が刺さり　足がしびれた！	
112e588:67:0	{c:0b}ＴＲＩＮＫＥＴ\n{01:078c}{03:008c}{c:0f}を手に入れた！	
112e588:100:0	{c:07}ベゴリアン\n{c:0f}	
112e588:100:1	クスリ‥欲しいか‥‥\n金塊‥１個と‥クスリ‥３個‥\n交換してやる‥	
112e588:100:2	金塊‥もってない‥‥\n交換‥できない‥‥！！	
112e588:100:3	オレ‥金塊欲しいでも‥お前クスリいっぱいある\nとても残念	
112e588:100:4	金塊‥もらった‥‥\nどれ‥欲しい	
112e588:100:5	クスリも‥いろいろ‥ある‥\n効果は‥知らない‥‥	
112e588:120:0	{c:0b}ＴＯＯＬ\n{c:0f}{01:0724}{03:0024}を手に入れた！	
112e588:121:0	{c:0b}ＴＯＯＬ\n{c:0f}{01:0729}{03:0029}を手に入れた！	
112e588:122:0	{c:0b}ＴＯＯＬ\n{c:0f}{01:072a}{03:002a}を手に入れた！	
112e588:123:0	{c:0b}ＴＯＯＬ\n{c:0f}{01:072b}{03:002b}を手に入れた！	
112e588:124:0	{c:0b}ＴＯＯＬ\n{c:0f}{01:072c}{03:002c}を手に入れた！	
112e588:127:0	{c:0b}ＴＯＯＬ\n{c:0f}{01:072d}{03:002d}を手に入れた！	
112e588:129:0	そのクスリ‥たくさん‥‥\nもう‥持てない‥	
112e588:131:0	何だ‥‥たくさんある‥\nお前には‥やらん‥	
112ef74:2:0	{c:0b}ＴＯＩＬＥＴ\n{c:0f}すごい臭いが周囲にただよっている	
112ef74:5:0	{c:0b}ＮＯＴＥ\n{c:0f}紙切れを見つけた！	
112ef74:5:1	　読む　読まない	
112ef74:7:0	－この島をおとずれた者へ－\nベゴリアンは凶暴な生き物だ！\nたとえ殺してしまおうと\n気に病むことはない‥‥	
112ef74:7:1	だが‥この世に真に不必要な物などありはしないのだ！\nあんな連中でも生きていれば\nそれなりに役立つかもしれない	
112ef74:8:0	おお‥おまえたち‥‥\n救世主‥まちがいない！	
112ef74:8:1	ベゴリアン‥伝える‥‥	
112ef74:8:2	この島の‥守り神から‥\n財宝‥持ち帰る者‥\nこの世を‥救う者なり‥	
112ef74:8:3	おまえたち‥この世の‥\n救い主‥なる‥‥ッ！！	
112ef74:8:4	これ‥持ってけ‥‥！！	
112ef74:8:5	{c:0b}ＷＥＡＰＯＮ\n{01:0769}{03:0069}{c:0f}を手に入れた	
112ef74:9:0	これも‥持ってけ‥‥！	
112ef74:9:1	{c:0b}ＴＲＩＮＫＥＴ\n{01:0793}{03:0093}{c:0f}を手に入れた！	
112ef74:9:2	今‥思い出した‥‥	
112ef74:9:3	１７年前‥おまえに‥\n良く似た‥人間‥\nこの島へ‥来た‥‥	
112ef74:9:4	人間の女‥\n一緒に‥連れて‥‥	
112ef74:9:5	おまえ‥あの子供に‥\nよく似てる‥‥	
112ef74:10:0	今‥思い出した‥‥	
112ef74:10:1	１７年前‥おまえに‥\n良く似た‥人間‥\nこの島へ‥来た‥‥	
112ef74:10:2	人間の女‥\n一緒に‥連れて‥‥	
112ef74:10:3	おまえ‥あの子供に‥\nよく似てる‥‥	
112f2f4:147:0	{c:0b}ＴＩＭＥ　ＣＵＲＥＤ\n{c:0f}足のしびれが治った！！	
112f2f4:150:0	あなたの声を\n私に聞かせて‥‥ファウ	
112fc30:53:0	{c:0b}ＰＯＩＳＯＮ\n{c:0f}毒針が刺さり　足がしびれた！	
112fc30:70:0	{c:0b}ＴＲＩＮＫＥＴ\n{01:078d}{03:008d}{c:0f}を手に入れた	
112fc30:72:0	{c:0b}ＴＲＥＡＳＵＲＥ\n{01:0719}{03:0019}{c:0f}を手に入れた	
112fc30:73:0	{c:0b}ＴＲＥＡＳＵＲＥ\n{01:071a}{03:001a}{c:0f}を手に入れた	
112fc30:74:0	{c:0b}ＴＲＥＡＳＵＲＥ\n{01:071a}{03:001a}{c:0f}を手に入れた	
112fc30:75:0	{c:0b}ＴＲＥＡＳＵＲＥ\n{01:071b}{03:001b}{c:0f}を手に入れた	
112fc30:76:0	{c:0b}ＴＲＥＡＳＵＲＥ\n{01:071a}{03:001a}{c:0f}を手に入れた	
112fc30:77:0	{c:0b}ＴＲＥＡＳＵＲＥ\n{01:071a}{03:001a}{c:0f}を手に入れた	
112fc30:78:0	{c:0b}ＴＲＥＡＳＵＲＥ\n{01:071a}{03:001a}{c:0f}を手に入れた	
112fc30:79:0	{c:0b}ＴＲＥＡＳＵＲＥ\n{01:071b}{03:001b}{c:0f}を手に入れた	
112fc30:80:0	{c:0b}ＴＲＥＡＳＵＲＥ\n{01:071a}{03:001a}{c:0f}を手に入れた	
112fc30:81:0	{c:0b}ＴＲＩＮＫＥＴ\n{01:078c}{03:008c}{c:0f}を手に入れた	
112fc30:82:0	{c:0b}ＴＲＩＮＫＥＴ\n{01:0795}{03:0095}{c:0f}を手に入れた	
112fc30:83:0	{c:0b}ＴＯＯＬ\n{01:072c}{03:002c}{c:0f}を手に入れた	
112fc30:84:0	{c:0b}ＴＯＯＬ\n{01:072a}{03:002a}{c:0f}を手に入れた	
112fc30:95:0	{c:0b}ＨＯＬＩＸ\n{01:0738}{03:0038}{c:0f}を手に入れた！	
112fc30:96:0	{c:0b}ＨＯＬＩＸ\n{01:0739}{03:0039}{c:0f}を手に入れた！	
112fc30:97:0	{c:0b}ＨＯＬＩＸ\n{01:073a}{03:003a}{c:0f}を手に入れた！	
112fc30:98:0	{c:0b}ＨＯＬＩＸ\n{01:073b}{03:003b}{c:0f}を手に入れた！	
112fc30:99:0	{c:0b}ＨＯＬＩＸ\n{01:073c}{03:003c}{c:0f}を手に入れた！	
112fc30:111:0	{c:0b}ＨＯＬＩＸ\n{01:0738}{03:0038}{c:0f}を手に入れた！	
112fc30:113:0	{c:0b}ＨＯＬＩＸ\n{01:0739}{03:0039}{c:0f}を手に入れた！	
112fc30:115:0	{c:0b}ＨＯＬＩＸ\n{01:073a}{03:003a}{c:0f}を手に入れた！	
112fc30:117:0	{c:0b}ＨＯＬＩＸ\n{01:073b}{03:003b}{c:0f}を手に入れた！	
112fc30:119:0	{c:0b}ＨＯＬＩＸ\n{01:073c}{03:003c}{c:0f}を手に入れた！	
11301d0:70:0	{c:0b}ＤＥＢＵＧ\n{c:0f}{03:0007}２つと{03:0008}３つを手に入れた！	
11301d0:150:0	{c:0b}ＨＯＬＩＸ\n{01:0738}{03:0038}{c:0f}を手に入れた！	
11301d0:151:0	{c:0b}ＨＯＬＩＸ\n{01:0739}{03:0039}{c:0f}を手に入れた！	
11301d0:152:0	{c:0b}ＨＯＬＩＸ\n{01:073a}{03:003a}{c:0f}を手に入れた！	
11301d0:153:0	{c:0b}ＨＯＬＩＸ\n{01:073b}{03:003b}{c:0f}を手に入れた！	
11301d0:154:0	{c:0b}ＨＯＬＩＸ\n{01:073c}{03:003c}{c:0f}を手に入れた！	
1130ba0:2:0	あなたの{05:12}声を\n{14:003c000000}{05:09}私に聞かせて‥‥{14:0037000000}{05:06}ファウ	
1130ba0:4:0	{c:07}聖なる光\n{c:0f}	
1130ba0:41:0	{c:0b}ＬＯＣＫＥＤ\n{c:0f}鍵が、かかっていて開かない！	
1130ba0:47:0	{c:0b}ＵＮＡＢＬＥ\n{c:0f}ロブアーティストしか使えない！	
1130ba0:49:0	{c:0b}ＦＡＩＬＥＤ\n{c:0f}解錠に失敗した！	
1130ba0:50:0	{c:0b}ＢＲＯＫＥＮ\n{c:0f}{01:0707}{03:0007}が壊れた！	
1130ba0:51:0	{c:0b}ＵＮＬＯＣＫ\n{c:0f}扉の錠を開いた！	
1130ba0:52:0	{c:0b}ＭＡＧＩＣ　ＬＯＣＫ\n{c:0f}この扉は　魔法で封印されている！	
1130ba0:53:0	魔法の扉よ　開いてッ！アンローーック！！	
1130ba0:57:0	{c:0b}ＵＮＬＯＣＫ　ＭＡＧＩＣ\n{c:0f}魔法の封印を解いた！	
1130ba0:60:0	{c:07}右手{c:04}の方向から\n野獣のうめき声が聞こえてくる‥‥	
1130ba0:107:0	{c:0b}ＴＲＩＮＫＥＴ\n{01:0795}{03:0095}{c:0f}を手に入れた	
1130ba0:113:0	{c:0b}ＴＯＯＬ\n{01:072c}{03:002c}{c:0f}を手に入れた	
1130ba0:119:0	{c:0b}ＴＯＯＬ\n{01:072a}{03:002a}{c:0f}を手に入れた	
1130ba0:139:0	{c:0b}ＴＲＥＡＳＵＲＥ\n{01:071a}{03:001a}{c:0f}を手に入れた！	
1130ba0:141:0	{c:0b}ＴＲＥＡＳＵＲＥ\n{01:071b}{03:001b}{c:0f}を手に入れた！	
1131324:14:0	{c:07}巨人ブランカス・オゥレ\n{c:0f}	
1131324:2:0	{c:0b}ＲＥＣＯＶＥＲＹ\n{c:0f}パーティー全員の体力が回復した！	
1131324:3:0	{c:0b}ＣＵＲＥＤ\n{c:0f}足のしびれが治った！！	
1131324:6:0	{c:0b}ＰＯＩＳＯＮ\n{c:0f}くさった水を飲んで足がしびれた！	
1131324:7:0	{c:0b}ＮＯＴＥ\n{c:0f}紙切れを見つけた！	
1131324:7:1	　読む　読まない	
1131324:8:0	○月×日\nオレは巨人のスキを見て\n宝をいくつか盗んでやった‥‥\nだが‥聖像だけは無理だった！	
1131324:8:1	いまいましいベゴリアンどもめッ！やつらは\n地底に巨人がいることを知っていてオレを生けにえにしやがったんだ！	
1131324:8:2	聖像をうばい取れば\n巨人ブランカスは怒り狂うだろう\nあいつが聖像を守っている限り\n誰も手を出せるはずがない！	
1131324:44:0	{c:0b}ＴＲＩＮＫＥＴ\n{01:078d}{03:008d}{c:0f}を手に入れた	
1131324:10:0	{c:0b}ＴＲＥＡＳＵＲＥ\n{01:0700}{03:0000}{c:0f}を手に入れた！	
1131324:4:0	オゥレ様に近づくとは\n勇気のある人間だなぁ～	
1131324:4:1	ベゴリアンどもに頼まれて\nオゥレ様を退治しに来たのかぁ～？	
1131324:4:2	それとも‥ここの泉で\n毒でも治しに来たのかぁ～？	
1131324:4:3	もしも‥オゥレ様の財宝を\nうばいに来たんだったら\n帰ったほうが身のためだぞぉ～	
1131324:17:0	ぐわっはははははあッ！！	
1131324:18:0	帰れ‥帰れぇ～ッ！！\nおまえなど相手にできるかッ！！	
1131324:20:0	なんだぁ～まだいたのかぁ～？	
1131324:20:1	そんなに‥オゥレ様の宝物が\n欲しいのかぁ～？	
1131324:20:2	ほしい　いらない	
1131324:21:0	なら‥帰れ‥帰れぇ～ッ！！	
1131324:22:0	じゃあ‥オゥレ様の悩みを\n聞いてくれるかぁ～？	
1131324:22:1	は　いいいえ	
1131324:48:0	昔‥オゥレ様の宝物を盗んだ人間が近くの小さな穴に\n逃げ込んだんだぁ～	
1131324:48:1	オゥレ様が大切にしてた宝物‥‥	
1131324:48:2	レナって女の子からもらった指輪とキラキラ光る宝石を\n取り返してきてくれよぉ～	
1131324:48:3	取り返してきてくれたら\nそこにある巨人の像を\nおまえにやるよぉ～	
1131324:111:0	オゥレ様の大切な指輪を\n身につけるなぁ～ッ！\n盗むつもりなのかぁ～ッ！？	
1131324:111:1	俺のだ！返します	
1131324:47:0	さっさと指輪を外せよぉ～ッ！	
1131324:46:0	さあ‥見つけた宝石と指輪を\n返してくれよぉ～	
1131324:46:1	返す　　いやだ！	
1131324:50:0	ありがとぉ～\nあんた‥ほんとに良い人間だね	
1131324:50:1	お礼に‥\nそこの聖像とこいつをあげるよぉ～	
1131324:50:2	{c:0b}ＨＯＬＩＸ\n{01:074d}{03:004d}{c:0f}を手に入れた！	
1131324:51:0	きっと‥あんたなら\n目的を果たすことができるよぉ～	
1131324:51:1	そうだぁ～ッ！\nこいつもあげるよぉ～	
1131324:51:2	あんた‥あのレナって娘と\n一緒にいた男の子と\n似てるからねぇ～	
1131324:51:3	{c:0b}ＡＲＭＯＲ\n{01:077f}{03:007f}{c:0f}を手に入れた	
1131324:52:0	もしも‥レナって娘に会ったら\nオゥレ様がヨロシク言ってたって\n伝えておくれよぉ～	
1131324:36:0	{c:0b}ＴＲＥＡＳＵＲＥ\n{01:0719}{03:0019}{c:0f}を手に入れた！	
1248178:10:0	は　いいいえ	
1248178:14:0	あなたの声を\n私に聞かせて‥‥ファウ	
1248178:65:0	{c:07}カシム\n{c:0f}	
1248178:102:0	{c:07}ナーシャ\n{c:0f}	
1248178:103:0	{c:07}オルガ\n{c:0f}	
1248178:104:0	{c:07}ヴェストリル\n{c:0f}	
1248178:105:0	{c:07}グレゴリー爺さん\n{c:0f}	
1248178:106:0	{c:07}聖なる光\n{c:0f}	
1248178:107:0	{c:07}フィスロの女の子\n{c:0f}	
1248178:108:0	{c:07}フィスロのおばあさん\n{c:0f}	
1248178:109:0	{c:07}バスターギア\n{c:0f}	
1248178:110:0	{c:07}フィスロの娘\n{c:0f}	
1248178:111:0	{c:07}ばあさん\n{c:0f}	
1248178:112:0	{c:07}フィスロの村長\n{c:0f}	
1248178:113:0	{c:07}フィスロのおばさん\n{c:0f}	
1248178:114:0	{c:07}旅の吟遊詩人\n{c:0f}	
1248178:115:0	{c:07}村の若者\n{c:0f}	
1248178:116:0	{c:07}風色の髪をした男の子\n{c:0f}	
1248178:117:0	{c:07}子供の声\n{c:0f}	
1248178:118:0	{c:07}鳶色の髪の少女\n{c:0f}	
1248178:119:0	{c:07}魚売りのおばあさん\n{c:0f}	
1248178:120:0	{c:07}聖なる光\n{c:0f}	
12485a8:2:0	‥‥海賊が来たと思ったのに‥‥	
12485a8:3:0	‥‥お兄ちゃんは海賊じゃないの？	
12485a8:4:0	‥‥お兄ちゃんは忍者じゃないの？	
12485a8:5:0	つまんないの‥‥	
12485a8:6:0	１８年前に魚がとれなくなって\n若い者はみな出ていってしまい\n村はさびれてしまいました	
12485a8:7:0	先刻‥黒装束の怪しげな連中が\nヨルグの森へ入っていくのを\n見かけましたわ！	
12485a8:8:0	また‥怪しい人を見かけましたよ\n魚売りのおばあさんの家に\n海賊みたいな人が入っていきました	
1248748:0:0	何もお売りする物がございませんの	
1248748:0:1	お部屋もめずらしく\n旅の方が借りておられまして‥‥	
1248748:0:2	そうだわ‥‥！	
1248748:0:3	村へ入って\nすぐ右の家が空き家ですので\nよろしかったらお使い下さい	
1248748:5:0	ヨルグの森は‥呪われた森‥‥	
1248748:5:1	滅びの獣の呪いで\n妖物となり果てた者たちが\n住んでいると云われています	
1248748:6:0	ア～鳴呼～っ！！	
1248748:6:1	その昔ィ～コンロールの島に渡った少年は～忌まわしき儀式から～\nひとりのぉ赤子を救ぅいだしたぁ～	
1248748:7:0	オゥオゥーオオオゥー	
1248748:7:1	風ぇ～まといぃし勇者よぉ～\nいざッ行かん！　呪われぇ～し森へ進めッ！　古き友との運めの決着へ	
1248748:8:0	おまえさん方‥‥\n何しにいらっしゃった？	
1248748:8:1	この村は‥死にゆく運め‥‥	
1248748:8:2	そっとしておいて下され	
1248748:9:0	コンロールの怒りがおさまれば\n昔のように魚もとれましょう	
1248748:10:0	息子が帰ってきてくれたら\nじいさんも元気を出すでしょうに	
12489f4:2:0	お若い方が村へいらっしゃるとは\nほんに珍しいことですなあ‥‥	
12489f4:2:1	この婆に何か聞きたいことでも？	
12489f4:3:0	魚をお売りしても\n持ち帰る間に\nいたんでしまいますゆえ‥‥	
12489f4:4:0	ほひょあ？\nなんでしょ‥良く聞こえませんぞ？もっと近くで話して下され‥‥	
12489f4:5:0	太古の時代‥ヨルグの森の奥に\n火テジャスの神ビラグリスの神殿が建てられたそうじゃよ	
12489f4:6:0	それでは‥昔話でも\nさせていただきましょうかの‥‥	
12489f4:6:1	‥‥２０年近く前は\nこの村も‥大漁続きで‥‥\nにぎわっていたものでした‥‥	
12489f4:6:2	{c:04}‥‥ある朝のこと\n浜辺に赤子が\n捨てられておったそうです	
12489f4:6:3	{c:04}朝日を映しとったような\nキラキラとまぶしい髪をした\nそれはそれは\nかわいらしい赤ん坊だったとか‥	
12489f4:6:4	どうしたんだろう‥‥？	
12489f4:6:5	海が‥赤く染まっている‥‥	
12489f4:6:6	まるで‥\n海神（うみがみ）コンロールの\n怒りにふれでもしたような‥‥	
12489f4:6:7	‥‥イヤなことが\n起こりそうな気がする‥‥	
12489f4:6:8	‥‥あれは‥‥？	
12489f4:6:9	‥‥あ‥赤ん坊じゃないか！！	
12489f4:6:10	それが‥‥\n不幸の始まりでした‥‥	
12489f4:6:11	‥‥以来‥村では\nそれまでのことがウソのように\n魚がとれなくなってしまったのです	
12489f4:6:12	‥‥若者は\n父親である村長（むらおさ）から\n赤子を海に捨てるよう言われました	
12489f4:6:13	‥‥若者は\n悩み‥苦しんだそうです‥‥	
12489f4:6:14	‥‥村のためとはいえ\n生まれて間もない赤子を\n海に捨てるなどということが\n許されて良いのか‥‥	
12489f4:6:15	‥‥オレは\nいったい‥どうすればいいんだ‥‥	
12489f4:6:16	‥‥その子を捨てたって\nなにも解決しないよ‥‥	
12489f4:6:17	‥‥君は‥‥？\n‥‥君は\nこの赤ん坊を知っているのか？	
12489f4:6:18	だったら‥教えてくれ！\nこの子はいったい‥‥	
12489f4:6:19	‥‥おじさん‥困ってるんだ‥‥	
12489f4:6:20	いいよ‥教えてあげる‥‥	
12489f4:6:21	‥‥その子はね‥‥\nコンロールの生けにえに\nされかかっていたんだ‥‥	
12489f4:6:22	‥‥それをボクが助けちゃったからコンロールは怒ってる‥‥	
12489f4:6:23	だけどね‥‥\nその子は‥偉大な魂を受け継ぐ者のひとりだから‥死なせちゃいけない	
12489f4:6:24	‥‥偉大な魂？	
12489f4:6:25	‥‥ファウ！	
12489f4:6:26	早く行くわよ！\nギアが神殿で待ってるわ！	
12489f4:6:27	わかったよ‥レナ‥‥	
12489f4:6:28	ま‥待ってくれッ！！	
12489f4:6:29	オレは‥どうすれば‥‥	
12489f4:6:30	‥‥それきり‥若者は\n赤子と共に帰ってきませんでした	
12489f4:6:31	‥‥村を出ていった若者が\nそれから‥どうなったのか‥‥\nこの村にそれを知る者はおりません	
12489f4:9:0	‥‥村を出ていった若者が\nそれから‥どうなったのか‥‥\nこの村にそれを知る者はおりません	
12489f4:17:0	{c:0b}ＴＲＩＮＫＥＴ\n{01:078e}{03:008e}{c:0f}を手に入れた！	
1249184:22:0	‥‥はて？	
1249184:22:1	どこかで\nお会いしたことが\nあるような‥‥	
1249184:34:0	うむむ‥‥	
1249184:34:1	ダメじゃ‥‥\n思いだせん	
1249184:26:0	こんな話を\nご存じですかな‥‥	
1249184:26:1	その昔‥‥\n偉大な魔法使いが\nおったそうです‥‥	
1249184:26:2	彼は‥この世界の神秘を\n‥ホリクスの謎を\n解き明かした‥‥	
1249184:26:3	そして‥触れてはならぬ\n禁断の扉にまで\n手をかけてしまった‥‥	
1249184:26:4	‥‥第六のホリクス！！	
1249184:26:5	エイナス世界とその源を\n異にする呪われし力‥‥	
1249184:26:6	その力を手に入れるため\n彼は恐るべきことを\n思いついた‥‥	
1249184:26:7	異世界の存在そのものを\nこの世に呼び寄せ‥‥	
1249184:27:0	おお‥‥\nわしとしたことが\nしゃべりすぎてしまった	
1249184:36:0	水アバースの象徴たる\n「ポツレスの聖像」は\nコンロールの島にある！	
1249184:36:1	そして‥‥\nこの村の長の息子が\n島の位置を知っておる！	
1249184:32:0	ほぉっほぉっほぉっ\nおわかりかな‥‥？	
1249184:32:1	それでは‥‥\nまたお会いしましょう	
1249184:32:2	お元気で‥‥	
1249184:8:0	ベッドで休むやめておく　	
1249184:10:0	{c:0b}ＲＥＣＯＶＥＲＹ\n{c:0f}パーティー全員の体力が回復した！	
1249184:21:0	{c:0b}ＷＥＡＰＯＮ\n{01:076a}{03:006a}{c:0f}を手に入れた！	
1249810:3:0	{c:07}海賊島の首領シャーキン\n{c:0f}	
1249810:2:0	遅かったじゃないのン！\n大事な話があるのよン！！	
1249810:2:1	{name:0f00}ちゃん！\nあなたがすごく気にしてることを\n教えてあげに来たのよン！！	
1249810:2:2	もう‥わかったでしょン	
1249810:2:3	この村でとれてたお魚のことン\nそう‥\n{01:0720}{03:0020}のことよン！！	
1249810:2:4	どう‥知りたいでしょン？	
1249810:2:5	あら‥そうなのン？\n残念ねン‥‥	
1249810:5:0	ねン？	
1249810:40:0	いいわよン！\nＬｅｔ’ｓ　フィッシングよン！！	
1249810:4:0	フフフ‥‥\nじゃあ‥行きましょン	
1249810:4:1	Ｌｅｔ’ｓ　フィッシングよン！！	
1249810:4:2	何をおどろいてるのン？	
1249810:4:3	当然！　あなたが釣ってくるのよン	
1249810:4:4	ほおら‥\nさっさと行って来なさいン！	
1249810:27:0	ＨＩＴ！！	
1249810:32:0	持ちきれないので放してやった	
1249810:53:0	{c:04}「サラドスが乱獲されて\n　いなくなってしまったのも\n　うなずける‥‥	
1249810:24:0	ＦＡＩＬＥＤ！	
1249810:33:0	釣りをやめますか？	
1249810:35:0	どうだったン？\n釣りはうまくいったのン？	
1249810:35:1	うきを良く見て\nアタリに合わせなくちゃダメよン！	
1249810:35:2	もう一度‥行ってみるン？	
1249810:35:3	しかたないわねン\n	
1249810:36:0	そう‥良かったわン！！	
1249810:37:0	じゃあ‥もどりましょン！	
1249810:41:0	が\n釣りたくなったら\nいつでもいらっしゃいン	
1249810:41:1	しばらく\nここにいるつもりだから‥‥ン	
124a090:9:0	　魚売りのおばあさんの家	
124a090:18:0	　忘れられた漁村フィスロ	
124a458:2:0	刻は‥大河のごとく\n流れゆくもの‥‥か	
124a458:2:1	河口の縁に立たされた\nこの世界が\n何処へ流されゆくか‥‥	
124a458:2:2	おまえには\nわかっていたのかもな\n‥‥ファウよ	
124a458:2:3	だが‥あらがう力さえ\nないものなら\n滅びてしまうがいい‥‥	
124a458:2:4	否‥‥\nいっそ我が手で\n滅ぼしてくれる！	
12e91c4:92:0	　　海神コンロールの島	
12e91c4:9:0	　　海神コンロールの島	
12e989c:10:0	は　いいいえ	
12e989c:14:0	聖なるホリクスよ‥‥\n魔法にかくされし秘密を\nあたしに教えてッ！！	
12e989c:41:0	{c:0b}ＬＯＣＫＥＤ\n{c:0f}鍵が、かかっていて開かない！	
12e989c:47:0	{c:0b}ＵＮＡＢＬＥ\n{c:0f}ロブアーティストしか使えない！	
12e989c:49:0	{c:0b}ＦＡＩＬＥＤ\n{c:0f}解錠に失敗した！	
12e989c:50:0	{c:0b}ＢＲＯＫＥＮ\n{c:0f}{01:0707}{03:0007}が壊れた！	
12e989c:51:0	{c:0b}ＵＮＬＯＣＫ\n{c:0f}扉の錠を開いた！	
12e989c:52:0	{c:0b}ＭＡＧＩＣ　ＬＯＣＫ\n{c:0f}この扉は　魔法で封印されている！	
12e989c:53:0	魔法の扉よ　開いてッ！\n	
12e989c:53:1	アンローーック！！	
12e989c:57:0	{c:0b}ＵＮＬＯＣＫ　ＭＡＧＩＣ\n{c:0f}魔法の封印を解いた！	
12e9c68:14:0	{c:07}カシム\n{c:0f}	
12e9c68:15:0	{c:07}ナーシャ\n{c:0f}	
12e9c68:16:0	{c:07}オルガ\n{c:0f}	
12e9c68:17:0	{c:07}ヴェストリル\n{c:0f}	
12e9c68:7:0	うわッ‥魚くせぇ‥‥！	
12e9c68:7:1	とてもお宝がありそうに\n思えねえなあ‥‥	
12e9c68:7:2	ほんとに\nこの島であってんのかよ	
12e9c68:8:0	ここが海神と恐れられる\nコンロールの島ですか	
12e9c68:10:0	んんっ‥‥‥‥	
12e9c68:10:1	とても強い‥魔法の力を\n‥感じる‥‥	
12e9c68:10:2	なにかしら‥‥\n今までに\n感じたことのない力だわ	
12e9c68:19:0	たしかに妖しげな島では\nありますね	
12e9c68:21:0	ふふん‥‥\n調べてみりゃ\n何か分かるってもんだろ	
12e9c68:21:1	行ってみようじゃないか	
12e9c68:22:0	あんま気のりしねえけど\n調べてみるとするか	
12ea0a0:2:0	{c:07}コンロールの王\n{c:0f}	
12ea0a0:3:0	{c:07}コンロールの大神官\n{c:0f}	
12ea0a0:4:0	{c:07}コンロールの兵士\n{c:0f}	
12ea0a0:5:0	{c:07}コンロールの神官\n{c:0f}	
12ea0a0:6:0	{c:07}学者アルタイル\n{c:0f}	
12ea0a0:7:0	{c:07}キュリエンテス\n{c:0f}	
12ea0a0:8:0	人間めッ！！\n神聖な海を汚す野蛮な種族め！！！	
12ea0a0:11:0	おかしなことをすれば\n命はないと思え！	
12ea0a0:12:0	我らコンロールの王に何用だッ！？帰れッ帰れッ！！	
12ea0a0:13:0	王の怒りにふれ\nしかばねを魚のエサにするも良し！	
12ea0a0:14:0	１８年ほど前にも一度だけ\nこの島が浮かび上がったことがある	
12ea0a0:14:1	良くは知らぬが‥‥\nその時に来た人間が\n我らの王と何かの約束をしたらしい	
12ea0a0:15:0	島の地下に広がる海底大神殿には\n大神官様とその側近しか\n出入りが許されておらぬ	
12ea0a0:16:0	‥‥あの時と‥同じだ‥‥\n大神官様が\n変わってしまわれた‥あの時と‥‥{0a:0005}何も起こらねば良いが‥‥	
12ea0a0:17:0	おまえ達が海を汚したせいで\nこの近海にはサラドスが\n一匹もいなくなってしまった	
12ea0a0:18:0	我らコンロールは‥海の民‥‥\n我らの王は‥海の王だ！！	
12ea0a0:19:0	大神官め‥許せん！\n我らの王をないがしろにしおって！	
12ea0a0:62:0	の力は\nコンロールにとって\n無くてはならないものなのです	
12ea0a0:20:0	王は大神官が気に入らないらしい\n大神官は海底大神殿を\n自分の物のようにしているからな	
12ea0a0:21:0	水アバースの神ポツレスに\n祈りをささげよ	
12ea0a0:22:0	大神官様がおっしゃるには\n汚された海を清めるために\nイケニエが必要なのだ！	
12ea0a0:63:0	地底の大神殿は\n我らコンロールが\n築いたものではない‥‥\n{0a:0006}はるか古代に\n人間がつくった物らしい	
12ea0a0:61:0	大神殿への入り口は\n大神官しか知らぬのだ	
12ea0a0:61:1	おまえたちが聖像を\n見つけてくれれば\n海に生命を吹き込める	
12ea0a0:59:0	隣室の呪文書は\n昔‥おまえが\n落としていった物だ	
12ea0a0:59:1	持って行くが良いだろう	
12ea0a0:24:0	大神官様は祈りをささげておられるお帰りいただこう！！	
12ea0a0:25:0	おまえは‥‥ッ！！	
12ea0a0:25:1	あきらめていたのだが\n１８年前の約束どおり\nやって来ようとはな	
12ea0a0:25:2	では‥\nアレを取りもどして\nきてくれたのだな？	
12ea0a0:39:0	は　いいいえ	
12ea0a0:40:0	な‥なんだとッ！？	
12ea0a0:40:1	まさか‥\n約束を忘れたわけでは\nあるまい？	
12ea0a0:42:0	さあ‥早く見せてくれ	
12ea0a0:42:1	島から盗まれた\n水アバースの神‥\n{01:0701}{03:0001}を！	
12ea0a0:43:0	！？	
12ea0a0:44:0	聖像って‥‥\nどういうことだい！？	
12ea0a0:46:0	コンロールの王よ‥‥	
12ea0a0:46:1	我々は‥その聖像を\n求めてまいったのです	
12ea0a0:47:0	聖像は‥\nこの島にあるんじゃ\nなかったのかよッ！？	
12ea0a0:48:0	ざれごとを申すな‥‥	
12ea0a0:48:1	風まとう銀髪の少年よ‥\nおまえが１８年前に\n約束したのではないか！	
12ea0a0:48:2	イケニエの赤子を\n救う代わりに\n聖像を取り返すと‥‥	
12ea0a0:49:0	どういうことだよ‥\nおまえ‥\n何か隠してねえか？	
12ea0a0:49:1	は　いいいえ	
12ea0a0:51:0	ちッ‥‥\nどうでもいいけどよ！	
12ea0a0:52:0	かんべんしろよ‥ったく	
12ea0a0:53:0	まあ‥いいや‥‥	
12ea0a0:53:1	コンロールの王さんよ！	
12ea0a0:53:2	聖像は‥この島にある！\nそいつを\nオレが見つけてやる！	
12ea0a0:53:3	でよ‥ものは相談だが‥\nこの島を\n調べさせちゃくれねえか	
12ea0a0:50:0	なんか‥かん違い\nされてるみたいだよ	
12ea0a0:50:1	まあいい‥‥\n聖像はきっと\nここにあるはずなんだ！	
12ea0a0:50:2	この場は\nあたしに‥まかせときな	
12ea0a0:50:3	偉大なる海の王よ！\n聖像の手がかりは\nこの島にございます	
12ea0a0:50:4	それを探す許可を\nいただきたいのです！	
12ea0a0:54:0	ああぁ‥‥	
12ea0a0:54:1	もうよい‥好きにしろ\nどうせ‥\nあきらめていたことだ	
12ea0a0:54:2	だが‥覚えておくがいい	
12ea0a0:54:3	聖像が見つからぬなら\n海からおまえたち人間を\n永遠に追い払ってくれる	
12ea0a0:60:0	{c:0b}ＭＡＧＩＣ　ＳＣＲＯＬＬ\n{01:079a}{03:009a}{c:0f}を手に入れた！	
12eab18:3:0	おい‥待てよッ！\nまさか‥このまま\n帰るつもりか！？	
12eab18:4:0	ねえ‥どこ行くの？\nコンロールの王様に\n聖像を返さなきゃ‥‥	
12eab18:6:0	あんたに\n考えがあるんなら\nあたしゃ　かまわないよ	
12eab18:7:0	ねえ‥\nこのまま聖像を\n持っていっちゃうの？	
12eab18:9:0	いけませんッ！！	
12eab18:9:1	それではまるで盗人では\nありませんか！！	
12eab18:10:0	いいのかな？\nそんなことして‥‥	
12eab18:10:1	聖像を持ってくとしても\nコンロールの王様に\nことわらないと‥‥	
12eab18:10:2	神様が怒っちゃたり\nしないの‥‥？	
12eab18:11:0	ひでえこと言うなあ‥‥	
12eab18:11:1	ロブアーティストは\n盗みはしても\n仁義は守るぜぇ！？	
12eab18:11:2	むむ‥‥とにかく！！\nコンロールの王に\n会っていくのです	
12eab18:11:3	‥‥だとよ	
12eab18:12:0	ははは‥‥\nおかしなこと言うねえ	
12eab18:12:1	この子はラッツだよ？\n盗みが仕事さね	
12eab18:12:2	むむ‥‥とにかく！！\nコンロールの王に\n会っていくのです	
12eab18:12:3	おやおや‥‥\n坊さんってのは\nほんとに頭が固いねえ	
12eab18:14:0	が\n見つかったのか！	
12eab18:14:1	良くやってくれた！\n風まとう銀髪の少年よ‥\nおまえは真の救世主だ！	
12eab18:17:0	さあ‥\n{01:0701}{03:0001}を\n返してくれ！	
12eab18:15:0	なんだとッ！？\n我らの聖像を\nうばい取るつもりか！？	
12eab18:15:1	聖像を返さぬのなら\n我らコンロールと\n戦いになろうぞ‥‥	
12eab18:15:2	それでも良いのか！？	
12eab18:21:0	おお‥まさしく\n{01:0701}{03:0001}！！	
12eab18:21:1	さっそくにも\n祭だんに安置させ\n海に生命を呼び覚まそう	
12eab18:22:0	少年よ感謝する\nこれで‥海に\n魚が帰ってくるだろう	
12eab18:34:0	{c:04}祭だんに安置された\n{01:0701}{03:0001}から\n海は活力を取り戻せるのだろうか	
12eab18:23:0	{c:0b}ＴＲＥＡＳＵＲＥ\n{01:0701}{03:0001}{c:0f}を手に入れた！	
12eab18:18:0	無念‥‥\n貴様のことを信じた\n自分が情けないわッ！！	
12eab18:20:0	ええいッ！！\nわし自らの手で\n葬り去ってくれるわッ！	
12eab18:24:0	無益なことを\nしたものです‥‥	
12eab18:24:1	殺さずとも\n良かったものを‥‥	
12eab18:26:0	殺っちまったものは\nしょうがねえよ\n聖像を持って帰ろうぜ	
12eab18:28:0	めんどうなことに\nならなきゃいいけどね	
12eab18:30:0	でも‥聖像を隠すのに\nなんで島から\n持ち出さなかったのかしら	
12eab18:43:0	王の言われたとおりだ！\n聖像を人間どもに奪わせるな\nかかれぇーーーーッ！！	
12eab18:45:0	王の間へ通すわけには参らぬ！	
12eab18:47:0	王が悪魔に‥‥？	
12eab18:47:1	そういえば‥少し前に\n紫のローブを身にまとった\n人間の女が王を訪れていた	
12eab18:47:2	あの女と何か関係が‥‥	
12eab18:66:0	聖像が帰ってきてから\n王の様子がおかしいのだ‥‥	
12eab18:48:0	貴様たちに\n{01:0701}{03:0001}は\n渡さぬ！	
12eab18:48:1	やってしまえッ！！	
12eab18:49:0	ええいッ！！\nわし自らの手で\n葬り去ってくれるわッ！	
12eab18:55:0	{c:0b}Ａ　ＣＲＹＳＴＡＬ　ＰＩＥＣＥ\n{c:07}智の結晶のかけら{c:0f}を手に入れた！	
12eab18:55:1	{c:0b}ＭＡＧＩＣ　ＰＯＷＥＲ　ＵＰ！\n{c:07}智の結晶のかけら{c:0f}によって\nナーシャは失われた力を\nほんの少しだけ取り戻した！！	
12eb6c8:7:0	を\n探しているのかい？	
12eb6c8:7:1	それなら‥\n救世の町ユーソミルへ\n行きたまえ	
12eb6c8:7:2	バートラムとかいう\n鎧の騎士が\n持っているはずだ	
12eb6c8:32:0	ところで‥‥\n	
12eb6c8:2:0	おや‥‥？\n	
12eb6c8:31:0	珍しいコインを\n持っているね	
12eb6c8:27:0	汝‥‥\n運めに立ち向かいし者よ	
12eb6c8:27:1	は\n刻の監視者にして\n精霊の長たる神の像‥‥	
12eb6c8:27:2	満干の聖月も\nその力を失われよう	
12eb6c8:27:3	なしに\n聖像を持ち出すことは\nかなわぬ	
12eb6c8:27:4	を\nコンロールの王の間の\n祭だんへ安置せよ	
12eb6c8:33:0	{c:07}学者アルタイル\n{c:0f}	
12eb6c8:33:1	もし良かったら\nコインを\n交換して上げようか	
12eb6c8:33:2	コインの交換は\nいつでも歓迎するよ	
12eb6c8:33:3	方向キーの上下で\n枚数を選んでくれ	
12ebd34:32:0	{c:0b}ＨＯＬＩＸ\n{01:074f}{03:004f}{c:0f}を手に入れた！	
12ebd34:62:0	{c:0b}ＭＡＧＩＣ　ＳＣＲＯＬＬ\n{01:07ab}{03:00ab}{c:0f}を手に入れた！	
12ebd34:70:0	{c:0b}ＴＲＥＡＳＵＲＥ\n{01:0701}{03:0001}{c:0f}を手に入れた！	
12ebd34:66:0	{c:0b}ＴＯＯＬ\n{01:0731}{03:0031}{c:0f}を手に入れた！	
12ebd34:68:0	{c:0b}ＡＲＭＯＲ\n{01:0774}{03:0074}{c:0f}を手に入れた！	
12ebd34:108:0	{c:0b}ＨＯＬＩＸ\n{01:0738}{03:0038}{c:0f}を手に入れた！	
12ebd34:111:0	{c:0b}ＨＯＬＩＸ\n{01:0739}{03:0039}{c:0f}を手に入れた！	
12ebd34:112:0	{c:0b}ＨＯＬＩＸ\n{01:073a}{03:003a}{c:0f}を手に入れた！	
12ebd34:113:0	{c:0b}ＨＯＬＩＸ\n{01:073b}{03:003b}{c:0f}を手に入れた！	
12ebd34:114:0	{c:0b}ＨＯＬＩＸ\n{01:073c}{03:003c}{c:0f}を手に入れた！	
12ec1c4:100:0	ポツレスの聖像を取得	
12ec1c4:101:0	ポツレスの聖像を奪還\nイベントを開始しますか？	
12ec1c4:102:0	時のしずくを取得	
12ec1c4:103:0	コインの交換可能	
12ec460:167:0	{c:0b}ＵＮＡＢＬＥ\n{c:0f}この扉は　こちら側から開けない！	
12eca54:2:0	あなたの声を\n私に聞かせて‥‥ファウ	
12eca54:4:0	{c:07}聖なる光\n{c:0f}	
12ecc28:18:0	{c:07}コンロールの大神官\n{c:0f}	
12ecc28:19:0	{c:07}コンロールの神官\n{c:0f}	
12ecc28:25:0	{c:07}悪魔バーリュボギル\n{c:0f}	
12ecc28:2:0	うしゃしゃしゃしゃ‥‥\nいらっしゃい\nお待ちしていましたよ	
12ecc28:2:1	しかし‥\n{01:0b01}{03:0001}は\nお渡しできません	
12ecc28:2:2	神託により\n貴方がたには‥ここで\n死んでいただきますよ	
12ecc28:7:0	グハアァァァーーーッ！	
12ecc28:7:1	天上の三神人がひとり！\n忍者バスターギアが\n{c:0b}ヨルグの森{c:0f}で待つ！	
12ecc28:7:2	火テジャスの神‥\n{01:0b02}{03:0002}を\n欲するならば来いッ！！	
12ecc28:7:3	グッフフフ‥‥\nだが‥しょせん‥‥	
12ecc28:7:4	ムダだッ！！！	
12ecc28:7:5	おまえ達がいくら聖像を\n集めようと‥それは５つ\nそろうことがない！！	
12ecc28:7:6	グアッハッハッハッ！！	
13733fc:32:0	　　　滅びの森ヨルグ	
13733fc:12:0	　　　滅びの森ヨルグ	
13733fc:9:0	　　　滅びの森ヨルグ	
13733fc:16:0	{c:07}死神の船頭\n{c:0f}	
13733fc:16:1	命の保証はできぬが\nそれでも向こう岸へ渡りなさるか？	
13733fc:16:2	　渡る　やめとく	
13733fc:17:0	{c:07}死神の船頭\n{c:0f}	
13733fc:17:1	命を粗末にする者への\nせめてものはなむけだ	
13733fc:18:0	{c:07}死神の船頭\n{c:0f}	
13733fc:18:1	なに\n向こう岸へ戻りなさるか？	
13733fc:18:2	　渡る　やめとく	
1373da8:2:0	あなたの{05:12}声を\n{14:003c000000}{05:09}私に聞かせて‥‥{14:0037000000}{05:06}ファウ	
1373da8:4:0	{c:07}聖なる光\n{c:0f}	
1373da8:6:0	あなたの{05:12}声を\n{14:003c000000}{05:09}私に聞かせて‥‥{14:0037000000}{05:06}ファウ	
1373da8:7:0	聖なるホリクスよ‥‥\n魔法にかくされし秘密をあたしに教えてッ！！	
1373da8:41:0	{c:0b}ＬＯＣＫＥＤ\n{c:0f}鍵が、かかっていて開かない！	
1373da8:47:0	{c:0b}ＵＮＡＢＬＥ\n{c:0f}ロブアーティストしか使えない！	
1373da8:49:0	{c:0b}ＦＡＩＬＥＤ\n{c:0f}解錠に失敗した！	
1373da8:50:0	{c:0b}ＢＲＯＫＥＮ\n{c:0f}{01:0707}{03:0007}が壊れた！	
1373da8:51:0	{c:0b}ＵＮＬＯＣＫ\n{c:0f}扉の錠を開いた！	
1373da8:52:0	{c:0b}ＭＡＧＩＣ　ＬＯＣＫ\n{c:0f}この扉は　魔法で封印されている！	
1373da8:53:0	魔法の扉よ　開いてッ！アンローーック！！	
1373da8:57:0	{c:0b}ＵＮＬＯＣＫ　ＭＡＧＩＣ\n{c:0f}魔法の封印を解いた！	
13741fc:3:0	{c:0b}ＨＯＬＩＸ\n{01:0741}{03:0041}{c:0f}を手に入れた	
13741fc:4:0	{c:0b}ＨＯＬＩＸ\n{01:0742}{03:0042}{c:0f}を手に入れた	
13741fc:5:0	{c:0b}ＨＯＬＩＸ\n{01:073a}{03:003a}{c:0f}を手に入れた	
13741fc:6:0	{c:0b}ＨＯＬＩＸ\n{01:073f}{03:003f}{c:0f}を手に入れた	
13741fc:7:0	{c:0b}ＨＯＬＩＸ\n{01:0743}{03:0043}{c:0f}を手に入れた	
13741fc:8:0	{c:0b}ＨＯＬＩＸ\n{01:073b}{03:003b}{c:0f}を手に入れた	
13741fc:9:0	{c:0b}ＨＯＬＩＸ\n{01:0740}{03:0040}{c:0f}を手に入れた	
13741fc:10:0	{c:0b}ＨＯＬＩＸ\n{01:0744}{03:0044}{c:0f}を手に入れた	
13741fc:11:0	{c:0b}ＨＯＬＩＸ\n{01:073c}{03:003c}{c:0f}を手に入れた	
13741fc:12:0	{c:0b}ＨＯＬＩＸ\n{01:0745}{03:0045}{c:0f}を手に入れた	
13744b4:3:0	{c:07}バスターギア\n{c:0f}	
13744b4:2:0	ヴァユの勇者ファウを\n火神ビラグリスの神殿へ\nさそい込み　しとめる！	
13744b4:2:1	いいか‥‥	
13744b4:2:2	神殿の中に入るまで\nけして手を出すなよ‥‥	
13744b4:2:3	呪われし者‥\nミューリマンをせん動し\nヤツらを苦しめろ！	
13744b4:2:4	よし‥‥散れッ！！	
1374970:70:0	{c:0b}ＤＥＢＵＧ\n{c:0f}{03:0007}２つと{03:0008}３つを手に入れた！	
1374970:111:0	{c:07}聖なる光\n{c:0f}	
1374970:112:0	あなたの声を\n私に聞かせて‥‥ファウ	
1374970:113:0	あなたの声を\n私に聞かせて‥‥ファウ	
1374970:150:0	{c:0b}ＨＯＬＩＸ\n{01:0738}{03:0038}{c:0f}を手に入れた！	
1374970:151:0	{c:0b}ＨＯＬＩＸ\n{01:0739}{03:0039}{c:0f}を手に入れた！	
1374970:152:0	{c:0b}ＨＯＬＩＸ\n{01:073a}{03:003a}{c:0f}を手に入れた！	
1374970:153:0	{c:0b}ＨＯＬＩＸ\n{01:073b}{03:003b}{c:0f}を手に入れた！	
1374970:154:0	{c:0b}ＨＯＬＩＸ\n{01:073c}{03:003c}{c:0f}を手に入れた！	
1411dd4:143:0	{c:0b}ＴＲＥＡＳＵＲＥ\n{01:070b}{03:000b}{c:0f}を手に入れた	
1411dd4:145:0	{c:0b}ＭＯＮＵＭＥＮＴ\n{c:0f}石碑に書かれている文字を読んだ！	
1411dd4:79:0	{c:0b}ＴＥＺＨＡＳ　ＳＷＯＲＤ\n{01:075e}{03:005e}{c:0f}を手に入れた！	
1412838:2:0	あなたの{05:12}声を\n{14:003c000000}{05:09}私に聞かせて‥‥{14:0037000000}{05:06}ファウ	
1412838:4:0	{c:07}聖なる光\n{c:0f}	
1412838:20:0	あなたの{05:12}声を\n{14:003c000000}{05:09}私に聞かせて‥‥{14:0037000000}{05:06}ファウ	
1412838:101:0	{c:07}聖なる光\n{c:0f}	
1412838:102:0	あなたの声を\n私に聞かせて‥‥ファウ	
1412838:103:0	あなたの声を\n私に聞かせて‥‥ファウ	
1412bc8:8:0	　火神ビラグリスの神殿	
1412bc8:10:0	{c:0b}ＨＯＬＩＸ\n{01:0748}{03:0048}{c:0f}を手に入れた！	
1412bc8:11:0	{c:0b}ＭＡＧＩＣ　ＳＣＲＯＬＬ\n{01:07a6}{03:00a6}{c:0f}を手に入れた！	
1412bc8:12:0	{c:0b}ＴＲＩＮＫＥＴ\n{01:0796}{03:0096}{c:0f}を手に入れた	
1412bc8:13:0	{c:0b}ＡＲＭＯＲ\n{01:0780}{03:0080}{c:0f}を手に入れた	
1412bc8:15:0	{c:0b}ＷＥＡＰＯＮ\n{01:076d}{03:006d}{c:0f}を手に入れた！	
1412bc8:16:0	{c:0b}ＴＲＥＡＳＵＲＥ\n{01:0717}{03:0017}{c:0f}を手に入れた	
1412bc8:73:0	聖なるホリクスよ‥‥\n魔法にかくされし秘密を\nあたしに教えてッ！！	
1413414:14:0	{c:07}カシム\n{c:0f}	
1413414:15:0	{c:07}ナーシャ\n{c:0f}	
1413414:16:0	{c:07}オルガ\n{c:0f}	
1413414:17:0	{c:07}ヴェストリル\n{c:0f}	
1413414:29:0	{c:07}バスターギア\n{c:0f}	
1413414:10:0	くッくくく‥‥\nあれからずいぶんと\n成長したようだな	
1413414:7:0	ついにここまで来たか	
1413414:8:0	運命とは皮肉なもの‥‥\n転生を果たしたおまえを\n俺が討たねばならぬとは	
1413414:8:1	おまえとは\n戦いの中でしか\n語り合えぬのだから	
1413414:9:0	くッ‥‥気にするな\nどうせ\n長くはなかった命だ‥‥	
1413414:9:1	ラザレスの像は\nロスタールの都にある\nこれを持っていけ‥‥	
1413414:20:0	{c:0b}ＴＲＥＡＳＵＲＥ\n{01:0714}{03:0014}{c:0f}を手に入れた！	
1413414:24:0	{c:0b}ＴＲＥＡＳＵＲＥ\n{01:0702}{03:0002}{c:0f}を手に入れた	
1413414:32:0	お待ち‥‥\n{name:0f00}	
1413414:32:1	どうやら核心に\n迫りつつあるようだね	
1413414:32:2	あたしも\n覚悟を決めたよ	
1413414:32:3	あんたに最後の奥義を\n授けよう	
1413414:32:4	よしっ！！\n剣をふってみな	
1413414:32:5	あまいッ！！	
1413414:32:6	まだまだッ！！	
1413414:32:7	ふぅ～　そんなとこかね\nまあいいだろ	
1413414:32:8	それが烈風刃！！	
1413414:32:9	ダメージは１．５倍！	
1413414:32:10	後方の敵を狙えるうえ\n飛龍撃とちがって\n必ず命中する！	
1413414:32:11	ただしッ！！	
1413414:32:12	あんたのＨＰが半分以下\nピンチの時だけしか\n使えない必殺技だ！！	
1413414:32:13	{c:0b}ツヴァイフィスト奥義\n{c:07}烈風刃{c:0f}を授かった！	
1413414:32:14	じゃあ‥あたしは行くよ	
1413414:32:15	修行に　はげむんだよ\nあんたなら\nきっとやれる	
1413414:32:16	‥‥じゃあね	
1413414:35:0	ったく野郎‥\nさんざん苦労させやがっててめえで持ってやがったか	
1413414:35:1	待てよッ！	
1413414:35:2	話は聞かせてもらったぜ\nロスタール城へ\n行くんだろ？	
1413414:35:3	オレは前から\nあのライオスって野郎が\n怪しいと思ってたんだ	
1413414:35:4	じゃあ‥\n一足先に行って\n待ってるぜ	
1413414:39:0	{c:0b}ＭＯＮＵＭＥＮＴ\n{c:0f}石碑に書かれている文字を読んだ！{0a:0103}汝‥滅びの運めに立ち向かいし者よ冷力を封じし魔法の枝もちて\n火炎の路を渡らん\n其は御身を火神へと導くであろう	
1414bec:70:0	{c:0b}ＤＥＢＵＧ\n{c:0f}{03:0007}２つと{03:0008}３つを手に入れた！	
1414bec:150:0	{c:0b}ＨＯＬＩＸ\n{01:0738}{03:0038}{c:0f}を手に入れた！	
1414bec:151:0	{c:0b}ＨＯＬＩＸ\n{01:0739}{03:0039}{c:0f}を手に入れた！	
1414bec:152:0	{c:0b}ＨＯＬＩＸ\n{01:073a}{03:003a}{c:0f}を手に入れた！	
1414bec:153:0	{c:0b}ＨＯＬＩＸ\n{01:073b}{03:003b}{c:0f}を手に入れた！	
1414bec:154:0	{c:0b}ＨＯＬＩＸ\n{01:073c}{03:003c}{c:0f}を手に入れた！	
14a5f70:98:0	{c:0b}ＲＥＣＯＶＥＲＹ\n{c:0f}パーティー全員の体力が回復した！	
14a5f70:157:0	{c:0b}ＴＲＥＡＳＵＲＥ\n{01:0722}{03:0022}{c:0f}を手に入れた	
14a6ad8:2:0	あなたの声を\n私に聞かせて‥‥ファウ	
14a6ad8:3:0	あなたの声を\n私に聞かせて‥‥ファウ	
14a6ad8:4:0	{c:07}聖なる光\n{c:0f}	
14a6ad8:126:0	{c:0b}ＭＡＧＩＣ　ＬＯＣＫ\n{c:0f}この扉は　魔法で封印されている！	
14a6ad8:53:0	魔法の扉よ　開いてッ！\n	
14a6ad8:53:1	アンローーック！！	
14a6ad8:116:0	{c:0b}ＵＮＬＯＣＫ　ＭＡＧＩＣ\n{c:0f}魔法の封印を解いた！	
14a6ad8:117:0	{c:07}ナーシャ\n{c:0f}	
14a6ad8:161:0	{c:0b}ＭＯＮＵＭＥＮＴ\n{c:0f}石碑に書かれている文字を読んだ！	
14a6ad8:161:1	汝‥滅びの運めに立ち向かいし者よ\n第六の封印を解く鍵は五つなり\n五元うつせし迷宮をゆきて\n各々が宝珠を手にすべし	
14a6ad8:180:0	{c:0b}ＪＯＫＥ！！\n{c:07}フュラギリアンの欠片{c:0f}を手に入れた	
14a6ad8:180:1	{c:0b}ＵＳＥＬＥＳＳ\n{c:0f}が、必要ないので元に戻した	
14a7694:13:0	{c:0b}ＭＯＮＵＭＥＮＴ\n{c:0f}石碑に書かれている文字を読んだ！	
14a7694:13:1	{c:04}汝‥滅びの運めに立ち向かいし者よ第六の封印を解く鍵は五つなり\n五元うつせし迷宮をゆきて\n各々が宝珠を手にすべし	
14a7694:15:0	{c:0b}ＡＲＭＯＲ\n{01:0783}{03:0083}{c:0f}を手に入れた	
14a7694:18:0	{c:0b}ＨＯＬＩＸ\n{01:074e}{03:004e}{c:0f}を手に入れた	
14a7694:19:0	{c:0b}ＨＯＬＩＸ\n{01:0738}{03:0038}{c:0f}を手に入れた	
14a7694:21:0	{c:0b}ＨＯＬＩＸ\n{01:0738}{03:0038}{c:0f}を手に入れた	
14a7694:22:0	{c:0b}ＨＯＬＩＸ\n{01:0738}{03:0038}{c:0f}を手に入れた	
14a7694:23:0	{c:0b}ＨＯＬＩＸ\n{01:0739}{03:0039}{c:0f}を手に入れた	
14a7694:24:0	{c:0b}ＨＯＬＩＸ\n{01:0739}{03:0039}{c:0f}を手に入れた	
14a7694:25:0	{c:0b}ＨＯＬＩＸ\n{01:0739}{03:0039}{c:0f}を手に入れた	
14a7694:26:0	{c:0b}ＨＯＬＩＸ\n{01:073a}{03:003a}{c:0f}を手に入れた	
14a7694:27:0	{c:0b}ＨＯＬＩＸ\n{01:073a}{03:003a}{c:0f}を手に入れた	
14a7694:28:0	{c:0b}ＨＯＬＩＸ\n{01:073a}{03:003a}{c:0f}を手に入れた	
14a7694:29:0	{c:0b}ＨＯＬＩＸ\n{01:073b}{03:003b}{c:0f}を手に入れた	
14a7694:30:0	{c:0b}ＨＯＬＩＸ\n{01:073b}{03:003b}{c:0f}を手に入れた	
14a7694:31:0	{c:0b}ＨＯＬＩＸ\n{01:073b}{03:003b}{c:0f}を手に入れた	
14a7694:32:0	{c:0b}ＨＯＬＩＸ\n{01:073c}{03:003c}{c:0f}を手に入れた	
14a7694:33:0	{c:0b}ＨＯＬＩＸ\n{01:073c}{03:003c}{c:0f}を手に入れた	
14a7694:34:0	{c:0b}ＨＯＬＩＸ\n{01:073c}{03:003c}{c:0f}を手に入れた	
14a7694:35:0	{c:0b}ＨＯＬＩＸ\n{01:0738}{03:0038}{c:0f}を手に入れた	
14a7694:36:0	{c:0b}ＨＯＬＩＸ\n{01:0739}{03:0039}{c:0f}を手に入れた	
14a7694:37:0	{c:0b}ＨＯＬＩＸ\n{01:073a}{03:003a}{c:0f}を手に入れた	
14a7694:38:0	{c:0b}ＨＯＬＩＸ\n{01:073b}{03:003b}{c:0f}を手に入れた	
14a7694:39:0	{c:0b}ＨＯＬＩＸ\n{01:073c}{03:003c}{c:0f}を手に入れた	
153df64:162:0	　　救世都市ユーソミル	
153df64:101:0	　　　　信者の家	
153df64:102:0	　　　　　民家	
153df64:103:0	コイン商ベンタレーの屋敷	
153df64:105:0	　　　　　民家	
153df64:106:0	　　ユーソミル薬剤店	
153df64:107:0	　ユーソミル魔法専門店	
153df64:108:0	　　　　信者の家	
153df64:110:0	いこいの宿　竜のウロコ亭	
153df64:112:0	　ユーソミル武具専門店	
153df64:114:0	　　　　　税関	
153df64:115:0	　　　波止場の空き家	
153df64:116:0	　聖オルトナッシュ教会	
153df64:117:0	　　　　　教会	
153df64:66:0	　　　　　教会	
153df64:65:0	　　　　牢獄の塔	
153df64:104:0	　　　　　民家	
153df64:111:0	　　　　　民家	
153df64:191:0	×９お金１０００ルクソルＦＬＤ２６へ\nＶ対Ｂ\nＭとＶの後\nホリクス全部３０個	
153e848:65:0	あなたの声を\n私に聞かせて‥‥ファウ	
153e848:4:0	{c:07}聖なる光\n{c:0f}	
153e848:9:0	{c:07}マクガイア\n{c:0f}	
153e848:10:0	{c:07}シスターマリア\n{c:0f}	
153e848:11:0	{c:07}カシム\n{c:0f}	
153e848:12:0	{c:07}ナーシャ\n{c:0f}	
153e848:13:0	{c:07}オルガ\n{c:0f}	
153e848:14:0	{c:07}ヴェストリル\n{c:0f}	
153e848:36:0	{c:07}鋼武人バートラム\n{c:0f}	
153e848:23:0	{c:0b}ＳＬＥＥＰＩＮＧ\n{c:0f}兵士は居眠りをしているようだ‥‥	
153e848:24:0	オルティス宮への街道は封鎖された陸路の移動には　町の司令官であるバートラム様の許しが必要だ！	
153e848:25:0	最近‥怪しいヤツが\nうろついてるらしいな	
153e848:32:0	ん‥‥？	
153e848:32:1	て‥てめえッ！\nどっこから入って来やがった！？	
153e848:31:0	く‥くせ者だぁーーーッ！！	
153e848:28:0	ちっ‥‥信者じゃねえか！\nさっさと行きやがれ！！	
153e848:35:0	{c:0b}ＢＯＬＴ\n{c:0f}内側からカンヌキがかかっている！	
153e848:39:0	{c:0b}ＴＲＥＡＳＵＲＥ\n{01:0706}{03:0006}{c:0f}を手に入れた！	
153e848:41:0	{c:0b}ＬＯＣＫＥＤ\n{c:0f}鍵が、かかっていて開かない！	
153e848:47:0	{c:0b}ＵＮＡＢＬＥ\n{c:0f}ロブアーティストしか使えない！	
153e848:49:0	{c:0b}ＦＡＩＬＥＤ\n{c:0f}解錠に失敗した！	
153e848:50:0	{c:0b}ＢＲＯＫＥＮ\n{c:0f}{01:0707}{03:0007}が壊れた！	
153e848:51:0	{c:0b}ＵＮＬＯＣＫ\n{c:0f}扉の錠を開いた！	
153e848:67:0	献金なら教会にしてますでしょ	
153e848:68:0	お祈りは‥かかしておりません	
153e848:69:0	商売のじゃまよ！	
153e848:70:0	なにか‥‥？	
153e848:71:0	ごめんなさい\n急いでますから‥‥	
153e848:72:0	忙しいんでね‥失礼！	
153f1f4:20:0	{c:07}薬屋の子供\n{c:0f}	
153f1f4:21:0	{c:07}出店のおねえさん\n{c:0f}	
153f1f4:22:0	{c:07}出店のおじさん\n{c:0f}	
153f1f4:23:0	{c:07}ユーソミルのおばさん\n{c:0f}	
153f1f4:24:0	{c:07}ユーソミルのおねえさん\n{c:0f}	
153f1f4:25:0	{c:07}ユーソミルの若者\n{c:0f}	
153f1f4:26:0	{c:07}墓守のおじさん\n{c:0f}	
153f1f4:27:0	{c:07}イシュメリアの兵士\n{c:0f}	
153f1f4:57:0	待てッ！！	
153f1f4:59:0	何人たりとも通すなとは\n鋼武人バートラム様のご命令だ！	
153f1f4:59:1	さっさと行けッ！！\nさもないと死ぬぞ！！	
153f1f4:92:0	逃げる戦う！	
153f1f4:29:0	待てッ！！	
153f1f4:29:1	ここは牢獄の塔！\n	
153f1f4:32:0	{c:0b}ＴＲＥＡＳＵＲＥ\n{01:070c}{03:000c}{c:0f}を手に入れた！	
153f1f4:56:0	私のことなら\n心配ありません	
153f1f4:56:1	さあ‥行きなさい\n行って‥貴方の使命を\n果たすのです	
153f1f4:63:0	侵入者だぁーーーーッ！！	
153f1f4:65:0	‥‥‥‥‥‥‥‥	
153f1f4:65:1	その声は‥‥	
153f1f4:65:2	案ずるな\n目は見えずとも\n状況は理解できる	
153f1f4:67:0	マリアは\nこの塔の上に\n囚われている	
153f1f4:66:0	今のおまえでは\n塔の上に囚われた\nマリアを助けられまい	
153f1f4:69:0	私の代わりに\nこれを持って行け	
153f1f4:69:1	{c:0b}ＭＡＧＩＣ　ＳＣＲＯＬＬ\n{01:07aa}{03:00aa}{c:0f}を受け取った	
153f1f4:68:0	私がいなくなれば\nマリアの身が\nどうなるか分からぬ	
153f1f4:68:1	私は‥ここに残る	
153f1f4:68:2	おまえが\n真の勇者となる日を\n待っているぞ	
153f1f4:70:0	マリアを‥‥\nマリアを頼んだぞ！	
153f1f4:35:0	{c:0b}ＬＯＣＫＥＤ\n{c:0f}{01:070c}{03:000c}が　かかっている！	
153f1f4:16:0	{c:07}『イシュメリア皇国軍御用達の店\n　救世のための戦いにそなえよ！』{c:0f}　限定品にてヴァッカードを販売！{c:07}　　　－ユーソミル武具専門店－	
153f1f4:17:0	{c:07}『珍しい薬を取りそろえました\n　薬草の調合もうけおいます』\n{c:0f}　立ちよれば‥きっと得する店！\n{c:07}　　　　　－ユーソミル薬剤店－	
153f1f4:18:0	{c:07}『戦いに疲れた身体を休め\n　心いやされるひとときを貴方に』{c:0f}　ああ‥眠い眠い‥‥眠っちゃえ！{c:07}　－いこいの宿　竜のウロコ亭－	
153f1f4:19:0	{c:07}『古代王国の遺跡より発掘！！\n　珍しい呪文を取りそろえました』{c:0f}　呪文は力なり！！\n{c:07}　　　－ユーソミル魔法専門店－	
153f1f4:28:0	{c:07}『古代王国のコインをお持ちの方！　買い取り／交換うけおいます』\n{c:0f}　持ってるだけじゃ役立ちません！{c:07}　　　　－コイン商ベンタレー－	
153f1f4:5:0	教会に行った連中は\nしばらくして戻ってくると\n誰も彼もがおかしくなってるんだ	
153f1f4:6:0	薬草をうまく調合すると\nとっても便利な薬ができるそうよ	
153f1f4:7:0	つきあたりの塔に\nたくさんの兵士が\n集まっていたみたいだけど‥	
153f1f4:76:0	あなたたち全部\nやっつけちゃったでしょ\n町の中で派手な事するわねぇ	
153f1f4:8:0	教皇ヴェルメッサのいる\nオルティス宮へは\nここから陸沿いにいかなきゃダメだ	
153f1f4:9:0	墓守のオヤジは\n何か知ってるらしいぜ	
153f1f4:10:0	イシュメリアの兵士は危険よ\n気をつけなさい	
153f1f4:12:0	ジャマだ‥失せろッ！！	
153f1f4:71:0	{c:07}センティスト\n{c:0f}	
153f1f4:72:0	{c:07}ノビスナージュ\n{c:0f}	
153f1f4:91:0	‥‥‥‥‥‥‥‥‥‥	
153f1f4:73:0	フフフ‥‥\nついにオルトナッシュに\n入信する決心がつきましたか？	
153f1f4:73:1	ハッハッハッハッハッ‥‥‥	
153f1f4:74:0	‥お祈りに来たのか\n教会に足を運ぶとは\n良い心がけだ	
153fcd8:3:0	{c:07}宿屋のおねえさん\n{c:0f}	
153fcd8:5:0	{c:07}宿屋のお客\n{c:0f}	
153fcd8:7:0	{c:07}旅の若者\n{c:0f}	
153fcd8:9:0	{c:07}宿屋のお客\n{c:0f}	
153fcd8:11:0	{c:07}旅の吟遊詩人\n{c:0f}	
153fcd8:16:0	{c:07}ノビスナージュ\n{c:0f}	
153fcd8:17:0	{c:07}センティスト\n{c:0f}	
153fcd8:12:0	‥‥いらっしゃい\n泊まりなら１０ルクソルだよ	
153fcd8:12:1	払う　　払わない	
153fcd8:134:0	ふん‥好きにしな	
153fcd8:14:0	金が足りないよ！	
153fcd8:13:0	{c:0b}ＲＥＣＯＶＥＲＹ\n{c:0f}パーティー全員の体力が回復した！	
153fcd8:15:0	クスリ屋には行ったかい？\n薬草を調合すると\nなんとかの源だかができるってよ！	
153fcd8:44:0	{c:0b}ＢＯＯＫ\n{c:0f}本を手にとって開いた	
153fcd8:56:0	ユーソミル武器専門店１Ｆ本棚５	
153fcd8:57:0	ユーソミル武器専門店１Ｆ本棚６	
153fcd8:58:0	ユーソミル武器専門店２Ｆ本棚７	
153fcd8:59:0	ユーソミル武器専門店２Ｆ本棚８	
153fcd8:60:0	ユーソミル武器専門店２Ｆ本棚９	
153fcd8:61:0	ユーソミル武器専門店２Ｆ本棚１０	
153fcd8:62:0	{c:0b}クスリの調合について\n{c:0f}	
153fcd8:62:1	　４{03:0027}　４{03:0028}　４で\n{03:002a}{01:072a}が調合できる	
153fcd8:63:0	{c:0b}クスリの調合について\n{c:0f}どれか薬草５つと\n他の薬草１つずつを組み合わせると何かクスリができる	
153fcd8:64:0	{c:0b}ポツレスの墳墓\n{c:0f}この町の北の山間に\n大きな滝に隠されるようにして\nポツレスが眠る墳墓がある	
153fcd8:65:0	{c:0b}人造生物フュラギル\n{c:0f}この大海原のどこかに\n未知の生物が住む島があるという\n古代の宝を守る人造生物の島が‥‥	
153fcd8:82:0	{c:0b}ＴＲＥＡＳＵＲＥ\n	
153fcd8:83:0	{c:0f}を手に入れた！	
153fcd8:115:0	{c:0b}ＴＲＥＡＳＵＲＥ\n{01:0719}{03:0019}{c:0f}を手に入れた！	
153fcd8:128:0	よそ様の家に勝手に上がり込んで\n盗みをはたらくとはふてぇ野郎だ\nこらしめてやるぜっ！！	
153fcd8:129:0	{c:07}盗賊\n{c:0f}	
153fcd8:153:0	骨「、ゅ	
153fcd8:153:1	{c:07}魔法屋のにいちゃん\n{c:0f}	
153fcd8:153:2	いらっしゃい！	
153fcd8:153:3	何にします？	
153fcd8:153:4	は１つ\n	
153fcd8:153:5	ルクソルですよ。\n	
153fcd8:153:6	いくつ買うんです？	
153fcd8:153:7	お金がたりませんよ！	
153fcd8:153:8	ほかには何か？	
153fcd8:153:9	もう持てないよ！	
153fcd8:153:10	どれを売りたいのです？	
153fcd8:153:11	売れる物が\n無いみたいだけど？	
153fcd8:153:12	を\nいくつ売るのです？	
153fcd8:153:13	ありがとう	
153fcd8:153:14	他に何か売りますか？	
153fcd8:153:15	所持金が一杯ですよ	
153fcd8:153:16	いつでも来てください	
153fcd8:152:0	{c:07}薬屋の子供\n{c:0f}	
153fcd8:152:1	薬草‥買って！！	
153fcd8:152:2	また買ってね	
153fcd8:152:3	ほかには？	
153fcd8:152:4	が～～～～ん\nお金ないよ！？	
153fcd8:152:5	もう持てないよ！	
1540720:3:0	{c:07}コイン商ベンタレー\n{c:0f}	
1540720:5:0	{c:07}ベンタレー夫人\n{c:0f}	
1540720:26:0	エラー	
1540720:28:0	は　いいいえ	
1540720:4:0	主人にはナイショで\nコインを差し上げましょうね	
1540720:4:1	{c:0b}ＴＲＥＡＳＵＲＥ\n{01:071a}{03:001a}{c:0f}を受けとった！	
1540720:29:0	古代王国のコインは\n貴方に幸せをもたらしてくれますわ	
1540720:2:0	よう来た‥よう来た！！	
1540720:2:1	わしはコイン大好き商ベンタレー！おまえさんの冒険に\nきっと役立ってみせる！！	
1540720:2:2	さあ‥さあさあさあさあさあッ！！持ってるコインを見せとくれ	
1540720:6:0	ところで‥おまえさん\nここへ来るのは初めてのようじゃね	
1540720:6:1	初めてのお人には\nここのシステムを説明せにゃならん少々‥長いが説明を聞くかね？	
1540720:11:0	よろしい！	
1540720:11:1	右下に表示されとるのが\nおまえさんの持っておるコイン！\n珍しい古代王国のコインじゃね	
1540720:11:2	いま表示された品目が\nおまえさんの交換できる品物じゃ	
1540720:11:3	どうじゃ？\n欲しい物があったら‥品物の横に\n書かれとるコインが必要じゃよ！	
1540720:11:4	交換したい品を選べば‥そのつど\nそれがどういう効果を持つか\nわしが説明してやろう	
1540720:11:5	古代王国のコインは\n世界のいたる所に隠されとる	
1540720:11:6	ただし！\n全部集めてもここにある物が\nすべて手に入るとは限らんよ	
1540720:11:7	いや‥うまくすると‥‥\nそれも‥おまえさんが見つけとくれ	
1540720:11:8	説明は‥おしまいじゃ\nもう一度‥聞きたいかね？	
1540720:12:0	おまえさんが\nコインを集めてくるのを\n楽しみに待っておるよ	
1540720:31:0	物理防御力を＋４してくれ\n誰でも装備できる\n{01:078d}{03:008d}かね？	
1540720:32:0	炎に対する防御を＋８してくれ\n誰でも装備できる\n{01:0791}{03:0091}かね？	
1540720:33:0	雷に対する防御を＋８してくれ\n誰でも装備できる\n{01:0792}{03:0092}かね？	
1540720:34:0	なんと！　物理攻撃力＋１７\n剣士だけが両手で装備できる\n{01:075c}{03:005c}かね？	
1540720:35:0	の\n世にも珍しい恒久型ホリクス！\n{01:0746}{03:0046}かね？	
1540720:36:0	雷系攻撃力＋６を付加した魔法弓！カシムがいれば超おすすめの\n{01:0766}{03:0066}かね？	
1540720:37:0	ＡＧＬを＋２できるという魔法の鎧僧侶／剣士／盗賊が装備可能な\n{01:0782}{03:0082}かね？	
1540720:38:0	気にいらなきゃ仕方ないの	
1540720:39:0	他の物を見てみるかね？	
1540720:40:0	コインが足りないようじゃの	
1540720:48:0	それ以上は持てぬらしいの	
1540720:49:0	確かにお渡ししましたぞ！	
1540720:71:0	あんたの持ってる薬草！こいつを調合して\n役立つ薬を作り出す！	
1540720:71:1	調合はオイラの仕事だが薬草の配合率は\nあんたが決めてくれ！	
1540720:71:2	あんたが選んだ薬草が\nここに　ためられる	
1540720:71:3	さてさて‥\n薬草の配分率を間違えて調合すればどうなるか	
1540720:71:4	まあ‥残念賞ってことでオイラから\n何かクスリをやるよ	
1540720:71:5	薬草を\n調合してみるかい？	
1540720:73:0	失敗か‥‥	
1540720:73:1	しかたない\nこいつでガマンしな	
1540720:74:0	うまくいったようだな	
1540720:79:0	{c:0b}ＴＯＯＬ\n	
1540720:80:0	{c:0f}をもらった！	
1541190:2:0	万能薬は最低でも\n仲間のあたま数くらいは\n用意しといた方がいいよ	
1541190:3:0	{c:07}薬屋のにいちゃん\n{c:0f}	
1541190:10:0	お客さん‥‥‥\nお客さんてばっ‥‥\nいい薬があるんですよ‥	
1541190:10:1	‥最近\n調合に成功したばかりの\n‥‥の薬なんですがね‥	
1541190:7:0	なにッ！\n若返りの薬だって！\nそりゃ本当かいッ！！	
1541190:7:1	声が大きいですよ！	
1541190:7:2	どれどれ‥	
1541190:7:3	お客さん困ります\nおやめください	
1541190:7:4	うるさいね\nぐだぐだ言ってると\n叩き斬るよ！	
1541190:7:5	ひぇ～～	
1541190:7:6	オルガは{c:09}若返りの薬{c:0f}を手に入れた	
1541190:21:0	国箪	
1541190:21:1	{c:07}コイン商ベンタレー\n{c:0f}	
1541190:21:2	よう来た‥よう来た！！	
1541190:21:3	{c:07}コイン商ベンタレー\n{c:0f}{05:ff}わしはコイン大好き商ベンタレー！\nおまえさんの冒険に\nきっと役立ってみせる！！	
1541190:21:4	{c:07}コイン商ベンタレー\n{c:0f}{05:ff}さあ‥さあさあさあさあさあッ！！\n持ってるコインを見せとくれ	
1541190:21:5	ところで‥おまえさん\nここへ来るのは初めてのようじゃね	
1541190:21:6	{c:07}コイン商ベンタレー\n{c:0f}{05:ff}初めてのお人には\nここのシステムを説明せにゃならん\n少々‥長いが説明を聞くかね？	
1541190:21:7	よろしい！	
1541190:21:8	{c:07}コイン商ベンタレー\n{c:0f}{05:ff}右下に表示されとるのが\nおまえさんの持っておるコイン！\n珍しい古代王国のコインじゃね	
1541190:21:9	{c:07}コイン商ベンタレー\n{c:0f}{05:ff}それらのコインと\nこれからお見せする品物を\n交換することができるのじゃ	
1541190:21:10	{c:07}コイン商ベンタレー\n{c:0f}{05:ff}古代王国のコインは\n世界のいたる所に隠されとる	
1541190:21:11	{c:07}コイン商ベンタレー\n{c:0f}{05:ff}ただし！\n全部集めてもここにある物が\nすべて手に入るとは限らんよ	
1541190:21:12	{c:07}コイン商ベンタレー\n{c:0f}{05:ff}いや‥うまくすると‥‥\nそれも‥おまえさんが見つけとくれ	
1541190:21:13	{c:07}コイン商ベンタレー\n{c:0f}{05:ff}説明は‥おしまいじゃ\nもう一度‥聞きたいかね？	
1541190:21:14	気にいらなきゃ仕方ないの	
1541190:21:15	他の物を見てみるかね？	
1541190:21:16	コインが足りないようじゃの	
1541190:21:17	それ以上は持てぬらしいの	
1541190:21:18	確かにお渡ししましたぞ！	
1541190:21:19	おまえさんが\nコインを集めてくるのを\n楽しみに待っておるよ	
1541190:22:0	ありがとうございました\n少し気が楽になりました	
1541190:40:0	私の話を聞いてくださいませんか\n私一人の胸にしまっておくには\nあまりにも恐ろしいのです	
1541190:41:0	は　いいいえ	
1541190:42:0	ああ‥\n誰かに話してしまいたい	
1541190:43:0	私はその夜\n何気なく表に出たんです\nそこで‥	
1541190:49:0	　　救世都市ユーソミル	
1541190:49:1	ふんッ！！	
1541190:49:2	くだらぬ信仰に\nしばられし輩が\n我らに刃向かうかッ！	
1541190:49:3	神を\n信ずることもできぬ者が\n救世を語るというのか	
1541190:49:4	あわれな奴め\n神がどういうものか\nおまえはしるまい	
1541190:49:5	いずれ神が死ぬ様を\nおまえにも見せてやろう	
1541b80:2:0	{c:07}武器屋のあんちゃん\n{c:0f}	
1541b80:3:0	{c:07}魔法屋のにいちゃん\n{c:0f}	
1541b80:4:0	必要以上に\n強くなろうとしても\nしょうがないよね？	
1541b80:5:0	は\n役に立つから\n買っておくといいよ	
1541b80:35:0	‥‥‥‥‥‥‥‥	
1541b80:35:1	なんか面白いこと\nねえかなあ‥‥	
1541b80:35:2	おや‥‥\nカシムは\nどこいったんだい？	
1541b80:35:3	ああ‥‥\nすっきりした‥‥	
1541b80:35:4	おっほん	
1541b80:35:5	待たせたな	
1541b80:46:0	あ～あ‥‥\nどっかにいい男は\nいないもんかねえ	
1541b80:46:1	ああ‥感じちゃう\nもうガマンできない～ン	
1541b80:46:2	‥‥気持ち悪い	
1541b80:46:3	ナーシャ‥	
1541b80:46:4	ちょっと\nこっちへおいで	
1541b80:46:5	え～と‥‥	
1541b80:46:6	ちんたら\nしてんじゃないよッ！	
1541b80:46:7	なにすんのよぅ	
1541b80:46:8	えいッ\nこうしてやるぅ！！	
1541b80:46:9	ち‥ちょっとお待ちッ！！	
1541b80:46:10	魔法の杖よ！\n汚れし者を打ち払え！！	
1541b80:46:11	ちィッ‥\nやられち‥まったよ‥‥	
1541b80:46:12	やっぱ年かねえ\n体にこたえるよ	
1541b80:46:13	おっほん	
1541b80:46:14	待たせたな	
1541b80:46:15	よしッ\n行くとしよう！	
1541b80:47:0	{c:0b}ＴＲＥＡＳＵＲＥ\n{01:071d}{03:001d}{c:0f}を手に入れた！	
1541b80:80:0	ベッドで休むやめておく　	
1541b80:82:0	{c:0b}ＲＥＣＯＶＥＲＹ\n{c:0f}パーティー全員の体力が回復した！	
1541b80:141:0	{c:07}武器屋のあんちゃん\n{c:0f}	
1541b80:141:1	いらっしゃい！	
1541b80:141:2	何を買ってくれるんだい？	
1541b80:141:3	は１つ\n	
1541b80:141:4	ルクソルだ。\n	
1541b80:141:5	いくつ買うんだ？	
1541b80:141:6	金がねえよ	
1541b80:141:7	ほかには何か？	
1541b80:141:8	もう持てねえよ！	
1541b80:141:9	どれが売りたい？	
1541b80:141:10	売れる物が\n無いみたいだけど？	
1541b80:141:11	を\nいくつ売ってくれるんだ？	
1541b80:141:12	ありがとよ	
1541b80:141:13	他に何を売るんだ？	
1541b80:141:14	所持金が一杯のようだな	
1541b80:141:15	いつでも来てくんな	
1541b80:143:0	{c:07}薬屋のにいちゃん\n{c:0f}	
1541b80:143:1	いらっしゃい！	
1541b80:143:2	何がほしいんだ？	
1541b80:143:3	は１つ\n	
1541b80:143:4	ルクソルだよ。\n	
1541b80:143:5	いくつ必要だい？	
1541b80:143:6	金がねえよ！	
1541b80:143:7	ほかには何か？	
1541b80:143:8	もう持てないぞ！	
1541b80:143:9	どれを買い取ろう？	
1541b80:143:10	売れる物が無いじゃないか！	
1541b80:143:11	を\nいくつ売ってくれる？	
1541b80:143:12	ありがとうございます	
1541b80:143:13	他に何を売りますか	
1541b80:143:14	持ち金が一杯の用ですよ	
1541b80:143:15	いつでも来てくんな	
1541b80:143:16	あんちゃん！\n薬の調合は初めてだろ？\n説明を聞くかい？	
1541b80:143:17	あんたの持ってる薬草！\nこいつを調合して\n役立つ薬を作り出す！	
1541b80:143:18	調合はオイラの仕事だが\n薬草の配合率は\nあんたが決めてくれ！	
1541b80:143:19	{c:07}薬屋のにいちゃん\n{c:0f}{05:ff}あんたが選んだ薬草が\nここに　ためられる	
1541b80:143:20	さてさて‥\n薬草の配分率を間違えて\n調合すればどうなるか	
1541b80:143:21	{c:07}薬屋のにいちゃん\n{c:0f}{05:ff}まあ‥残念賞ってことで\nオイラから\n何かクスリをやるよ	
1541b80:143:22	{c:07}薬屋のにいちゃん\n{c:0f}{05:ff}薬草を\n調合してみるかい？	
1541b80:143:23	薬の配分を決めたら\n決定ボタンを押してくれ	
1541b80:143:24	この配分で\n調合すんのかい？	
1541b80:143:25	失敗か‥‥	
1541b80:143:26	{c:07}薬屋のにいちゃん\n{c:0f}{05:ff}しかたない‥\nこいつでガマンしな	
1541b80:143:27	調合を続けるかい？	
1541b80:143:28	おっと残念\n持ち物がいっぱいだぜ\n今回は運がなかったな	
154282c:3:0	おいおい‥‥\nこんな所まで来て\nどうするつもりだよ！？	
154282c:3:1	オルトナッシュが敵なら\nここは敵地の\nド真ん中じゃねえか！！	
154282c:4:0	ここって‥‥\nオルトナッシュの拠点に\nなってる町でしょ？	
154282c:4:1	あたし‥こわい‥‥	
154282c:6:0	あいたたたっ腹が痛い！	
154282c:7:0	なんだ‥なんだ！？	
154282c:8:0	あれ‥‥？\nオルガさん‥\nどうしちゃったのかしら	
154282c:9:0	とても元気に\nかけていきましたね\n‥‥逃げましたか？	
154282c:13:0	どこまで\n行っちまったんだ！？	
154282c:14:0	どこへ行ったのやら	
154282c:17:0	あたしゃ‥\nここで休んでくよ	
154282c:19:0	ここって‥‥\nオルトナッシュの拠点に\nなってる町でしょ？	
154282c:19:1	あたし‥こわい‥‥	
154282c:19:2	私に考えがあります	
154282c:19:3	ついてきて下さい	
154282c:21:0	お～い‥ヴェストリル！\nどこへ行くつもりだ！？	
154282c:21:1	もうすぐです	
154282c:23:0	この空き家を\n拝借しましょう	
154282c:23:1	空き家だって！？	
154282c:23:2	なんで‥こんな所に\n空き家があるのを\n知ってんだよ！？	
154282c:23:3	少し前に聖像の調査で\nこの町へ\n来たことがあるのです	
154282c:23:4	聖職者が\nかってに人の家に\n入っていいんですか？	
154282c:23:5	アァ‥‥	
154282c:23:6	まあ‥いいじゃねえか\nかたいことは\n言いっこなしだぜ	
154282c:24:0	ムチャすんなよ\nここは\nオルトナッシュの町だぜ	
154282c:24:1	オルティストにでも\n変装できりゃ\n話は別だろうがな	
154282c:28:0	で\nオルトナッシュ信者に\n変装してけよ	
154282c:33:0	はははッ！\n良くにあってるぜ\n{name:0f00}！！	
154282c:128:0	やっぱよう‥\n変装して忍び込むのが\n手っ取り早いんじゃねえか	
154282c:25:0	{name:0f00}！\n気をつけてね	
154282c:25:1	町には兵隊が\nいっぱいいると思うから	
154282c:26:0	あたしゃ‥ヤダよ！\nテコでもここを\n動かないからね！！	
154282c:30:0	集団で動けば目立ちます\nここは別行動を\n取るべきでしょう	
154282c:29:0	ロブアーティストなら\n忍び込むのは\nお手の物ですか‥‥	
154282c:31:0	‥オルトナッシュ信者に\n変装する以外に\n何か方法がないものか‥	
154282c:32:0	なげかわしいことです	
154282c:129:0	もはやあの服{03:0010}を\n着る以外に方法は\n無いでしょう‥	
154282c:34:0	まってぇ～ッ！！	
154282c:35:0	お～いッ！！	
154282c:40:0	あぶねえ‥あぶねえ‥‥\n置いてきぼり\n食らうところだったぜ	
154282c:43:0	さあ‥みんなそろって\n出港よ！	
154282c:54:0	ああ‥ヤダヤダッ！！	
154282c:54:1	この町は\nむさい男くさくて\n気分が悪くなるよ！	
154282c:56:0	納得できませんが\nあの服{03:0010}を着る以外に\n方法は無いでしょう‥	
154282c:57:0	は　いいいえ	
154282c:58:0	{name:0f00}‥‥\nここは敵地です\nじゅうぶんに気をつけて	
154282c:64:0	{name:0f00}‥‥\nムリしちゃダメよ！	
154282c:67:0	{name:0f00}‥‥\nここは敵地です\nじゅうぶんに気をつけて	
154282c:69:0	それじゃ‥オレ達は\nそこの空き家で\n時間つぶしてるぜ！	
154282c:70:0	は　いいいえ	
154282c:124:0	ちぇッ‥\nおもしろくねえ奴	
154282c:125:0	な　いあ　る	
154282c:126:0	なげかわしいことです	
154282c:127:0	正しい判断です\n他に良い方法を\n考えましょう	
154282c:130:0	な　いあ　る	
154282c:133:0	おい‥忍び込むなら\n例の変装{03:0010}を忘れんなよ	
154282c:134:0	は　いいいえ	
154282c:136:0	それじゃ‥オレ達は\nそこの空き家で\n時間つぶしてるぜ！	
154282c:137:0	{name:0f00}‥‥\nここは敵地です\nじゅうぶんに気をつけて	
15433a0:2:0	　　　　牢獄の塔	
15433a0:2:1	今日の取り調べは終わりだ！\nおとなしくしていろよ！！	
15433a0:2:2	あ‥動いてはいけません\n連日の拷問で\n弱り切っているのです	
15433a0:2:3	ひどい傷‥‥\nなぜ貴方だけが\nこんな仕打ちを‥‥	
15433a0:2:4	奴ら‥秘伝書を\n欲しがってるんだ‥‥	
15433a0:2:5	秘伝書‥‥？	
15433a0:2:6	そうだ‥‥\nツヴァイフィストの\n奥義を記した秘伝書をな	
15433a0:2:7	なぜ‥そんなものを？	
15433a0:2:8	そいつは‥わからねえ\nだが‥‥	
15433a0:2:9	だが‥なんです？	
15433a0:2:10	もっと不思議なのは‥\n拷問なんてことをする\n必要が奴らにはない	
15433a0:2:11	秘密を聞き出す手段なら\n百万通りは持っている‥\nそういう連中だ	
15433a0:2:12	それが‥なぜ‥‥	
15433a0:3:0	‥‥マリアッ！！	
15433a0:3:1	‥‥ッ！！	
15433a0:3:2	ヴェストリル！？\nどうして\n貴方がここに‥‥	
15433a0:3:3	‥‥‥‥‥‥‥	
15433a0:5:0	すまないが\n席を外してくれないか	
15433a0:6:0	マリア‥‥\nぶじで良かった	
15433a0:6:1	あッ‥‥	
15433a0:6:2	１０年以上よ‥‥\nもうすっかり\nおばあちゃん‥‥	
15433a0:6:3	貴方の知ってるマリアは\nもう‥ここにはいない	
15433a0:6:4	マリア‥‥	
15433a0:6:5	使命を果たせば\nかならずもどる！	
15433a0:6:6	それまで‥‥\nそれまで\n待っていてくれるか？	
15433a0:6:7	神様‥‥\n私の愛する方を\nぶじ‥お守り下さい‥‥	
15433a0:199:0	待たせたな	
15433a0:8:0	私の愛する方が\nぶじに使命を\n果たせますように‥‥	
15433a0:18:0	{c:0b}ＲＥＣＯＶＥＲＹ\n{c:0f}パーティー全員の体力が回復した！	
15433a0:10:0	マクガイアさんのことは\n私に\n任せておいてください	
15433a0:9:0	よくやったな\nたくましくなったもんだ	
15433a0:9:1	師匠がどうしたって？\nあの婆が死ぬもんかよ！\n心配するだけ無駄だ	
15433a0:9:2	俺も戦ってやりたいが\nこのざまじゃ\n足手まといになっちまう	
15433a0:9:3	おまえの無事を\nシスターと\n祈っててやるよ	
15433a0:9:4	マクガイアさんのことは\n私に\n任せておいてください	
15433a0:11:0	心配すんなよ！	
15433a0:11:1	おりを見て逃げ出すさ\n‥‥機会があれば\n山小屋で会おう	
15433a0:11:2	いいかッ！	
15433a0:11:3	ツヴァイフィストの名に\nかけて\n絶対に勝てよッ！！	
15433a0:12:0	私は\n夢でも\n見ているのかしら‥‥	
15433a0:12:1	私には\nあの子の幻が見える‥‥	
15433a0:13:0	ああ‥‥\n本当に貴方なのね	
15433a0:13:1	神様‥感謝いたします	
15433a0:13:2	この子が\nこんなにも‥たくましく\n成長できたことを‥‥	
15433a0:14:0	立派になって‥‥	
15433a0:14:1	私のことなら\n心配ありません	
15433a0:14:2	さあ‥行きなさい\n行って‥貴方の使命を\n果たすのです	
15433a0:14:3	貴方にならできるはずよ\nだって‥貴方は\n私が育てた子だもの	
15433a0:15:0	待って‥‥ッ！！	
15433a0:15:1	もう一度‥‥\n‥‥貴方の顔を\n良く見せてちょうだい	
15433a0:17:0	‥行きなさい	
15433a0:17:1	貴方なら\nきっと使命を\n果たすことができるわ	
15433a0:16:0	神様‥‥\nこの子を\nお守り下さい	
15433a0:24:0	いつか‥\nあんたの世話もしてやろう	
15433a0:23:0	教会には何か秘密がありそうだな	
15433a0:23:1	いや‥絶対にある！	
15433a0:23:2	だが‥今は行ってもムダだろう	
15433a0:22:0	‥‥こんな物を拾ったので\nさしあげよう！	
15433a0:22:1	{c:0b}ＴＲＥＡＳＵＲＥ\n{01:0721}{03:0021}{c:0f}を受けとった！	
15433a0:20:0	オルトナッシュも聖教も関係ねえ\nオレっちは商売できりゃいいんだよ	
15433a0:21:0	信者の目つき！\nあれ‥イッちゃってるわね	
15433a0:25:0	戦いで苦労してないなら\n無理して新しい武器を\n買う必要はないんだよ	
15433a0:27:0	町の門から外へ出れば\n大きな滝へ行けるぞ！	
15433a0:28:0	昔の偉い人が言ってたとよ\n「勇者に国は救えても\n　人は救えない」ってな	
15433a0:29:0	{c:07}呪いの薬{c:0f}は敵にも使えるそうよ	
15433a0:30:0	ジャカジャカジャ～ン！！	
15433a0:30:1	少女は～愛しきぃ少年を救うためぇ命を賭（と）してーーッ\n彼自身を身ごもったあ～～～！！	
15433a0:31:0	{c:0b}コンロールの学者\n{c:0f}学者アルタイルは\n古代王国の金貨と銀貨を等価で\n交換してくれる	
15433a0:112:0	来たか‥‥\n弟子を痛めつければ\n必ず現れると思っていた	
15433a0:112:1	出来の悪いのがいると\n師匠は苦労するよ	
15433a0:112:2	ふっふっふ‥まったくだ\n若い頃のおまえに\nよく似ている	
15433a0:112:3	いいかげんで直情的な\nおまえにな！	
15433a0:112:4	‥‥あんたは\nまじめで理論家だった	
15433a0:112:5	そうだ‥‥\nだが‥師は伝承者に\nおまえを選んだ！	
15433a0:112:6	なぜだ‥なぜッ！？\nわしでなく\nおまえを‥‥ッ！	
15433a0:112:7	あんたが‥殺したんだね	
15433a0:112:8	フッ‥申し合わせの上だ\nわしはなあ‥オルガよ\n自流に開眼した	
15433a0:112:9	はたして\nおまえのお祭り剣法で\nわしが斬れるものか	
15433a0:112:10	まいるッ！	
15433a0:122:0	ＭＡＰ３５へ\nＭＡＰ２３へ\n	
1544248:14:0	オルトナッシュに仇なす\n{name:0f00}の一味だな！	
1544248:14:1	鋼武人バートラム様のご命令だ！\nここで死んでもらうぞ！！	
1544248:16:0	ついに‥この時が\n来ちまったんだね	
1544248:16:1	バートラムは\nハンパじゃないよ！！	
1544248:16:2	あんた‥覚悟は\nできてるんだろうね	
1544248:18:0	へっちゃら\nへぇ～っちゃらッ！！	
1544248:18:1	オルトナッシュなんて‥\n何人きたって\n恐くないわよ！	
1544248:18:2	あたしの魔法で\nやっつけてやるわ！！	
1544248:18:3	魔法は‥効かない‥‥	
1544248:18:4	いや‥正確に言うと\nほとんど\n無力化されるだろうよ	
1544248:19:0	魔鋼カリーブス‥‥	
1544248:19:1	その力に偽りがなければ\n魔法の威力は\n半減されるでしょう	
1544248:20:0	‥‥そんなことッ\nやってみなくちゃ\nわかんないじゃない！	
1544248:20:1	まあ‥‥\n行ってみるしかないね	
1544248:21:0	チッ‥‥\nめんどうな戦いに\nなりそうだぜ	
1544248:23:0	　　救世都市ユーソミル	
1544248:25:0	永かったぞ‥‥\n今‥この時のために\nわしは生まれてきた	
1544248:25:1	ツヴァイフィストを\n我が剣で断絶する！\nそれが我の生きる証！	
1544248:25:2	まいるッ！	
1544248:26:0	わしの敗けだ‥‥	
1544248:26:1	オルガよ‥‥\nおまえが正しかった‥‥	
1544248:26:2	継がせるでなく\n伝えるべきもの‥‥\n確かに見届けた‥‥ッ！	
1544248:27:0	‥‥オ‥オルガ‥よ‥‥\nオルガは‥どこだ‥‥	
1544248:27:1	ふん‥しぶといねえ‥‥\nまあだ\nくたばってないのかい	
1544248:27:2	‥なぜ‥‥師は‥なぜ\nわしを‥伝承者に\n選ばなかったのか‥‥	
1544248:27:3	剣は学ぶにあらず\n識るものなりッ！！	
1544248:27:4	お師匠さんは\nあんたに剣を通じて\n道を説きたかったのさ	
1544248:27:5	バートラムは死んだ‥‥\nこの町の軍隊も\n指揮系統を失うだろう	
1544248:27:6	すまないけど\n少しひとりにしておくれ	
1544248:27:7	　　波止場の空き家	
1544248:27:8	なんだい‥‥？\nみんな\nしけたツラしちまってさ	
1544248:27:9	ほら‥‥	
1544248:27:10	こいつで\nコンロールの島から\n聖像を持ち出せるはずだ	
1544248:27:11	さあ‥\nでかけようじゃないか！	
1544248:30:0	良くやったな\n	
1544248:30:1	おまえを‥この世に\nつかわされた神に\n心から感謝しよう	
1544248:30:2	マリアのことを頼んだぞ	
1544248:30:3	待ってッ\nヴェストリル！！	
1544248:30:4	ヴェストリル‥‥	
1544248:30:5	マリア‥‥	
1544248:30:6	君を守りきれなかった\n男のことなど忘れて\n幸せになってくれ	
1544248:30:7	自分勝手な人ね‥‥	
1544248:30:8	ひとりで決めて\nひとりで行動して‥‥\nまた私ひとりにするの？	
1544248:30:9	‥‥ッ！	
1544248:30:10	守ってなんか\nくれなくたっていいッ！	
1544248:30:11	私を‥‥\n私を連れていってッ！！	
1544248:30:12	マリア‥‥	
1544248:30:13	ああ‥\nヴェストリル‥‥	
1544248:30:14	貴方が\n使命を果たせるように\nふたりで祈っています	
1544248:30:15	‥‥ありがとう	
1544248:30:16	‥‥ありがとう	
1544248:31:0	同じ呪文書を\n２つ買っても意味ないよ	
15c5fc4:16:0	　　シャクハールの滝	
15c5fc4:128:0	{c:07}聖なる光\n{c:0f}	
15c6714:15:0	ＩＴＥＭ　ＯＶＥＲ\n{c:0f}それ以上持てません	
15c6714:25:0	ＴＲＥＡＳＵＲＥ\n{c:0f}{01:0719}{03:0019}を手に入れた！	
15c6714:41:0	ＴＯＯＬ\n{c:0f}{01:0729}{03:0029}を手に入れた！	
15c6714:42:0	ＴＯＯＬ\n{c:0f}{01:072a}{03:002a}を手に入れた！	
15c6714:43:0	ＨＯＬＩＸ\n{c:0f}{01:074c}{03:004c}を手に入れた！	
15c6714:44:0	ＡＲＭＯＲ\n{c:0f}{01:0781}{03:0081}を手に入れた！	
15c6714:45:0	ＭＡＧＩＣ　ＳＣＲＯＬＬ\n{c:0f}{01:07a7}{03:00a7}を手に入れた！	
15c6714:46:0	あなたの声を\n私に聞かせて‥‥ファウ	
15c6714:80:0	ＨＯＬＩＸ\n{c:0f}{01:0738}{03:0038}を手に入れた！	
15c6714:81:0	ＨＯＬＩＸ\n{c:0f}{01:0739}{03:0039}を手に入れた！	
15c6714:82:0	ＨＯＬＩＸ\n{c:0f}{01:073a}{03:003a}を手に入れた！	
15c6714:83:0	ＨＯＬＩＸ\n{c:0f}{01:073b}{03:003b}を手に入れた！	
15c6714:84:0	ＨＯＬＩＸ\n{c:0f}{01:073c}{03:003c}を手に入れた！	
1679f3c:16:0	　　　ポツレスの神殿	
1679f3c:108:0	{c:07}聖なる光\n{c:0f}	
1679f3c:191:0	{c:07}オルガ\n{c:0f}	
1679f3c:192:0	{c:07}紫炎アディス\n{c:0f}	
1679f3c:193:0	{c:07}紫炎アディス\n{c:0f}	
1679f3c:194:0	{c:07}仙剣シャクハール\n{c:0f}	
1679f3c:195:0	{c:07}カシム\n{c:0f}	
1679f3c:196:0	{c:07}ナーシャ\n{c:0f}	
1679f3c:197:0	{c:07}ヴェストリル\n{c:0f}	
167b610:11:0	深き業を背負った生命を\n燃やし尽くすこと‥‥‥\nそれが滅びの力となる	
167b610:11:1	あなたが力を付けただけ\n滅びの獣もまた\n力を取り戻すのです	
167b610:11:2	私も\nケォルトゥースの命力と\nなりましょう	
167b610:11:3	いらっしゃい\n私と死力を尽くして\n戦ってちょうだい	
167b610:12:0	まだよ‥まだ‥‥\nこんなものでは\n足りない‥‥	
167b610:12:1	人間が‥‥罪深き者が‥\n世を‥統べるなど‥‥\nおこがましいわッ‥‥	
167bbd4:11:0	汝‥滅びの運めに\n立ち向かいし者よ‥‥	
167bbd4:11:1	千年の時を経て\nよみがえろうとしている\n滅びの元凶‥‥	
167bbd4:11:2	ケォルトゥースは\n五元を打ち消す\n第六の存在なり	
167bbd4:11:3	滅びの元凶と共に\n天空より降りし\n五元を打ち消す力を‥‥	
167bbd4:11:4	を\n手に入れよ	
167bbd4:12:0	よくぞ{01:0722}{03:0022}を\n手に入れた！！	
167bbd4:13:0	だが‥今のおまえでは\nヴェルメッサに勝てまい	
167bbd4:13:1	転生により失われた力を\n取り戻すのだ！	
167bbd4:14:0	ユーソミルの町へ行け\n{01:071d}{03:001d}を\n手に入れよ！！	
167bbd4:15:0	ロスタールの都‥‥\n刀匠ヴァッカードのみが\n魔剣をよみがえらせる！	
167bbd4:15:1	を手に\n再び訪ねるがよい	
167bbd4:17:0	汝の持つべき弓は\nここにあり！！	
167bbd4:17:1	を\n天にかかげよ！！	
167bbd4:17:2	滅びの元凶を打ち払う\nこの弓を\n手にするが良い！！	
167bbd4:17:3	ＷＥＡＰＯＮ\n{c:0f}{01:0767}{03:0067}を手に入れた！	
167bbd4:18:0	大魔法使い\nキュリエンテスの意志！	
167bbd4:18:1	偉大なる魂のひとつが\n汝を勝利へ導くため\n待っている‥‥	
167bbd4:18:2	ロスタールの都‥‥\n智の塔へ行け！	
167bbd4:19:0	よくぞ{01:07a8}{03:00a8}を\n手に入れた！！	
167bbd4:20:0	汝の持つべき剣は\nここにあり！！	
167bbd4:20:1	を\n天にかかげよ！！	
167bbd4:20:2	滅びの元凶を打ち払う\nこの剣を\n手にするが良い！！	
167bbd4:20:3	ＷＥＡＰＯＮ\n{c:0f}{01:0761}{03:0061}を手に入れた！	
167bbd4:21:0	汝の持つべき棍は\nここにあり！！	
167bbd4:21:1	を\n天にかかげよ！！	
167bbd4:21:2	滅びの元凶を打ち払う\nこの棍を\n手にするが良い！！	
167bbd4:21:3	ＷＥＡＰＯＮ\n{c:0f}{01:076f}{03:006f}を手に入れた！	
167bbd4:24:0	さあ‥行くのだ！	
167bbd4:24:1	暗雲（くらくも）を裂け！\nおのが光で\n世界を満たさんがため！	
167bbd4:22:0	さあ‥行くのだ！	
167bbd4:22:1	暗雲（くらくも）を裂け！\nおのが光で\n世界を満たさんがため！	
167bbd4:23:0	おお～ッい！	
167bbd4:23:1	待ッとくれよ\n仙剣シャクハール！！	
167bbd4:23:2	あんたは\nあたし達に手を貸しちゃ\nくれないのかい！？	
167bbd4:23:3	あたしの手の方が\n冷たい水ん中より\nず～と気持ちいいよ～！	
167bbd4:23:4	フフフ‥‥\nおもしろいことを言う\n人間だな‥‥	
167bbd4:23:5	精霊の長ポツレスの力！	
167bbd4:23:6	仙剣シャクハールの力！	
167bbd4:23:7	剣士オルガよ‥‥\n我が身を\n汝に託そう！！	
167bbd4:23:8	ＷＥＡＰＯＮ\n{c:0f}{01:075f}{03:005f}を手にした！	
167bbd4:23:9	さあ‥ゆくぞ！！\n我らの手に\n勝利をつかみ取るため！	
167c404:25:0	ＩＴＥＭ　ＯＶＥＲ\n{c:0f}それ以上持てません	
167c404:26:0	ＴＯＯＬ\n{c:0f}{01:072b}{03:002b}を手に入れた！	
167c404:41:0	ＴＯＯＬ\n{c:0f}{01:072d}{03:002d}を手に入れた！	
167c404:42:0	ＭＡＧＩＣ　ＳＣＲＯＬＬ\n{c:0f}{01:07a5}{03:00a5}を手に入れた！	
167c404:43:0	ＴＯＯＬ\n{c:0f}{01:072b}{03:002b}を手に入れた！	
167c404:44:0	ＨＯＬＩＸ\n{c:0f}{01:074a}{03:004a}を手に入れた！	
167c404:45:0	ＡＲＭＯＲ\n{c:0f}{01:078a}{03:008a}を手に入れた！	
167c404:80:0	ＨＯＬＩＸ\n{c:0f}{01:0738}{03:0038}を手に入れた！	
167c404:81:0	ＨＯＬＩＸ\n{c:0f}{01:0739}{03:0039}を手に入れた！	
167c404:82:0	ＨＯＬＩＸ\n{c:0f}{01:073a}{03:003a}を手に入れた！	
167c404:83:0	ＨＯＬＩＸ\n{c:0f}{01:073b}{03:003b}を手に入れた！	
167c404:84:0	ＨＯＬＩＸ\n{c:0f}{01:073c}{03:003c}を手に入れた！	
167c7b0:0:0	を手に入れた！	
167c7b0:2:0	を手に入れた！	
167c7b0:3:0	を手に入れた！	
167c7b0:4:0	を手に入れた！	
167c7b0:5:0	あなたの声を\n私に聞かせて‥‥ファウ	
167c7b0:11:0	あなたの声を\n私に聞かせて‥‥ファウ	
167c7b0:31:0	{c:0b}ＲＥＣＯＶＥＲＹ\n{c:0f}パーティー全員の体力が回復した！	
167c7b0:32:0	{c:0b}ＭＯＮＵＭＥＮＴ\n{c:0f}{name:0f00}は石碑をみた	
167c7b0:32:1	汝‥運命に立ち向かいし者よ\n五剣のひとつシャクハールが待つ！\n五元の水アバースの力を持ちて\n塔のいただきを目指せ！	
167c7b0:107:0	あたしの魔法で\nやっつけてやるわ！！	
167c7b0:107:1	もうッ‥\n覚えてらっしゃい！	
167c7b0:112:0	逃がしゃしないよッ！	
167c7b0:112:1	ちっ‥	
167c7b0:117:0	こらっ！まて	
167c7b0:117:1	ちくしょう！！	
167c7b0:122:0	あ～あ‥‥\nこんなとこまで\n来ちゃって	
167c7b0:122:1	ナーシャ‥‥？	
167c7b0:123:0	‥‥‥‥‥‥‥‥‥‥	
167c7b0:147:0	イヤな予感がするねえ	
167c7b0:124:0	まさか‥‥	
167c7b0:125:0	私に見せてごらんなさい	
167c7b0:127:0	誰‥‥ッ！？\nあんた何よ‥いったい！	
167c7b0:148:0	う‥うそだろぉ	
167c7b0:128:0	なんということだ‥‥	
167c7b0:129:0	‥‥おやおや	
167c7b0:130:0	{c:0b}Ａ　ＣＲＹＳＴＡＬ　ＰＩＥＣＥ\n{c:07}智の結晶のかけら{c:0f}を手に入れた！{0a:010b}{c:0b}ＭＡＧＩＣ　ＰＯＷＥＲ　ＵＰ！\n{c:07}智の結晶のかけら{c:0f}によって\nナーシャは失われた力を\n完全に取り戻した！！	
167c7b0:171:0	だいじょぶ‥だいじょぶ！	
167c7b0:171:1	かんべんしろよ‥ったく	
167c7b0:131:0	何がなんだか‥‥	
16fc2a4:50:0	　　　　オルティス宮	
16fc2a4:66:0	{c:0b}ＬＥＴＴＥＲ\n{c:0f}手紙を見つけた！	
16fc2a4:66:1	読む　　読まない	
16fc2a4:68:0	{c:07}人の勇者にして我が友ラザレスへ－{c:0f}君がこれを読んでるってことは\n一千年の決着をつけるための\nボクの使命はまっとうされたんだね１７年前‥君がレナとふたりで\nボクの前に現れたあの日‥‥\n君と戦い聖剣を打ち砕かれた時に\nボクは正気を取り戻した	
16fc2a4:68:1	魔剣アヴァタークを失った君は\n生命をなくしかけていた\n君を救うためレナの身に君を宿し\nここから逃がしたのはボクだった	
16fc2a4:68:2	だけど‥そこまでが\nボクにできた限界だった‥‥\nそれほどまでに\nボクの心は蝕まれていたんだ	
16fc2a4:68:3	こうして‥ときに自分を取り戻す時君の言葉を思い出す\n「人はおのが限界を知らぬもの\n　故に無限の可能性を秘めている」人に世を統べる資格があるとしたら神を亡くした世に未来があるならばそれを君が示してくれ\nボクは喜んで　その礎となろう	
16fc2a4:68:4	ファウ‥‥それがボクに残された\n唯ひとつのつぐないだよ\n神であることを失くしたボクのね\n　　　　　　　　　～トゥルケス～	
16fc830:4:0	{c:07}聖なる光\n{c:0f}	
16fc830:6:0	この日をどれほど\n待ち望んでいたことか	
16fc830:6:1	もうすぐ\nあなたに会えるのね	
16fc830:6:2	私はここにいるわ\n早く来て‥‥	
16fc830:7:0	あなたの声を\n私に聞かせて‥‥ファウ	
16fcba8:14:0	よくやったわ‥‥	
16fcba8:14:1	ナーシャが\n魔力を取り戻したら\n面倒になるところだった	
16fcba8:14:2	せっかく苦労して\n知能を低下させて\nおいたんだし‥‥	
16fcba8:17:0	そう‥‥\n坊やは‥確実に力を\nつけつつあるのね	
16fcba8:17:1	でも‥だいじょうぶよ	
16fcba8:17:2	アヴァタークは失われ\n坊やに救世主の力を\n取り戻すすべはない	
16fcba8:18:0	よもや\nぼくが出向くことは\nあるまいね	
16fcba8:18:1	真の救世主たる貴方様の\n偉業を阻むことは\n何者にも許しませぬ	
16fcba8:18:2	私に考えがございます\nお任せくださいませ	
16fd1f4:2:0	{c:07}カシム\n{c:0f}	
16fd1f4:3:0	{c:07}ナーシャ\n{c:0f}	
16fd1f4:4:0	{c:07}オルガ\n{c:0f}	
16fd1f4:5:0	{c:07}ヴェストリル\n{c:0f}	
16fd1f4:6:0	{c:07}紫炎アディス\n{c:0f}	
16fd1f4:7:0	{c:07}教皇ヴェルメッサ\n{c:0f}	
16fd1f4:8:0	{c:07}バスターギア\n{c:0f}	
16fd1f4:9:0	{c:07}イシュメリアの兵士\n{c:0f}	
16fd1f4:13:0	{c:07}聖母レナ\n{c:0f}	
16fd1f4:12:0	‥‥‥‥‥‥‥‥	
16fd1f4:12:1	ごめんね‥‥	
16fd1f4:12:2	産まれたばかりの貴方を\n助けるには\nああするよりなかった	
16fd1f4:12:3	ヴェルメッサ‥‥\nいえ‥トゥルケスは\n貴方を滅ぼそうとした	
16fd1f4:12:4	アディスが持ち込んだ\n呪塊に触れたがために\n心をゆがませて‥‥	
16fd1f4:12:5	でも‥これで貴方の\n使命が果たされた\nわけではありません	
16fd1f4:32:0	ここから貴方を\nヤツの潜む地底へと\n導きます	
16fd1f4:32:1	滅びの獣は\n私たちが考える以上に\nずる賢い知能を備えてる	
16fd1f4:32:2	気をつけて‥‥\nそして‥必ず帰ってきて	
16fd1f4:32:3	私は‥信じているわ	
16fd6f0:2:0	やあ‥ひさしぶりだね\nといっても君は\n覚えていないだろうけど	
16fd6f0:2:1	これを見たまえ\nこれが\n何だかわかるかい？	
16fd6f0:2:2	君の母親にして\n最愛の人物‥‥\nそう‥レナだよ	
16fd6f0:2:3	安心しなよ\n彼女はまだ生きている\n君の仲間もね	
16fd6f0:2:4	助けたいだろう？	
16fd6f0:2:5	戦いたまえ\n過去‥君の肉体であった\nこのぼくと‥‥	
16fd6f0:21:0	‥‥君はたしかに強い！\n人に身をやつしながら\nその力を示した‥‥ッ	
16fd6f0:21:1	だが‥‥それで\n人に世を統べる資格が\nあると言えるのか！？	
16fd6f0:21:2	‥‥我は‥認めぬ！\n神を亡くした世に\n未来などあるものか！	
16fd6f0:21:3	滅びの運めは\n成し遂げられねば\nならぬのだ‥‥ッ！	
16fd6f0:31:0	ひょーっ！\nこいつは驚いたぜ！	
16fd6f0:33:0	神が闇に落ちたか‥‥	
16fd6f0:35:0	うっそぉ！\nトゥルケスが\n生きてるなんて‥‥！	
16fd6f0:37:0	次から次へと\n良く出てくるもんだよ！	
16fdd34:12:0	ちっ‥魔法の扉かよ\nお宝はここに違いないんだが‥‥	
16fdd34:12:1	何者だあ！！	
16fdd34:12:2	ちっ！	
16fdd34:12:3	フフフ‥どうした‥‥\nあわてて\nどこへ行くつもりだ？	
16fdd34:12:4	ちょいと思い出してな\n出直してくるところさ	
16fdd34:12:5	なるほど‥\nそれでお目当ての物は\n見つかったのか	
16fdd34:12:6	へッ‥余裕かましやがって\nこんな仕事（ごと）わけねえんだよ	
16fdd34:12:7	フッ‥見栄をきりおって\n逃げられるつもりか	
16fdd34:12:8	なめんなッ！	
16fdd34:12:9	追えッ！	
16fdd34:22:0	魔法のピックちゃん\nオレ様のために\n扉を開いてちょうだいね	
16fdd34:22:1	なんじゃ\nこりゃあッ！！	
16fdd34:22:2	この中から\n本物を探せっていうのかよ	
16fe5a8:2:0	は　いいいえ	
16fe5a8:52:0	{c:0b}ＭＡＧＩＣ　ＬＯＣＫ\n{c:0f}この扉は　魔法で封印されている！	
16fe5a8:53:0	魔法の扉よ　開いてッ！\n	
16fe5a8:53:1	アンローーック！！	
16fe5a8:57:0	{c:0b}ＵＮＬＯＣＫ　ＭＡＧＩＣ\n{c:0f}魔法の封印を解いた！	
16fe5a8:100:0	オルティス宮に忍び込むカシム１\n開始しますか？	
16fe5a8:101:0	オルティス宮に忍び込むカシム２\n開始しますか？	
17913a4:11:0	{c:07}カシム\n{c:0f}	
17913a4:12:0	{c:07}ナーシャ\n{c:0f}	
17913a4:13:0	{c:07}オルガ\n{c:0f}	
17913a4:14:0	{c:07}ヴェストリル\n{c:0f}	
17913a4:15:0	{c:07}キュリエンテス\n{c:0f}	
17913a4:35:0	{c:0b}ＲＥＣＯＶＥＲＹ\n{c:0f}パーティー全員の体力が回復した！	
17913a4:21:0	めそめそすんじゃないよ\nぬらすなら‥あたしの\n股ぐらにしておくれ！	
17913a4:23:0	微力ながら\n最期まで\n戦わせていただこう	
17913a4:25:0	深刻な顔しちゃって！\n私がいれば\nへっちゃらよ！	
17913a4:27:0	ここまで来たんだ\n地獄の鬼でも魔王でも\n相手にしてやるぜ！	
17919e8:26:0	こ‥これは‥‥\n{14:0140000000}{05:05}どうしたことだ！？	
17919e8:32:0	やべえ‥‥ッ\n{14:0130000000}{05:07}天井が{05:06}崩れるぞ！！	
17919e8:33:0	み‥{14:0118000000}{05:05}みんな！\n{14:0120000000}{05:03}逃げるんだよッ！！	
17919e8:34:0	ダメぇーーーッ\n立つこともできない！！	
17919e8:35:0	な‥{14:0126000000}なんだ‥‥？	
17919e8:36:0	あ‥{14:0126000000}あれは‥‥？	
17919e8:37:0	‥‥ッ！！\n{14:0114000000}{05:05}キュリ{05:04}エンテス‥‥！？	
17919e8:38:0	まさか‥‥\n{14:0130000000}{05:06}キュ{05:04}リエンテス‥‥！！	
17919e8:39:0	ヴァユ{05:0f}の勇者{14:0110000000}{05:0e}ラザレスよ\n{14:0170000000}{05:0d}この時が来るのを\n{14:0110000000}お待ちしておりました	
17919e8:40:0	が彼のモノに	
17919e8:40:1	われ\n{14:0140000000}{05:12}この肉体を{05:14}失った時\n{14:0152000000}{05:14}貴方様は申{05:11}されました	
17919e8:41:0	らの生{05:13}命を{05:0d}もって\n{14:0140000000}{05:12}人の未来を‥{14:0138000000}{05:16}その可能性を\n{14:0110000000}{05:16}証明{05:14}して{05:10}見せようと‥‥	
17919e8:42:0	私は{14:0114000000}{05:11}貴方様との{05:15}約束に従い\n{14:0168000000}我が魂{14:0118000000}の分身を{14:0108000000}転生{14:0114000000}{05:12}させ\n{14:0148000000}{05:15}互いに求{14:0108000000}め‥	
17919e8:42:1	わせまし	
17919e8:43:0	そして‥{14:0158000000}{05:16}１７年前‥‥\n{14:0150000000}貴方様は‥{14:0120000000}神の肉体{05:12}を捨て\n{14:0148000000}{05:10}人として生きる道を選ん	
17919e8:44:0	そう‥{14:0148000000}{05:10}あの英断が\n{14:0160000000}千年の長きに{05:12}わたる{05:13}戦いに\n{14:0150000000}{05:17}決着を{05:0d}もたらしたのです	
17919e8:45:0	人は‥	
17919e8:45:1	その未来を‥‥\n{14:0160000000}この世を継ぐべき{14:0104000000}{05:10}資格を\n	
17919e8:45:2	勝ち取った{05:0b}のです！！	
1817a48:10:0	は　いいいえ	
1817a48:31:0	{c:07}マーシュ\n{c:0f}	
1817a48:112:0	{c:07}オリベラ\n{c:0f}	
1817a48:113:0	{c:07}リンダ\n{c:0f}	
1817a48:114:0	{c:07}ユキ\n{c:0f}	
1817a48:115:0	{c:07}グレゴリー爺さん\n{c:0f}	
1817a48:116:0	{c:07}マクガイア\n{c:0f}	
1817a48:117:0	{c:07}シスターマリア\n{c:0f}	
1817a48:118:0	{c:07}ナーシャ\n{c:0f}	
1817a48:119:0	{c:07}カシム\n{c:0f}	
1817a48:120:0	{c:07}オルガ\n{c:0f}	
1817c84:13:0	ここは{c:04}わーるどまっぷ{c:0f}よ	
1817c84:100:0	{c:08}ヤレムの町　　　　　　　　　　　{c:0f}	
1817c84:141:0	ヤレムの町　　　　　　　　　　　	
1817c84:142:0	{c:04}ヤレムの町　　　　　　　　　　　{c:0f}	
1817c84:143:0	{c:08}ユピトの村　　　　　　　　　　　{c:0f}	
1817c84:144:0	ユピトの村　　　　　　　　　　　	
1817c84:145:0	{c:04}ユピトの村　　　　　　　　　　　{c:0f}	
1817c84:146:0	{c:08}シレスト山麓　　　　　　　　　　{c:0f}	
1817c84:147:0	シレスト山麓　　　　　　　　　　	
1817c84:148:0	{c:04}シレスト山麓　　　　　　　　　　{c:0f}	
1817c84:149:0	{c:08}ウランタヤの森　　　　　　　　　{c:0f}	
1817c84:150:0	ウランタヤの森（北から）　　　　	
1817c84:151:0	ウランタヤの森（南から）　　　　	
1817c84:152:0	{c:04}ウランタヤの森　　　　　　　　　{c:0f}	
1817c84:153:0	{c:08}マロアの港町　　　　　　　　　　{c:0f}	
1817c84:154:0	マロアの港町（海路）　　　　　　	
1817c84:155:0	マロアの港町（陸路）　　　　　　	
1817c84:156:0	{c:04}マロアの港町　　　　　　　　　　{c:0f}	
1817c84:157:0	{c:08}海賊島　　　　　　　　　　　　　{c:0f}	
1817c84:158:0	海賊島　　　　　　　　　　　　　	
1817c84:159:0	{c:04}海賊島　　　　　　　　　　　　　{c:0f}	
1817c84:160:0	{c:08}王都ロスタール　　　　　　　　　{c:0f}	
1817c84:161:0	王都ロスタール（海路）　　　　　	
1817c84:162:0	王都ロスタール（陸路）　　　　　	
1817c84:163:0	{c:04}王都ロスタール　　　　　　　　　{c:0f}	
1817c84:164:0	{c:08}呪われし鉱山　　　　　　　　　　{c:0f}	
1817c84:165:0	呪われし鉱山　　　　　　　　　　	
1817c84:166:0	{c:04}呪われし鉱山　　　　　　　　　　{c:0f}	
1817c84:167:0	{c:08}ウリテクスの渓谷　　　　　　　　{c:0f}	
1817c84:168:0	ウリテクスの渓谷　　　　　　　　	
1817c84:169:0	{c:04}ウリテクスの渓谷　　　　　　　　{c:0f}	
1817c84:170:0	{c:08}ベゴリアンの島　　　　　　　　　{c:0f}	
1817c84:171:0	ベゴリアンの島　　　　　　　　　	
1817c84:172:0	{c:04}ベゴリアンの島　　　　　　　　　{c:0f}	
1817c84:173:0	{c:08}フィスロの漁村　　　　　　　　　{c:0f}	
1817c84:174:0	フィスロの漁村（海路）　　　　　	
1817c84:175:0	フィスロの漁村（陸路）　　　　　	
1817c84:176:0	{c:04}フィスロの漁村　　　　　　　　　{c:0f}	
1817c84:177:0	{c:08}コンロールの島　　　　　　　　　{c:0f}	
1817c84:178:0	コンロールの島　　　　　　　　　	
1817c84:179:0	{c:04}コンロールの島　　　　　　　　　{c:0f}	
1817c84:180:0	{c:08}ヨルグの森　　　　　　　　　　　{c:0f}	
1817c84:181:0	ヨルグの森　　　　　　　　　　　	
1817c84:182:0	{c:04}ヨルグの森　　　　　　　　　　　{c:0f}	
1817c84:183:0	{c:08}救世都市ユーソミル　　　　　　　{c:0f}	
1817c84:184:0	救世都市ユーソミル（海路）　　　	
1817c84:185:0	救世都市ユーソミル（陸路）　　　	
1817c84:186:0	{c:04}救世都市ユーソミル　　　　　　　{c:0f}	
1817c84:187:0	{c:08}フュラギルの島　　　　　　　　　{c:0f}	
1817c84:188:0	フュラギルの島　　　　　　　　　	
1817c84:189:0	{c:04}フュラギルの島　　　　　　　　　{c:0f}	
1817c84:190:0	{c:08}シャクハールの滝　　　　　　　　{c:0f}	
1817c84:191:0	シャクハールの滝　　　　　　　　	
1817c84:192:0	{c:04}シャクハールの滝　　　　　　　　{c:0f}	
1817c84:193:0	{c:08}オルティス宮　　　　　　　　　　{c:0f}	
1817c84:194:0	オルティス宮　　　　　　　　　　	
1817c84:195:0	{c:04}オルティス宮　　　　　　　　　　{c:0f}	
1818378:11:0	ふふん‥来たな\nヤレムの町へ戻りてぇんだな？	
1818378:12:0	良く来たのぉ\n元の場所へ戻りたいのじゃな？	
1818378:13:0	剣は男のロココだなぁ？	
1818378:13:1	元の場所に戻る　　　　　　　　　ＭＡＰ４６に跳ぶ　　　　　　　　	
1818378:14:0	いらっしゃい‥‥\n元の場所へ戻りたいのですね？	
1818378:17:0	なんか行けないみたいだぜぇー	
1818378:18:0	シレストから\n移動することは許可できません	
181875c:2:0	ふふん‥来たな\nどこへ行きてぇんだ？	
181875c:2:1	ヤレムの町　　　　　　　　　　　ユピトの村（ヤレムから）　　　　ユピトの村（シレストから）　　　シレスト山麓　　　　　　　　　　ウランタヤの森（シレストから）　ウランタヤの森（マロアから）　　	
181875c:12:0	良く来たのぉ\nさて、どこへ行くのだ？	
181875c:12:1	マロアの港町（陸から）　　　　　マロアの港町（海から）　　　　　海賊島　　　　　　　　　　　　　ロスタール（陸から）　　　　　　ロスタール（海から）　　　　　　呪われし鉱山　　　　　　　　　　	
181875c:13:0	どこに行きたいんだ？	
181875c:13:1	ウリテクスの峡谷　　　　　　　　ベゴリアンの島　　　　　　　　　フィスロの漁村（ヨルグの森から）フィスロの漁村（海から）　　　　コンロールの島　　　　　　　　　ヨルグの森　　　　　　　　　　　	
181875c:14:0	いらっしゃい‥‥\nどこへ行きたいのかしら？	
181875c:14:1	救世都市ユーソミル（陸から）　　救世都市ユーソミル（海から）　　フュラギルの島　　　　　　　　　シャクハールの滝　　　　　　　　オルティス宮　　　　　　　　　　　　　　　　　　　　　　　　　　	
1818c18:2:0	戦闘の準備はいいのかい？	
1819144:2:0	装備品を見るんだな？	
1819144:11:0	ＴＲＥＡＳＵＲＥＴＯＯＬ　　　　ＨＯＬＩＸ　　　ＷＥＡＰＯＮ　　ＡＲＭＯＲ　　　ＴＲＩＮＫＥＴ　ＳＣＲＯＬＬ　　	
1819144:12:0	次ページ\n前ページ\n	
1819144:13:0	次ページ\n前ページ\n	
1819144:14:0	次ページ\n前ページ\n	
1819144:15:0	次ページ\n前ページ\n{03:0038}{01:0738}　１０個\n{03:0039}{01:0739}　　　１０個\n{03:003a}{01:073a}　　　１０個\n{03:003b}{01:073b}　　　　１０個\n{03:003c}{01:073c}　　　１０個\n	
1819144:16:0	次ページ\n前ページ\n	
1819144:17:0	次ページ\n前ページ\n	
1819144:18:0	次ページ\n前ページ\n	
1819144:19:0	次ページ\n前ページ\n	
1819144:20:0	次ページ\n前ページ\n	
1819144:21:0	次ページ\n前ページ\n	
1819144:22:0	次ページ\n前ページ\n	
1819144:23:0	次ページ\n前ページ\n	
1819144:24:0	次ページ\n前ページ\n	
1819144:25:0	次ページ\n前ページ\n	
1819144:26:0	次ページ\n前ページ\n	
1819144:27:0	次ページ\n前ページ\n	
1819144:28:0	次ページ\n前ページ\n	
1819144:29:0	次ページ\n前ページ\n	
1819144:30:0	次ページ\n前ページ\n	
1819144:31:0	次ページ\n前ページ\n	
1819144:190:0	全員の体力回復	
1819c25:2:0	次ページ\n前ページ\n	
1819c25:13:0	次ページ\n前ページ\n	
1819c25:14:0	次ページ\n前ページ\n	
1819c25:15:0	次ページ\n前ページ\n	
1819c25:16:0	次ページ\n前ページ\n	
19ebf30:121:0	{c:0b}ＴＲＥＡＳＵＲＥ\n{01:070d}{03:000d}{c:0f}を手に入れた	
19ec934:34:0	{c:0b}ＴＲＥＡＳＵＲＥ\n{01:070d}{03:000d}{c:0f}を手に入れた	
19ec934:35:0	{c:0b}ＴＲＩＮＫＥＴ\n{01:0797}{03:0097}{c:0f}を手に入れた	
19ec934:53:0	{c:0b}ＴＲＥＡＳＵＲＥ\n{01:070d}{03:000d}{c:0f}を手に入れた	
19ed0b0:11:0	{c:0b}ＲＥＣＯＶＥＲＹ\n{c:0f}慈悲の許しが７つに戻った！	
19ed0b0:37:0	慈悲の許しを１失い残りは６になった！	
19ed0b0:38:0	慈悲の許しを１失い残りは５になった！	
19ed0b0:39:0	慈悲の許しを１失い残りは４になった！	
19ed0b0:40:0	慈悲の許しを１失い残りは３になった！	
19ed0b0:41:0	慈悲の許しを１失い残りは２になった！	
19ed0b0:42:0	慈悲の許しを１失い残りは１になった！	
19ed0b0:57:0	{c:0b}ＴＲＥＡＳＵＲＥ\n{01:070d}{03:000d}{c:0f}を手に入れた	
19ed0b0:70:0	{c:0b}ＴＲＩＮＫＥＴ\n{01:0791}{03:0091}{c:0f}を手に入れた！	
19ed0b0:71:0	{c:0b}ＨＯＬＩＸ\n{01:0751}{03:0051}{c:0f}を手に入れた！	
19ed0b0:78:0	{c:0b}ＴＲＩＮＫＥＴ\n{01:0792}{03:0092}{c:0f}を手に入れた！	
19ed0b0:79:0	{c:0b}ＨＯＬＩＸ\n{01:074d}{03:004d}{c:0f}を手に入れた！	
19ed0b0:76:0	{c:0b}ＴＯＯＬ\n{01:072a}{03:002a}{c:0f}を手に入れた！	
19ed0b0:77:0	{c:0b}ＴＯＯＬ\n{01:072c}{03:002c}{c:0f}を手に入れた！	
19ed7e8:25:0	{c:0b}ＴＲＥＡＳＵＲＥ\n{01:070d}{03:000d}{c:0f}を手に入れた	
19ed7e8:29:0	{c:04}汝‥滅びの運めに立ち向かいし者よ霊子の力に惑わされるなかれ\n俊にして敏をなし其を目指せ！	
19ed7e8:30:0	{c:04}汝‥滅びの運めに立ち向かいし者よ風の路を支配せよ！\n路を封じ其を目指すものなり	
19ed7e8:31:0	{c:04}汝‥滅びの運めに立ち向かいし者よ水をゆきて地にいたり空をわたる\nその身‥移して路を知るものなり	
19ed7e8:32:0	{c:04}汝‥滅びの運めに立ち向かいし者よ炎に隠されし{c:07}魔法の路{c:04}を探せ\n慈悲の許しは７つ‥許し失えば\nその身‥燃えつきて再びまみえん	
19ede68:2:0	ああ‥{14:0041000000}{05:07}どこにいるの？\n{14:0064000000}{05:06}あなたの	
19ede68:2:1	見えない	
19ede68:4:0	{c:07}聖なる光\n{c:0f}	
19edfbc:2:0	{c:0b}ＨＯＬＩＸ\n{01:073a}{03:003a}{c:0f}を手に入れた	
19edfbc:3:0	{c:0b}ＨＯＬＩＸ\n{01:073a}{03:003a}{c:0f}を手に入れた	
19edfbc:4:0	{c:0b}ＨＯＬＩＸ\n{01:073a}{03:003a}{c:0f}を手に入れた	
1a82dec:12:0	は　いいいえ	
1a831bc:2:0	{c:07}聖なる光\n{c:0f}	
1a831bc:11:0	{c:07}カシム\n{c:0f}	
1a831bc:12:0	{c:07}ナーシャ\n{c:0f}	
1a831bc:13:0	{c:07}オルガ\n{c:0f}	
1a831bc:14:0	{c:07}綺麗な女性\n{c:0f}	
1a831bc:15:0	{c:07}ヴェストリル\n{c:0f}	
1a831bc:16:0	{c:07}刀匠ヴァッカード\n{c:0f}	
1a831bc:17:0	{c:07}武器屋のあんちゃん\n{c:0f}	
1a831bc:18:0	{c:07}防具屋のねえちゃん\n{c:0f}	
1a831bc:19:0	{c:07}道具屋のにいちゃん\n{c:0f}	
1a831bc:20:0	{c:07}ロスタールの兵士\n{c:0f}	
1a831bc:30:0	　　碧落の都　ロスタール	
1a831bc:151:0	　強欲商人コンラットの屋敷	
1a831bc:33:0	　碧落の都　ラザレス亭	
1a831bc:35:0	　　ロスタールの装具店	
1a831bc:37:0	　　ロスタールの武器屋	
1a831bc:39:0	　　ロスタールの雑貨屋	
1a831bc:41:0	　　占い師エノーラの館	
1a831bc:42:0	　刀匠ヴァッカードの鍛冶場	
1a831bc:45:0	　とある美食家の女性の屋敷	
1a831bc:50:0	　　　ロスタール大聖堂	
1a83664:11:0	風のうわさで聞いた‥‥	
1a83664:11:1	レナ‥‥\n魔剣を持った少年と\nおまえが旅をしていたと	
1a83664:11:2	‥‥\nまさか‥こんな形で\n出会うことになろうとは	
1a83664:11:3	これも運命だというのか	
1a83664:11:4	オレは信じているぞ！\nおまえは\n必ず生きている！！	
1a83664:11:5	風ヴァユの力を顕現せし\n{01:0760}よ！	
1a83664:11:6	に\n選ばれし者‥‥\n勇者ラザレスよ！	
1a83664:11:7	我が娘レナを\n守り給え‥‥ッ！！	
1a83664:11:8	我が手にて\nよみがえれ！！\n{01:0760}！！	
1a83664:104:0	おい！　おまえ！\n	
1a83664:104:1	怪しい奴だな！	
1a83bec:11:0	　　碧落の都　ロスタール	
1a83bec:12:0	最近、夜中に\nドロボウが出没する\nとの通報があったのだ	
1a83bec:12:1	目撃した者の話では\nそのドロボウは\nなんでも金髪らしい	
1a83bec:12:2	お前ではないようだな\n行っていいぞ	
1a83bec:14:0	よお‥遅かったな	
1a83bec:14:1	魔法のピックは\nちゃんと\n持ってきたろうな	
1a83bec:14:2	おまえとは\nケリをつけなきゃ\nならねえ	
1a83bec:14:3	いまここで勝負だ！	
1a83bec:15:0	ところでおまえ‥\n盗賊のピック持ってるか？	
1a83bec:15:1	ん‥なんだ？\nおまえ盗賊のピックも\n持ってねえのか	
1a83bec:15:2	しょうがねえな‥\nオレが売ってやるよ\n１００ルクソルだぜ	
1a83bec:16:0	緊張感のねえ奴だな\nわかったよ\nじゃ５０ルクソルだ	
1a83bec:17:0	いい加減にしやがれ！	
1a83bec:18:0	おいおい\n金までねえのかよ	
1a83bec:19:0	わかったわかった\nやるよ	
1a83bec:19:1	‥ほら！	
1a83bec:19:2	{c:0b}ＴＲＥＡＳＵＲＥ\n{01:0707}{03:0007}{c:0f}を５個、もらった！	
1a83bec:20:0	ほらよッ！	
1a83bec:20:1	{c:0b}ＴＲＥＡＳＵＲＥ\n{01:0707}{03:0007}{c:0f}を５個、買った！	
1a83bec:22:0	この勝負\n勝った方がそのピックを\nもらうって事でいいな？	
1a83bec:22:1	ここに書かれた\n品物を全部見つけて\n戻ってきた方の勝ちだ	
1a83bec:30:0	高い安い	
1a83bec:33:0	まだ高い買った！	
1a83bec:50:0	{c:0b}盗品リスト\n{c:0f}金塊１バレスト　{0a:0033}／２個\nゴールドコイン　{0a:0034}／１個\nシルバーコイン　{0a:0035}／１個\nハイポーション　{0a:0036}／３個\n万能薬　　　　　{0a:0037}／１個	
1a83bec:60:0	０個	
1a83bec:61:0	１個	
1a83bec:62:0	２個	
1a83bec:63:0	３個	
1a83bec:80:0	{c:0b}カシムの手紙\n{c:0f}へへっ、確かに\n魔法のピックは頂いたぜ\n　　　　　　　　　　－カシム－	
1a83bec:83:0	なにやってんだ、こら！	
1a83bec:84:0	魔法のピックに\n手をだすんじゃねぇ！	
1a83bec:85:0	勝負しろ勝負！\nわかってんのかよ‥‥	
1a83bec:86:0	なにやってんだ、こら！	
1a83bec:116:0	夜間の出港は禁止されています	
1a83bec:119:0	夜間の外出は禁止されています	
1a83bec:122:0	夜間は城内へは入れません	
1a83bec:113:0	ここからは立入り禁止です	
1a84794:2:0	ふぅ‥\n（もうちょっとこう鼻が\nくっと）‥はぁ‥ぁ‥‥	
1a84794:2:1	どうして‥あたしって\nこんなにブスなのかしら	
1a84794:14:0	まさに‥王様の気分ッ！\nたまんねえぜッ！！	
1a84794:15:0	こ‥こんなところに\nオルトナッシュの\n聖書がッ！？	
1a84794:15:1	なんということだ‥‥	
1a84794:16:0	今夜あたり‥‥\n夜這いでもかけるかね	
1a84794:16:1	ひゃっひゃっひゃっ！	
1a84794:59:0	起きてるんだろ\nわかってんだよ\nこっちをお向きよ‥‥	
1a84794:59:1	強い男になりたいだろ‥‥\n今夜はあたしの秘奥義で\nたっぷりと‥‥	
1a84794:59:2	ヒヒヒ‥‥	
1a84794:31:0	ああ勇者様‥‥\nおしたい申し上げて\nおりました	
1a84794:31:1	ひゃひゃ‥‥	
1a84794:31:2	ああ‥喰った喰った	
1a84794:52:0	うげぇ～	
1a84794:52:1	うわあーーっ！！	
1a84794:53:0	か‥神よ‥‥	
1a84794:53:1	オルガに襲われて‥‥\n{14:0120000000}おるがぁーーーッ！！	
1a84794:54:0	うわっ！	
1a84794:54:1	あぁん	
1a84794:55:0	フフ‥今夜こそ‥‥\nかんねんしなッ！！	
1a84794:56:0	ちっ‥‥\n部屋まちがえちまったよ	
1a84794:56:1	まっ　アンタでもいいや	
1a84e54:12:0	‥‥誰かいるのか？	
1a84e54:13:0	レナッ！？	
1a84e54:13:1	‥おまえは必ず\n帰ってくる\nオレは信じていた	
1a84e54:13:2	お、おまえいったい‥‥	
1a84e54:13:3	‥‥‥‥‥‥‥‥‥	
1a84e54:13:4	そうかあの子が\n勇者ラザレス‥\nそしておまえの‥‥	
1a84e54:13:5	いや‥もはや何も言うまい\nすべてあの子に\nまかせておけばよいのだな	
1a85310:11:0	{c:0b}ＬＯＣＫＥＤ\n{c:0f}鍵が、かかっていて開かない！	
1a85310:17:0	{c:0b}ＦＡＩＬＥＤ\n{c:0f}解錠に失敗した！	
1a85310:18:0	{c:0b}ＢＲＯＫＥＮ\n{c:0f}{01:0707}{03:0007}が壊れた！	
1a85310:19:0	{c:0b}ＵＮＬＯＣＫ\n{c:0f}扉の錠を開いた！	
1a85310:20:0	{c:0b}ＭＡＧＩＣ　ＬＯＣＫ\n{c:0f}この扉は　魔法で封印されている！	
1a85310:23:0	{c:0b}ＵＮＬＯＣＫ　ＭＡＧＩＣ\n{c:0f}魔法の封印を解いた！	
1a85310:38:0	{c:04}胸のしめつけられるような\n思いがする‥‥\nなつかしい‥とても大切な何かに\nふれたような気がした‥‥	
1a8578c:2:0	{c:0b}オルトナッシュ聖書\n{c:0f}この世を破滅へ導く者を殺せ！\nそれが最愛の者であったとしても	
1a8578c:11:0	{c:0b}レナの日記１\n{c:0f}おじいさまの残された古い書物に\n記されていた{01:0760}‥‥こんなにも心ひかれるのは‥なぜ？	
1a8578c:12:0	{c:0b}レナの日記２\n{c:0f}父様の跡を継ぐことが\n私には許されないなんて‥‥\n女なんかに生まれなきゃ良かった	
1a8578c:17:0	{c:0b}滅びの獣ケォルトゥース\n{c:0f}勇者ラザレスに討たれし滅びの獣はその肉片を世界中に飛ばし\n悪しき波動で自然の理を狂わせた	
1a8578c:18:0	{c:0b}呪われし樹海ヨルグ\n{c:0f}滅びの獣の血を浴び\n美しき森は永遠の呪いにとらわれた	
1a8578c:19:0	{c:0b}ラザレスの墳墓\n{c:0f}ラザレスは滅びの獣を討った後\n力つき永き眠りについた\nいずこかにある墳墓の中で‥‥	
1a8578c:20:0	{c:0b}五元の「しるし」\n{c:0f}教会の聖なる五元の「しるし」は\n太古の魔術師長キュリエンテスが\nさだめたものとされている	
1a8578c:21:0	{c:0b}聖教の起源\n{c:0f}『聖教は　何かを後世に伝えるためキュリエンテスが興した‥‥』\nという説は異端の証明がなされた	
1a8578c:22:0	{c:0b}力強さの秘密\n{c:0f}本書の内容を十分に生かすならば\n『素早さの秘密』と\n『賢さの秘密』を読む事を薦める	
1a8578c:23:0	{c:0b}特殊なホリクス２\n{c:0f}世界中に散在している\n特殊なホリクスは全部で\n１２種類あると言われている	
1a8578c:24:0	{c:0b}最強の武器\n{c:0f}おそらく棍の中では\nセイクリッドが使用する\n{01:076e}{03:006e}こそが最強であろう‥	
1a8578c:25:0	{c:0b}ラザレスの聖像１\n{c:0f}滅びの獣の討伐後　その偉業を讃え古代イシュメリアの生存者達が\nつくった救世主ラザレスの彫像	
1a8578c:26:0	{c:0b}ラザレスの聖像２\n{c:0f}ラザレスの聖像は五元の神を象った全５体の聖像の一つで残りの４体は各神を祭った神殿に安置された	
1a8578c:28:0	{c:0b}ＲＥＡＤ　ＴＨＲＯＵＧＨ\n{c:0f}読むだけで強くなる本３部作読破	
1a8578c:29:0	{c:0b}賢さの秘密\n{c:0f}本書の内容を十分に生かすならば\n『力強さの秘密』と\n『素早さの秘密』を読む事を薦める	
1a8578c:30:0	{c:0b}世界の武器屋・防具屋\n{c:0f}店では取り扱うことのできない\n貴重な武器をコインと交換している\nコイン商がどこかの町にいるそうだ	
1a8578c:31:0	{c:0b}ＢＬＡＮＫ　ＰＡＰＥＲ\n{c:0f}何も書かれていない	
1a8578c:32:0	{c:0b}頭の良くなる薬\n{c:0f}	
1a8578c:32:1	６個　{03:0026}を１２個\n{03:0027}を６個　{03:0028}を６個\nを混ぜ合わせるとできあがる	
1a8578c:33:0	{c:0b}世界の一流武器図鑑\n{c:0f}剣の中には刀匠自らの名が\n付くほどの優れた物があるが\n中でも{01:075b}{03:005b}が有名である	
1a8578c:34:0	{c:0b}素早さの秘密\n{c:0f}本書の内容を十分に生かすならば\n『賢さの秘密』と\n『力強さの秘密』を読む事を薦める	
1a8578c:40:0	{c:07}『竜殺しも剣のひと振りから‥‥\n　まずはご覧になってください』\n{c:0f}　名剣ヴァッカードは売り切れ！\n{c:07}　　　　－ロスタールの武器屋－	
1a8578c:41:0	{c:07}『おすすめ品！\n　プレートスーツ大特価！！』\n{c:0f}　あの碧き騎士レナード御用達の店{c:07}　　　　－ロスタールの装具店－	
1a8578c:42:0	{c:07}『あなたの気に入った品を\n　いつもご提供いたします』\n{c:0f}　もっとも利用価値の高い店\n{c:07}　　　　－ロスタールの雑貨屋－	
1a8578c:43:0	{c:07}『落日のうれいも\n　心地よくお流しいただけます』\n{c:0f}　お泊まりはご予算にあわせて\n{c:07}　　　　－碧落の都ラザレス亭－	
1a8578c:100:0	ロスタールの都の\nお泊まりイベントを\n開始しますか？	
1a8578c:101:0	「ヴァッカードの修理」\n開始しますか？	
1a8578c:102:0	「夢枕にレナが現れる」\n開始しますか？	
1a8578c:103:0	「魔法のピックをめぐって争う」\n開始しますか？	
1a8578c:104:0	オルガが襲うイベントを\n開始しますか？	
1a8578c:105:0	オルガ若返りイベントを\n開始しますか？	
1a8578c:106:0	魔法のピック取得	
1a8578c:107:0	ピックとプロンズキー取得	
1a8578c:110:0	{c:0b}ＢＯＯＫ\n{c:0f}本を手にとって開いた	
1a860a8:61:0	{c:0b}ＴＲＥＡＳＵＲＥ\n{c:0f}{01:0716}{03:0016}を手に入れた！	
1a860a8:64:0	{c:0b}ＴＲＥＡＳＵＲＥ\n{c:0f}{01:0716}{03:0016}を手に入れた！	
1a860a8:67:0	{c:0b}ＴＲＥＡＳＵＲＥ\n{c:0f}{01:071b}{03:001b}を手に入れた！	
1a860a8:70:0	{c:0b}ＴＲＥＡＳＵＲＥ\n{c:0f}{01:071a}{03:001a}を手に入れた！	
1a860a8:73:0	{c:0b}ＴＯＯＬ\n{c:0f}{01:0724}{03:0024}を手に入れた！	
1a860a8:76:0	{c:0b}ＴＯＯＬ\n{c:0f}{01:0724}{03:0024}を手に入れた！	
1a860a8:79:0	{c:0b}ＴＯＯＬ\n{c:0f}{01:0724}{03:0024}を手に入れた！	
1a860a8:81:0	{c:0b}ＴＯＯＬ\n{01:0729}{03:0029}{c:0f}を手に入れた！	
1a864e4:112:0	{c:0b}ＬＯＣＫＥＤ\n{c:0f}強力な魔法の力で開かない！	
1b14860:10:0	たたた‥‥	
1b14860:10:1	‥‥{14:015f000000}{05:09}また\n{14:011a000000}{05:06}死にそこ{05:08}なっち{14:0105000000}{05:09}まった	
1b14860:10:2	神さんも{05:0c}無責任{05:09}だよ	
1b14860:10:3	こんな年寄りに\nまだ\n何かやれっ{14:0102000000}{05:07}てんだから‥‥	
1b14860:10:4	あ～あ‥‥\n{14:010a000000}{05:07}どっかにいい男は\n{05:06}いない{05:09}もんかねえ	
1b14860:20:0	うっ‥‥	
1b14860:20:1	‥‥{14:018c000000}{05:09}助かったのか	
1b14860:20:2	流れゆく川は{05:09}絶えずして\n{14:0128000000}もとにあらず	
1b14860:20:3	神は‥{14:0146000000}{05:08}その時代の終わりを\n{05:0a}人に託したと{05:08}いうのか？	
1b14b04:10:0	ん‥‥{14:0128000000}{05:0a}ううん‥‥ッ	
1b14b04:10:1	あッ‥‥{14:0123000000}{05:07}ティナ様！？	
1b14b04:10:2	良くやった{14:010a000000}{05:0c}の‥{14:0121000000}{05:0a}ナーシャ\n{14:0146000000}{05:0d}立派な{05:14}働き{05:0a}だったぞ	
1b14b04:10:3	立派な{05:10}‥‥？	
1b14b04:10:4	ティナ様‥‥ッ！！\n{14:013c000000}{05:08}あたし‥{14:0128000000}{05:08}立派な{14:0114000000}{05:07}魔法使いに\n{05:06}{14:010a000000}なれたんですか！？	
1b14b04:10:5	うむ‥{14:011e000000}{05:07}もちろんじゃ\n{14:0150000000}{05:09}おまえは{05:11}幸せ{05:08}をもたらす\n{14:0114000000}{05:0c}清き力{05:0a}を持っておる	
1b14b04:11:0	え‥‥{14:0146000000}{05:0a}カシム‥‥？	
1b14b04:11:1	‥‥ッ{05:00}！！{14:0114000000}{05:07}　いけない！	
1b14b04:12:0	あッ‥{14:011e000000}そうだ！\n{14:011e000000}{05:06}みんなは{05:00}！？	
1b14b04:13:0	ティナ様ッ{05:00}！！\n{14:0123000000}{05:0a}あたし‥{14:010a000000}{05:06}行かなきゃ！	
1b14b04:13:1	うむ‥{14:010a000000}うむ‥‥\n{14:0123000000}{05:08}それで良いのじゃ\n‥‥{14:0128000000}{05:0a}ナーシャ	
1b14b04:13:2	さあ‥‥\n{14:012e000000}{05:08}これに乗って行くがよい	
1b14b04:13:3	ありがとう‥{14:011e000000}{05:06}ティナ様ッ！	
1b14ec4:10:0	ひょぉおおおおおおッ！！	
1b14ec4:10:1	天国へ{05:08}行くってのは\n{14:0128000000}{05:07}こういうこと\n{05:06}だったんだなあ‥‥	
1b14ec4:10:2	って‥‥待て‥こらッ！！\n{14:011e000000}{05:05}じゃあ何か！？\n{14:0128000000}{05:05}オレ様は死んだ{05:07}ってのか？	
1b14ec4:11:0	バッカ{05:08}みたいっ	
1b14ec4:11:1	ナ‥{05:0c}ナーシャ！？\n{14:0123000000}{05:04}おまえも{05:05}死んだのか{05:00}ッ！？	
1b14ec4:11:2	あんたねえ‥‥\n{14:011b000000}{05:06}空の上から落ちてんのよ！\n{14:0114000000}{05:08}わっかん{05:06}ないの！？	
1b14ec4:11:3	へ？\n{14:0123000000}じゃあ‥\n{14:0114000000}{05:06}オレは生きてるのか！？	
1b14ec4:11:4	今はね\n{14:013c000000}でも‥{14:0107000000}{05:07}このまま落ちると\n{05:06}ほんとに死んじゃうわよ！	
1b14ec4:11:5	うわわわわ‥‥ッ\n何してんだよ！\n{14:0119000000}{05:07}助けてくれぇ～ッ！！	
1b14ec4:11:6	しょうがないわねえ	
1b14ec4:11:7	カァーーーーッ！！\nこれが全部\n{05:06}オレ様のもの{05:07}だったのによ	
1b14ec4:11:8	ほらッ\n{14:010a000000}{05:08}しっかり{05:07}‥つかまって！	
1b14ec4:12:0	カ・シ・ムッ	
1b14ec4:12:1	ナ‥{05:0c}ナーシャ！？\n{14:0123000000}{05:04}おまえも{05:05}死んだのか{05:00}ッ！？	
1b14ec4:12:2	フフ{05:0c}‥‥\n{05:08}そんなわけないでしょ！\n{14:011e000000}{05:07}空の上から{05:08}落ちてんのよ！	
1b14ec4:12:3	へ？\n{14:0123000000}じゃあ‥\n{14:0114000000}{05:06}オレは生きてるのか！？	
1b14ec4:12:4	も～ちろん！\n{14:0132000000}{05:06}でも‥{14:0119000000}{05:07}このまま落ちると\n{05:06}ほんとに死んじゃうよ‥‥	
1b14ec4:12:5	うわわわわ‥‥ッ\n何してんだよ！\n{14:0119000000}{05:07}助けてくれぇ～ッ！！	
1b14ec4:12:6	はあーーーい{05:00}ッ！！	
1b14ec4:12:7	カァーーーーッ！！\nこれが全部\n{05:06}オレ様のもの{05:07}だったのによ	
1b14ec4:12:8	しっかり‥{14:010a000000}{05:06}つかまっててネ\n{14:011e000000}{05:0b}そぅ～れ{05:00}ッ！！	
1b153a0:10:0	誰も‥{14:013c000000}{05:06}いないか‥‥	
1b153a0:10:1	‥‥{05:07}生きていれば\n{14:0128000000}{05:0a}皆‥{05:07}ここへ帰ってくると\n思ったのだが‥‥	
1b153a0:11:0	‥‥{05:06}マリア！？	
1b153a0:11:1	お帰りなさい‥‥	
1b153a0:11:2	すべて‥{14:013c000000}{05:0a}終わったよ\n{14:013c000000}何もかも‥‥	
1b153a0:11:3	いいえ‥‥\n	
1b153a0:11:4	たちには{14:0128000000}{05:0c}人を{05:13}導く{05:09}使命が\n{05:08}残されているわ	
1b153a0:11:5	‥‥{05:09}ああ‥{14:0128000000}{05:07}そうだな\n{14:0150000000}{05:08}君の言うとおりだ‥‥	
1b153a0:11:6	これからは\nふたりで\n{14:013c000000}{05:0f}人々に{05:0f}神の心{05:08}を伝えよう	
1b153a0:11:7	人が‥‥\n{14:0132000000}{05:09}人らしく生きられるように	
1b153a0:11:8	‥‥{05:08}はい	
1b153a0:13:0	お‥{14:010f000000}{05:06}いたいた‥‥	
1b153a0:21:0	みんな{05:06}生きてりゃ\n{05:05}ここに{05:08}戻っ{05:05}てくると\n{05:07}思っ{05:06}たんだけど‥‥	
1b153a0:21:1	待ち人{05:06}来たらずって\n{05:07}ところかねえ‥‥	
1b153a0:22:0	やいッ‥ババ{05:00}ア！！	
1b153a0:22:1	おや‥{14:011e000000}{05:09}誰かと{05:08}思えば‥‥\n{14:0114000000}{05:07}弟子の\n{05:06}マクガイア{05:05}じゃないか	
1b153a0:22:2	てめえッ\n{14:0128000000}{05:07}オレを\n{05:0a}ほっ{05:05}たらかし{05:06}やがって‥‥	
1b153a0:22:3	おかげで{05:06}‥出番が\n{05:07}なかったじゃねえ{05:00}か！！\n{14:013c000000}{05:08}どうしてくれ{05:00}る！？	
1b153a0:23:0	（いや‥{14:013c000000}{05:07}そういえば\n{05:06}ヤレムの{05:0a}教会の前で\n{05:07}一度だけ‥‥）	
1b153a0:23:1	‥‥って‥{14:0132000000}{05:07}そんな{05:06}ことは\nどうでもいい{05:00}ッ！！	
1b153a0:24:0	たった今ッ\n{05:06}ここでッ\n{05:0a}奥義を{05:09}授けて{05:06}もらおうか！	
1b153a0:24:1	あッ{05:0e}はははは{05:00}ッ！！！	
1b153a0:24:2	な‥{14:011e000000}{05:07}何がおかしい{05:00}ッ！？	
1b153a0:24:3	いや‥{05:07}いいんだよ\n{14:0132000000}{05:06}ちょいと{05:07}嬉しくてねえ	
1b153a0:24:4	はあ？\n{14:013c000000}{05:07}ついに{05:05}イカレちまったか？	
1b153a0:24:5	マクガイア{05:00}ッ！！！	
1b153a0:24:6	うわあッ{05:0c}！\n‥‥{14:0119000000}{05:1b}突然	
1b153a0:24:7	叫ぶかよ\n	
1b153a0:24:8	はぁ‥{05:06}おどろいた‥‥	
1b153a0:24:9	あんたが‥‥{14:0114000000}{05:0d}伝承{05:08}者だよ	
1b153a0:24:10	何を{05:0c}今さら‥‥{14:015a000000}{05:09}オレ以外に\n{05:06}くちゃくちゃ	
1b153a0:24:11	に弟子入り\n{05:07}しようなんて{05:09}奴がいるか？	
1b153a0:24:12	フフ‥‥{14:012d000000}{05:0e}さあて\n{14:012d000000}{05:09}そいつは{05:08}どうだか{05:0a}ねえ‥‥	
1b15acc:0:0	‥‥{05:07}きまった	
1b15acc:0:1	ヨッ‥	
1b15acc:0:2	たせたな	
1b15acc:11:0	カッコ{05:06}つけちゃって！\n{14:011e000000}{05:04}あたしが{05:05}いなかったら\n{14:010a000000}{05:06}死んでたくせに！	
1b15acc:11:1	君‥‥\n{14:0137000000}{05:06}ボクの嫁さんでもないのに\n{14:0119000000}{05:08}うるさいよ	
1b15acc:11:2	あれ～\n{14:0119000000}{05:06}もらってくれないの？	
1b15acc:11:3	な‥\n	
1b15acc:11:4	に！{05:16}？\n‥‥{05:0d}そう{05:08}くるか	
1b15acc:13:0	もうッ‥‥\n{14:010a000000}{05:05}飛び降りたりしちゃあ\n{05:07}危ないじゃな{05:00}い！！	
1b15acc:13:1	君‥‥\n{14:0137000000}{05:06}ボクの嫁さんでもないのに\n{14:0119000000}{05:08}うるさいよ	
1b15acc:13:2	わ‥わ‥‥{05:08}悪かったわね{05:0f}！\n‥‥{05:07}知らない{05:00}ッ！！	
1b15acc:19:0	へへ‥‥{14:0105000000}{05:07}お待たせッ！	
1b15acc:19:1	おや‥まあ‥‥\n{14:0146000000}{05:06}素敵なほうき{05:08}に乗っかって\n{14:011e000000}{05:0b}一人前の{05:09}魔法使い{05:08}だねえ	
1b15acc:19:2	ナーシャ殿‥‥\n{14:0137000000}{05:0a}願い{05:06}がかなったのですね\n{14:0137000000}おめでとう‥	
1b15acc:19:3	あたし‥‥\n{14:011e000000}みんなに感謝してる！\n{14:0128000000}ホントに‥{14:0114000000}ありがと{05:00}う！！	
1b15acc:31:0	きっと‥{14:0128000000}{05:08}いつの{05:0a}時代も\n{14:013c000000}人は‥{14:0132000000}{05:07}その{05:0a}未来を\n{05:08}信じるものなのでしょう	
1b15acc:31:1	でも‥{14:0128000000}{05:0a}忘れては{05:08}なりません\n{14:0178000000}{05:0a}運めは‥{14:0132000000}{05:08}与えられるで{05:0a}なく\n{14:013c000000}{05:08}切り開くもので{05:0a}あることを	
1b15acc:31:2	あなたの	
1b15acc:31:3	の内には\n{14:0132000000}{05:0f}世界の	
1b15acc:31:4	が‥{14:015a000000}{05:0c}神の	
1b15acc:31:5	宿っているのです	
1b950f4:34:0	　　　シレスト山麓	
1b950f4:71:0	うわー！\n誰か助けて～	
1b950f4:72:0	{c:07}マクガイア\n{c:0f}	
1b950f4:106:0	デーブくん\n	
1b950f4:114:0	太った男の子\n	
1b950f4:108:0	マッセくん\n	
1b950f4:115:0	悲鳴！？\n	
1b950f4:116:0	おそわれていた男の子\n	
1b950f4:110:0	トンちゃん\n	
1b950f4:117:0	のんきな男の子\n	
1b950f4:112:0	カアムちゃん\n	
1b950f4:118:0	かわいい女の子\n	
1b950f4:134:0	これって金じゃないッ！\nあたしがもぉーらった！	
1b950f4:134:1	{c:0b}ＴＲＥＡＳＵＲＥ\n{01:071b}{03:001b}{c:0f}を横取りされた	
1b950f4:134:2	勝手だなぁ～	
1b950f4:165:0	{c:0b}ＴＲＥＡＳＵＲＥ\n{01:071b}{03:001b}{c:0f}を手に入れた！	
1b950f4:146:0	って高い薬だよ\nこんな所に置いとくのは\nもったいないよ	
1b950f4:146:1	それどうするつもり～？\n領主の家の子どもなんだから\n盗んだりしないわよねぇ～	
1b950f4:146:2	‥‥さっき助けてくれたお礼さ！\n{name:0f00}に\nこれあげる	
1b950f4:146:3	{c:0b}ＴＯＯＬ\n{01:0724}{03:0024}{c:0f}を手に入れた！	
1b950f4:171:0	{c:0b}ＴＯＯＬ\n{01:0724}{03:0024}{c:0f}を手に入れた！	
1b950f4:157:0	おおッ！\nこれもって帰ったら\nお姉ちゃん喜ぶだろうな	
1b950f4:157:1	{c:0b}ＡＲＭＯＲ\n{01:077b}{03:007b}{c:0f}を先にとられた	
1b950f4:177:0	{c:0b}ＡＲＭＯＲ\n{01:077b}{03:007b}{c:0f}を手に入れた！	
1b95980:20:0	なんだ？\nおまえたちは	
1b95980:20:1	ぼくたち\n宝石を探しているんだけど	
1b95980:20:2	この辺りに洞窟ない？	
1b95980:20:3	洞窟ねえ‥	
1b95980:20:4	おぅ！\n（‥クマがいる）洞窟なら\n川の上流にあるぜッ！	
1b95980:20:5	川の上流ですね\nありがとうございます	
1b95980:20:6	‥今‥クマって‥？	
1b95980:20:7	ありがとう\nおじさん	
1b95980:20:8	ねぇ‥今‥クマって‥？	
1b95980:21:0	お‥おじさん	
1b95980:22:0	ここがシレスト山か‥‥	
1b95980:22:1	どこかに洞窟が\nあるはずなんだ\nみんなで探そう！	
1b95980:25:0	あッ！あれだ！！	
1b95980:25:1	よ～し\nみんなで手分けして探そう	
1b95980:27:0	なんだか気味が悪いよ	
1b95980:28:0	おじいちゃんに\nだまされたのかなあ‥	
1b95980:29:0	こっちでいいのかな？	
1b95980:30:0	もうやだ～\nどこにあるのか\n全然わかんないよ～	
1b95980:31:0	うわー！\n誰か助けて～	
1b95980:32:0	今マッセくんの悲鳴が\n聞こえなかったッ！？	
1b95980:33:0	うわぁッ！\nびっくりした～\nおどかさないでよ	
1b95980:34:0	もう私帰るッ！\n{name:0f00}\n出口どっちッ？	
1b95980:37:0	行っちゃった‥	
1b95980:37:1	‥ここから\n先に進めるみたい	
1b95980:37:2	さっきのクマが\nまた出てくるかもしれないから\nここからはみんなで行こう	
1b95980:46:0	わぁー！\n大きなとびらぁーッ！！	
1b95980:46:1	祭壇はきっと\nこの扉の向こうにあるんだ\n間違いないよ！	
1b95980:46:2	はぁ～この扉\nぜんぜん開かないよ	
1b95980:46:3	扉を開けるには\nこれが必要なんだ	
1b95980:46:4	この岩に彫られた\nサークルに\nこれをはめ込むんだ	
1b95980:46:5	そういうことは\n早く言ってよッ	
1b95980:46:6	よし行こうッ！	
1b95980:53:0	何でこんなとこに\nあるんだろう？	
1b95980:61:0	おじいちゃんが言ってた事\n本当だったんだ‥‥	
1b95980:62:0	すっげー	
1b95980:63:0	うわ～\nきれ～い	
1b95980:71:0	なんて書いてあるの？	
1b95980:71:1	{c:0f}『汝‥自らを律し\n　希望を求めるならば\n　我に誓いを立てよ	
1b95980:71:2	　神はその心に従い\n{c:08}　災い{c:0f}と{c:04}幸福{c:0f}をもたらさん』	
1b95980:71:3	‥災いだって\nやっぱり持って帰るのは\nマズイよ	
1b95980:71:4	せっかくここまできたのに	
1b95980:71:5	でもこういう事は\nちゃんと守らないと\nいけないよ	
1b95980:71:6	しょうがない\n{name:0f00}\nあきらめよう	
1b95980:71:7	これで‥ぜんぶっと	
1b95980:71:8	みてみて\nぜんぶ取ったよー	
1b95980:71:9	‥‥‥‥‥	
1b95980:71:10	‥‥‥‥‥	
1b95980:72:0	ねぇ！いま悲鳴が\n聞こえなかった？	
1b95980:72:1	‥‥？\n君はいったい‥‥	
1b95980:81:0	うわぁッ！\nびっくりした～\nおどかさないでよ	
1b95980:81:1	き‥君だれ？	
1b95980:82:0	あなたは‥だれ？	
1b95980:82:1	あなたも宝石を探してるの？	
1b95980:83:0	行っちゃった‥	
1b95980:83:1	あなた‥さっきの‥‥	
1b95980:83:2	ふ～ん、じゃあ\n{name:0f00}くんは\nこの辺りに住んでるんだ	
1b95980:83:3	私たちね\n宝石を探しているの\n‥知らない？	
1b95980:83:4	この洞窟の事詳しい？\nよかったら道案内してよ	
1b95980:86:0	デバッグ用フラグ操作	
1b95980:181:0	地下３階の祭壇前の\nイベントの設定	
1b95980:182:0	丘での\nホリクス分配イベントの\n設定を行う	
1b95980:183:0	丘から\nフィールド１に\nワープします	
1b96e5c:2:0	何ともなかったんだから\nそんなに怒らなくても\nいいじゃない	
1b96e5c:2:1	でも‥	
1b96e5c:2:2	あんまりしつこいと\nこの宝石あげないわよッ！	
1b96e5c:2:3	わ‥わかったよ	
1b96e5c:2:4	ねぇあの本に書かれていた\nもたらされる災いと幸福って\n何だろう？	
1b96e5c:2:5	そんな事わかる訳がないよ\n大人だってわかんないんだから	
1b96e5c:2:6	パパはいつも自分が町のみんなを\n幸せにしているんだって\n言ってるよ	
1b96e5c:2:7	うそだぁ～\nうちのママは幸せは自分で\n見つける物だって言ってたよ	
1b96e5c:2:8	ぼく‥大人になるまでに\n考えてみるよ	
1b96e5c:2:9	それじゃあマッセくんが\n領主になったら町のみんなは\nもっと幸せになれるね	
1b96e5c:2:10	ぼく領主になるよ\nパパもそうしろっていってるし	
1b96e5c:2:11	‥よ～しマッセくんが\nみんなを幸せにする領主なら\nおれは幸せを売る防具屋になるッ	
1b96e5c:2:12	なにそれ～	
1b96e5c:2:13	欲しい物がなんでも売ってる\n世界一の防具屋さ！	
1b96e5c:2:14	じゃあねぇ私は‥\n幸せなお嫁さんッ！！	
1b96e5c:2:15	え～ッ！だれの！？	
1b96e5c:2:16	フフ‥‥内緒ッ	
1b96e5c:2:17	ぼくは吟遊詩人にでもなって\n幸せを探して世界中を\n旅してみようかな	
1b96e5c:2:18	ええ～っ\nあの怪しい人～！？	
1b96e5c:2:19	ヘヘヘッ‥	
1b96e5c:2:20	{name:0f00}は\n何になるの？	
1b96e5c:2:21	ええっ！！\n泥棒になるの！？	
1b96e5c:2:22	うちの物は\nとらないでくれよ	
1b96e5c:11:0	わあー\nかっこいい！！	
1b96e5c:12:0	ええっ！！\n魔法使いになるの！？	
1b96e5c:12:1	ねぇ‥魔法使いって\n何する人なの？	
1b96e5c:14:0	ええっ！！\n剣士になるの	
1b96e5c:14:1	‥おれは防具屋さ	
1b96e5c:16:0	ええっ！！\n僧侶になるの	
1b96e5c:16:1	あの黒いお坊さん\nみたいになるんでしょ？	
1b96e5c:21:0	それじゃ\nみんながんばりましょう！	
1b96e5c:21:1	シナリオ終了\nフィールド０に戻ります	
1b96e5c:29:0	あッ！あれだ！！	
1b96e5c:29:1	よ～し\nみんなで手分けして探そう	
1b96e5c:40:0	ねぇ！みんな\nシレスト山の洞窟にあるっていう\n五つの宝石の話を知ってるかい？	
1b96e5c:40:1	ホウセキッ！？	
1b96e5c:40:2	うんッ！\nおじいちゃんの話だと\n祭壇に奉られているんだって	
1b96e5c:40:3	{name:0f00}\n取りに行かない？	
1b96e5c:40:4	　　みんなで行こう　　　　　　　　　カアムちゃんも行くの？　　　　　取ってきちゃおう　　　　　　　　ぼくも行くの？　　　　　　　　　今日はいい天気だなあ‥‥　　	
1b96e5c:42:0	‥そんな事\n決まってるじゃない！	
1b96e5c:42:1	それって持ってきたら\nいけないんじゃないのかな	
1b96e5c:42:2	だいじょうぶよッ\n行きたくないなら\nここにいなさいよ！	
1b96e5c:43:0	最初からイベントを\nやりなおします	
1c22bf4:5:0	{name:0f00}の活躍により\nヤレムの町の事件は解決した。{14:015a000000}{0a:0004}しかし、それは大いなる戦いの\n始まりにすぎなかった。{14:015a000000}{0a:0004}闇の宗教団オルトナッシュが、\n何を企むのか。{14:015a000000}{0a:0004}聖なるホリクスの導きが、\n指し示すものとは。{14:015a000000}{0a:0004}想像を絶する試練が、\n少年を待ち受けていた。	
1c22bf4:6:0	{name:0f00}は、\nヤレムの町を脱出した。{14:015a000000}{0a:0004}一路、目指すは王都ロスタール。{14:015a000000}{0a:0004}だが、行く手には、\n闇の宗教団オルトナッシュが、\n立ちはだかる。{14:015a000000}{0a:0004}果たして、大いなる試練に\n打ち勝つことはできるのか。{14:015a000000}{0a:0004}聖なるホリクスだけが、\n少年の未来を知っていた。	
1c22bf4:51:0	背にのしかかる過酷な運命。{14:015a000000}{0a:0004}{name:0f00}は、\nツヴァイフィストの伝承者を\nめぐる争いに巻き込まれていた。{14:015a000000}{0a:0004}連れ去られたマクガイアと\nマリアを助けるため、{14:015a000000}{0a:0004}そして、\n自らの宿命を解き明かすため、\n少年は旅立つ。{14:015a000000}{0a:0004}聖なるホリクスの導きのもと。	
1c22bf4:101:0	こうして、{name:0f00}は、\nヤレムの町をあとにした。{14:015a000000}{0a:0004}しかし、少年は知らない。{14:015a000000}{0a:0004}その直後に、オルトナッシュが、\nマリアを連れ去ったことを。{14:015a000000}{0a:0004}王都ロスタールを目指す少年に\n闇の宗教団オルトナッシュの\n陰謀をあばくことはできるのか。{14:015a000000}{0a:0004}聖なるホリクスの輝きよ。\n彼のゆく道を照らしだし給え。	
1cdc314:101:0	{c:07}カシム\n{c:0f}	
1cdc314:102:0	{c:07}ナーシャ\n{c:0f}	
1cdc314:103:0	{c:07}オルガ\n{c:0f}	
1cdc314:104:0	{c:07}ヴェストリル\n{c:0f}	
1cdc314:105:0	{c:07}聖なる小竜ウリテクス\n{c:0f}	
1cdc524:20:0	Ｐｒｉを１４５にしました	
1cdc524:21:0	Ｐｒｉを１５５にしました	
1cdc524:30:0	一体何の属性ですか？（笑）	
1cdc524:34:0	僧侶の時はイベントはありません	
1cdc524:35:0	一体何の属性ですか？（笑）	
1cdc524:39:0	僧侶の時はイベントはありません	
1cdc524:41:0	‥‥またかよ\nおどかしやがって	
1cdc524:43:0	もうやだ～	
1cdc524:44:0	ネズミが出てきて\n{14:0164000000}困ってマウス	
1cdc524:45:0	一体何の属性ですか？（笑）	
1cdc524:49:0	僧侶の時はイベントはありません	
1cdc524:50:0	一体何の属性ですか？（笑）	
1cdc524:54:0	僧侶の時はイベントはありません	
1cdc524:55:0	一体何の属性ですか？（笑）	
1cdca2c:10:0	一体何の属性ですか？（笑）	
1cdca2c:101:0	ふわぁ～	
1cdca2c:101:1	やっぱ年かねえ\n体にこたえるよ	
1cdca2c:101:2	ふぅ～	
1cdca2c:101:3	とはいえ‥‥\nあたしが\nがんばんなきゃねえ	
1cdca2c:101:4	まだまだ若い者に\n負けられるかってんだよ	
1cdca2c:101:5	ババア！\n寝てんじゃねぇーーッ！！	
1cdca2c:102:0	オルガ！\n{14:0128000000}{05:0b}おー	
1cdca2c:102:1	きー	
1cdca2c:102:2	なー	
1cdca2c:102:3	さー	
1cdca2c:102:4	いー	
1cdca2c:102:5	ッ！	
1cdcdbc:10:0	一体何の属性ですか？（笑）	
1cdcdbc:108:0	ネズミに向かって\n{14:016e000000}こラット言う	
1cdcdbc:108:1	フフフ‥‥	
1cdd020:2:0	一体何の属性ですか？（笑）	
1cdd020:100:0	‥‥‥ファウ\n聖像ハジュンチョウニ\n集マッテイルミタイダネ	
1cdd020:100:1	‥ソンナ顔スルナヨ\nボクマデ\nツラクナルジャナイカ	
1cdd020:100:2	コレカラ先ノコトハ\n君自身デ決メルンダ\nボクハ君ニスベテ任セル	
1cdd020:100:3	タダ‥‥\n御主人様ノコトダケガ\n気ガカリナンダ	
1cdd020:100:4	君ノチカラデ\n救ッテアゲテ欲シイ	
1cdd020:100:5	今御主人様ヲ救エルノハ\n君シカイナインダヨ\nファウ！	
1cdd020:100:6	ボクハ君ヲ信ジテル‥‥	
1cdd020:100:7	アイツヲ\n倒シテクレタコト\n‥‥‥嬉シカッタヨ	
1cdd3ec:30:0	一体何の属性ですか？（笑）	
1cdd3ec:100:0	ヘヘヘヘ‥‥\nあたしの魔法\n見せたげるね	
1cdd3ec:100:1	な‥なにい！？\nこ‥今度は\nなに燃やすつもり‥‥	
1cdd3ec:110:0	まさか‥‥	
1cdd3ec:101:0	な‥なんだって？	
1cdd3ec:118:0	まさか‥‥	
1cdd3ec:102:0	だいじょぶ‥だいじょぶ！	
1cdd3ec:102:1	お　おい\nちょっと待てッ！	
1cdd3ec:103:0	ち‥ちょっとお待ちッ！！	
1cdd3ec:103:1	なんと　\n{14:0132000000}{05:08}これから{14:010c000000}マストが燃え\n{05:0e}‥‥‥{05:06}ますと	
1cdd3ec:104:0	エ～イッ！	
1cdd7c8:100:0	はぁ‥‥\nこの間はひどい目に\nあっちまったねぇ‥‥	
1cdd7c8:100:1	でも‥‥\nカシムもほんとは‥‥\nあたしが好きなんだよね	
1cdd7c8:100:2	若い頃なら\n恥ずかしげもなく‥‥	
1cdd7c8:100:3	だめだよ‥そんなとこ‥‥\nこっちだろ‥‥	
1cdd7c8:100:4	‥‥ふっふっふっ\nふざけんなぁーーーッ！！	
1cdd7c8:101:0	でも‥‥\nナーシャもほんとは‥‥\nあたしが好きなんだよね	
1cdd7c8:101:1	あたしが男なら\n恥ずかしげもなく‥‥	
1cdd7c8:101:2	だめだよ‥そんなとこ‥‥\nこっちだろ‥‥	
1cdd7c8:101:3	オルガの\nエッチィィーーーッ！！	
1d64038:101:0	{c:07}カシム\n{c:0f}	
1d64038:102:0	{c:07}ナーシャ\n{c:0f}	
1d64038:103:0	{c:07}オルガ\n{c:0f}	
1d64038:104:0	{c:07}ヴェストリル\n{c:0f}	
1d64038:105:0	{c:07}マリア\n{c:0f}	
1d64038:106:0	{c:07}オルティスト\n{c:0f}	
1d6421c:51:0	ヴェストリル‥‥！？	
1d6421c:51:1	もう‥だいじょうぶだ	
1d6421c:51:2	行け‥マリアを頼んだぞ‥	
1d6421c:51:3	‥‥くっ‥だめかッ	
1d6421c:51:4	逃がさんぞ	
1d6421c:52:0	さぁ‥早くッ！	
1d6421c:52:1	行かせません	
1d6421c:52:2	私なら心配ありません！\n私は神と共にあります\nさあ‥行きなさいッ！	
1d6421c:52:3	様‥\n私は死んでもかまいません\nあの子をお守りください	
1e01240:3:0	おっ‥泉じゃねえか\nのどかわいてたんだ\nラッキーッ！	
1e01240:3:1	し‥しまった‥‥\nブロンズキーが‥‥	
1e01240:3:2	私は‥この泉の精‥‥	
1e01240:3:3	あなたが落したのは\n	
1e01240:3:4	この{14:0112000000}金のカギですか？\n	
1e01240:3:5	それとも{14:0112000000}銀のカギですか？	
1e01240:3:6	まあ‥あなたは正直ですね\nではこれを差し上げましょう\n	
1e01240:3:7	あっ‥おいっ！！\nこんなもん\nなんの役に立つんだよ	
1e01240:3:8	{c:0b}ＨＩＴ　ＰＯＩＮＴ\n{c:0f}全員のＨＰが１あがった！	
1e01240:15:0	‥‥だいじょうぶ？	
1e01240:16:0	‥‥ったく\nドジなラッツだねえ	
1e01240:17:0	どちらでもありません\n落したのは\nブロンズキーです	
1e01240:18:0	どっちでもないの\n落としたのは\nブロンズキーよ！	
1e01240:21:0	{c:07}泉の精\n{c:0f}	
1e0174c:2:0	ヘヘッ‥‥	
1e0174c:2:1	私は‥この泉の精‥‥	
1e0174c:2:2	あなたが落したのは\n	
1e0174c:2:3	この金のシャープエッジ？\n	
1e0174c:2:4	それともこの銀のですか？	
1e0174c:2:5	へっ‥どっちでもねえ！\nただの\nシャープエッジだっ！	
1e0174c:2:6	では‥お返しいたします\nこれからは\n気をつけてくださいね	
1e0174c:16:0	あっ‥何かくれよ！！\nおいっ！！\nおぉーーーーーーいッ！！	
1e0174c:10:0	もう‥‥\nシャープエッジなんて\n投げ込んじゃって‥‥	
1e0174c:11:0	シャープエッジなんて\n投げ込んで\n困った子だよ‥‥	
1e01acc:2:0	ねえねえ	
1e01acc:2:1	あたしの魔法‥‥\nみたいでしょ？\nみたいよね	
1e01acc:2:2	遠慮すること\nないじゃない\nみせてあげる	
1e01acc:14:0	あ？なんだよ	
1e01acc:16:0	お‥おまえ‥‥\nやめとけ　もういいよ	
1e01acc:17:0	ナ‥ナーシャ殿\nもうその辺で‥‥	
1e01acc:18:0	おい‥ナーシャ\nおいッ！	
1e01acc:24:0	あっ　ち‥ちょっと皆さん	
1e01acc:24:1	消火でも‥	
1e01acc:24:2	しま\n	
1e01acc:24:3	しょうか	
1e01acc:101:0	{c:07}カシム\n{c:0f}	
1e01acc:102:0	{c:07}ナーシャ\n{c:0f}	
1e01acc:103:0	{c:07}オルガ\n{c:0f}	
1e01acc:104:0	{c:07}ヴェストリル\n{c:0f}	
1e01fcc:5:0	あなたが落としたのは\n	
1e01fcc:5:1	この金のカシムですか？\n	
1e01fcc:5:2	それとも銀のカシムですか	
1e01fcc:6:0	な‥何やってんのよ！\nあ～あ‥‥	
1e01fcc:7:0	カ‥カシム殿っ！？	
1e01fcc:18:0	金のカシムです！	
1fbfe48:10:0	な‥なにぃッ！？	
1fbfe48:10:1	なになに‥どうしたの？	
1fbfe48:11:0	なんだい‥‥\nなんか起こったのかい？	
1fbfe48:16:0	ま‥なんだ‥‥\nオレ様にとってみりゃあ\nわけないことなのよ‥‥	
1fbfe48:16:1	ふう～ん	
1fbfe48:17:0	何がなんだか‥‥	
1fbfe48:19:0	ＴＲＩＮＫＥＴ\n{c:0f}{01:078e}{03:008e}を手に入れた	
1fbfe48:20:0	ＴＲＩＮＫＥＴ\n{c:0f}{01:078d}{03:008d}を手に入れた	
1fbfe48:21:0	ＴＲＩＮＫＥＴ\n{c:0f}{01:078c}{03:008c}を手に入れた	
1fbfe48:22:0	ＴＯＯＬ\n{c:0f}{01:072d}{03:002d}を手に入れた	
1fbfe48:23:0	ＴＯＯＬ\n{c:0f}{01:072c}{03:002c}を手に入れた	
1fbfe48:24:0	ＴＯＯＬ\n{c:0f}{01:072b}{03:002b}を手に入れた	
1fbfe48:25:0	ＴＯＯＬ\n{c:0f}{01:072a}{03:002a}を手に入れた	
1fbfe48:26:0	ＴＯＯＬ\n{c:0f}{01:0729}{03:0029}を手に入れた	
1fbfe48:27:0	ＴＯＯＬ\n{c:0f}{01:0724}{03:0024}を手に入れた	
1fc0364:14:0	おっ‥‥！？	
1fc0364:14:1	ＴＲＥＡＳＵＲＥ\n{c:0f}{01:0716}{03:0016}を手に入れた	
1fc0654:10:0	‥‥弱ったなぁ	
1fc0654:10:1	あんた剣士かい！？\nいや～良いところに\n来てくれた	
1fc0654:10:2	この先に化け物が出て\n森の向こうの港町に\n行けなくて困ってるんだ	
1fc0654:10:3	たのむッ！\nこれをやるから\n退治してきてくれよ	
1fc0654:10:4	ＴＯＯＬ\n{c:0f}{01:0723}{03:0023}を３つもらった	
1fc0654:11:0	頼んだよッ	
1fc0c80:0:0	ＤＩＡＲＹ\n{c:07}グレゴリーの日記{c:0f}を見つけた	
204ad9c:0:0	おい　ナーシャ\n魔法使いなんだろ？\nなんか使ってみろよ	
204ad9c:11:0	エヘヘ‥いいわよ\nバーニングなら\n得意だもん！！	
204ad9c:19:0	ナーシャ\n魔法使いなんだろ？\nなんか使ってみせとくれ	
204b030:0:0	ナーシャよお\nあれから\nちったあ上達したか？	
204b030:0:1	当たり前でしょ！\nもうヘマは\nしないんだからっ！	
204b030:19:0	ナーシャ‥‥\nあれから\nちょっとは上達したかい？	
204b030:19:1	当たり前でしょ！\nもうヘマは\nしないんだからっ！	
204b030:19:2	‥突然の\n{14:0150000000}魔法には{14:0150000000}気を付け{14:013c000000}まほう‥	
216c724:8:0	{c:07}カシム\n{c:0f}	
216c724:9:0	{c:07}マーシュ\n{c:0f}	
216c724:10:0	けっ！\nちょろい仕掛けだぜ	
216c724:10:1	こいつか‥‥	
216c724:10:2	へへっ	
216c724:10:3	よおっ！\nお目当ての	
216c724:10:4	物は\n見つかったのか	
216c724:10:5	‥‥いいや‥\n{14:0110000000}さっぱりだ	
216c724:10:6	そうか\nそいつは残念だな	
216c724:10:7	店の経営も苦しくてな\nこいつで\n勘弁しといてくれや	
216c724:10:8	いやだね	
216c724:10:9	王国一のロブアーティスト\nカシム様に\n失礼だと思わねえのか	
216c724:10:10	あんたの持っている\n大盗賊の証を\n差し出してもらおうか	
216c724:10:11	そんなものどうする\n親父に頭でも\nなでてもらうつもりか？	
216c724:10:12	‥‥ぐッ‥‥！	
216c724:10:13	ふむ‥いいだろう\nそんなに大盗賊の証が\n欲しけりゃくれてやる	
216c724:10:14	ただしッ\n真実のロウソクを\n持ってこれればの話だ	
216c724:10:15	ロウソクぅ？	
216c724:10:16	ふんッ\nそんなの事も知らねえのか\n王国一が聞いてあきれるぜ	
216c724:10:17	先頃‥大聖堂から盗まれた\n真実を\n照らし出すってえ代物だ	
216c724:10:18	そいつを盗ってこい\n大盗賊の証はくれてやる	
216c724:10:19	ヘッ！\nロウソクなんかぁ\nすぐに盗ってきてやるぜ	
216c724:11:0	よおっ！\nお目当ての物は\n見つかったのか	
216c724:11:1	ちぇっ‥‥\n盗んでやろうと\n思ってたのによ	
216c724:11:2	これで文句はねえだろう	
216c724:11:3	フンッ‥いいだろう‥‥\nお前を認めてやる	
216c724:11:4	ちょっと待ってな	
216c724:11:5	ほらよ\nこいつが大盗賊の証だ\n‥‥持ってけ	
216c724:11:6	イィーーーヤッホォォー！	
216c724:51:0	なになに‥\n大盗賊の心得‥だあ～？	
216c724:51:1	心得その１\n盗みは夜働くが良い	
216c724:51:2	心得その２\n人に姿を見られない‥‥？	
216c724:51:3	心得その３‥\n扉はピックで開く\n‥？‥‥？？	
216c724:51:4	こ‥心得その４\n引き際が肝心‥‥	
216c724:51:5	こ‥ころえ‥そのご\n盗んだ物を‥\n人に自慢するなあ‥だあ？	
216c724:51:6	‥う‥うう‥‥\nうううううぅぅぅ‥‥\n	
216c724:51:7	だああああぁぁぁぁッ！！	
216c724:51:8	あっはっはっはっはっ	
216c724:51:9	こんなこったろうと\n思ったぜ‥\n結構、苦労したのによ	
216c724:51:10	まあいっかあ‥\nオレ様が王国一なのは\nまちがいねえぜッ！	
23326d4:9:0	その後、{14:0123000000}{05:07}マーシュは、\n{05:09}宿屋を引き払い、\n{14:0128000000}{05:06}ロブアーティスト{05:04}として\n{05:05}カムバック{05:08}を果{05:09}たし{05:0a}た。{14:0148000000}{0a:0006}{05:08}“３人の女”と{14:0103000000}{05:0e}“金髪	
23326d4:9:1	伴っ{05:06}たマーシュ{05:08}一家{05:0a}は、\n{14:0134000000}義賊として{14:0130000000}十年以上にわたり\n{14:0123000000}世間を騒がせたという。	
23326d4:9:2	まだまだ‥{14:012c000000}若いもんに\n負けられるかってんだ！	
23326d4:9:3	えっらそうにし{05:03}ちゃっ{05:06}て！\n{14:013c000000}ぎっくり腰で\n{14:0114000000}{05:05}塀もろくに	
23326d4:9:4	れな{05:08}いく{05:09}せに	
23326d4:9:5	リンダ！\n{14:0128000000}{05:06}お頭に\n{14:0114000000}{05:06}なんて{05:07}口を{05:05}利くんだい！！	
23326d4:9:6	ねえねえ‥{14:0110000000}カシム？\n{14:0116000000}{05:05}何か見つかった？	
23326d4:9:7	ああ‥\n	
23326d4:9:8	マーシュの{05:08}足下に\n{14:0028000000}落とし穴‥‥	
23326d4:9:9	ん‥‥？	
23326d4:9:10	おわぁーーーーーーッ！！\n	
23326d4:9:11	‥‥り	
23326d4:11:0	{c:07}カシム\n{c:0f}	
23326d4:51:0	{c:07}ヴェストリル\n{c:0f}	
23326d4:52:0	{c:07}マーシュ\n{c:0f}	
23326d4:53:0	{c:07}オリベラ\n{c:0f}	
23326d4:54:0	{c:07}リンダ\n{c:0f}	
23326d4:55:0	{c:07}ユキ\n{c:0f}	
23326d4:56:0	{c:07}グレゴリー爺さん\n{c:0f}	
23326d4:57:0	{c:07}マクガイア\n{c:0f}	
23326d4:58:0	{c:07}マリア\n{c:0f}	
23326d4:100:0	グレゴリー{05:05}爺さんが、\n{14:011a000000}その後、{05:08}どう{05:09}なった{05:0a}のか。{14:005a000000}{0a:0006}{05:06}もしも‥{14:0126000000}{05:0c}老犬と共に\n{05:07}何処かをさまよう{05:09}老人の	
23326d4:100:1	を\n眼にする{05:0a}ことがあった{05:09}なら、\n{14:0114000000}思い出し{05:0a}てほ{05:0b}しい。{14:0056000000}{0a:0006}{05:06}あの元気な爺ちゃんは、\n{14:012c000000}{05:04}どこかでき{05:18}っと{14:0132000000}{05:06}新しい{05:0a}出会いを\n{14:0118000000}{05:09}探している{05:07}のだろ{05:09}うと‥‥。	
23326d4:100:2	さあて‥\n{14:0150000000}次なる舞台{05:10}はどこか{05:08}のぉ？	
23326d4:100:3	ゆくぞッ‥{14:013c000000}{05:01}チャーック！！	
2332d5c:2:0	何年かして、{14:0124000000}辺境の教会で\n{14:0117000000}{05:08}子供たちに{05:0a}剣を教える\n{14:0108000000}{05:0f}男の姿が{05:0c}あった。{14:0150000000}{0a:0106}{05:03}その{05:06}かたわらに{05:08}立つ\nひとりの{05:07}シスターは、\n{14:012e000000}{05:06}いつの日も、\n{14:011c000000}{05:0c}彼を{05:0d}優しく{05:09}{14:0108000000}見守って{05:06}いたと{05:07}いう。{14:0164000000}{0a:0106}{05:14}神の{05:0f}愛と{14:0109000000}{05:06}共に‥‥。	
2332d5c:2:1	ほらッ‥{14:0109000000}{05:05}しっかり{05:07}振れよ！\n{14:0138000000}{05:07}オレに{05:0a}鍛え{05:08}られれば\n{14:0106000000}{05:06}おまえ{05:07}達も{05:0c}勇者に{05:07}なれる！	
2332d5c:2:2	な‥{14:0129000000}{05:0c}なん{05:03}だ‥‥{05:08}その目{05:0f}は‥\n	
2332d5c:2:3	じて{05:05}ねえ{05:0d}な？	
2332d5c:2:4	マ、{14:0029000000}{05:06}マリア{05:02}ーーーッ！！\n{14:003c000000}{05:07}こいつらに\n{14:0005000000}{05:0c}説明{05:07}してや{05:05}って{05:07}くれよ！	
2332d5c:2:5	フフ‥‥	
2332d5c:2:6	信じて{05:08}さえいれば\n{14:0120000000}{05:0a}人は{05:08}何にでも{05:07}なることが\n{05:08}できる{05:09}のよ	
2332d5c:11:0	光を{05:0e}失った{05:0d}僧侶	
2332d5c:11:1	心優{05:07}しき{05:09}シスターは\n	
2332d5c:11:2	える{05:0c}人々	
2332d5c:11:3	導き{05:07}ながら、\n{14:000f000000}{05:0d}齢を{14:0008000000}{05:0b}重ねた。{14:0080000000}{0a:0106}{05:07}愛の在りようは、ひとつではない。\n{14:0050000000}{05:09}ただ、{14:0011000000}{05:08}そばにいるだけで良い‥‥\n{14:005e000000}{05:08}そういう{05:0c}思いが{14:0014000000}{05:08}きっと{05:09}あるはずだ。{14:018a000000}{0a:0106}{05:10}男と女は、\n{14:0020000000}{05:08}そんな{05:07}ふたりであったという。	
2332d5c:11:4	いつの世に{05:09}なっても\n{14:0135000000}{05:0d}神に{05:07}あたえられし{14:0105000000}{05:0e}清き{05:12}心が\n{14:0113000000}{05:0b}失われま{05:08}せんように‥‥	
